{
  "type": "FeatureCollection",
  "generator": "overpass-turbo",
  "copyright": "The data included in this document is from www.openstreetmap.org. The data is made available under ODbL.",
  "timestamp": "2026-08-08T11:55:48Z",
  "features": [
    {
      "type": "Feature",
      "properties": {
        "@id": "relation/8277460",
        "building": "yes",
        "building:levels": "5",
        "name": "Grand Millenium",
        "name:en": "Grand Millenium",
        "type": "multipolygon"
      },
      "geometry": {
        "type": "Polygon",
        "coordinates": [
          [
            [
              101.7119638,
              3.1488629
            ],
            [
              101.7118223,
              3.1488687
            ],
            [
              101.7117877,
              3.1483218
            ],
            [
              101.71186,
              3.1482435
            ],
            [
              101.7118676,
              3.1483769
            ],
            [
              101.7119961,
              3.1483594
            ],
            [
              101.7120363,
              3.1483086
            ],
            [
              101.7120584,
              3.1486202
            ],
            [
              101.7120111,
              3.1488108
            ],
            [
              101.7119636,
              3.1488139
            ],
            [
              101.7119638,
              3.1488629
            ]
          ],
          [
            [
              101.7120108,
              3.1485376
            ],
            [
              101.7120147,
              3.1485326
            ],
            [
              101.7120167,
              3.1485265
            ],
            [
              101.7120167,
              3.1485207
            ],
            [
              101.7120148,
              3.1485151
            ],
            [
              101.7120113,
              3.1485104
            ],
            [
              101.7120065,
              3.148507
            ],
            [
              101.7120009,
              3.1485052
            ],
            [
              101.7119951,
              3.1485053
            ],
            [
              101.7119895,
              3.1485071
            ],
            [
              101.7119844,
              3.148511
            ],
            [
              101.7119809,
              3.1485163
            ],
            [
              101.7119794,
              3.1485224
            ],
            [
              101.71198,
              3.1485288
            ],
            [
              101.7119827,
              3.1485345
            ],
            [
              101.7119872,
              3.1485391
            ],
            [
              101.711993,
              3.1485418
            ],
            [
              101.7119993,
              3.1485425
            ],
            [
              101.7120055,
              3.1485411
            ],
            [
              101.7120108,
              3.1485376
            ]
          ],
          [
            [
              101.7119253,
              3.1485137
            ],
            [
              101.7119225,
              3.1485053
            ],
            [
              101.7119178,
              3.1484997
            ],
            [
              101.7119124,
              3.1484964
            ],
            [
              101.7119025,
              3.1484938
            ],
            [
              101.7118927,
              3.148493
            ],
            [
              101.7118827,
              3.1484949
            ],
            [
              101.7118749,
              3.1484994
            ],
            [
              101.7118679,
              3.1485042
            ],
            [
              101.7118623,
              3.148512
            ],
            [
              101.7118585,
              3.1485184
            ],
            [
              101.7118556,
              3.1485273
            ],
            [
              101.7118553,
              3.1485348
            ],
            [
              101.7118561,
              3.1485429
            ],
            [
              101.7118579,
              3.1485502
            ],
            [
              101.7118608,
              3.1485573
            ],
            [
              101.7118661,
              3.1485684
            ],
            [
              101.7118728,
              3.1485781
            ],
            [
              101.7118847,
              3.148583
            ],
            [
              101.7118984,
              3.1485832
            ],
            [
              101.7119069,
              3.1485852
            ],
            [
              101.7119138,
              3.1485896
            ],
            [
              101.7119201,
              3.1485963
            ],
            [
              101.7119238,
              3.148605
            ],
            [
              101.711924,
              3.1486141
            ],
            [
              101.7119214,
              3.1486225
            ],
            [
              101.711916,
              3.1486299
            ],
            [
              101.7119083,
              3.1486351
            ],
            [
              101.7118804,
              3.1486429
            ],
            [
              101.7118728,
              3.1486491
            ],
            [
              101.7118683,
              3.1486557
            ],
            [
              101.7118657,
              3.1486624
            ],
            [
              101.7118647,
              3.1486698
            ],
            [
              101.7118657,
              3.1486786
            ],
            [
              101.7118682,
              3.1486869
            ],
            [
              101.7118729,
              3.1486934
            ],
            [
              101.7118804,
              3.1486988
            ],
            [
              101.7118885,
              3.1487035
            ],
            [
              101.7118975,
              3.1487062
            ],
            [
              101.7119077,
              3.1487055
            ],
            [
              101.7119159,
              3.1487022
            ],
            [
              101.711921,
              3.1486964
            ],
            [
              101.7119277,
              3.1486928
            ],
            [
              101.7119365,
              3.1486927
            ],
            [
              101.7119432,
              3.1486956
            ],
            [
              101.7119496,
              3.1487017
            ],
            [
              101.711955,
              3.1487104
            ],
            [
              101.711958,
              3.1487187
            ],
            [
              101.7119632,
              3.1487257
            ],
            [
              101.7119714,
              3.1487316
            ],
            [
              101.7119812,
              3.1487349
            ],
            [
              101.7119915,
              3.1487362
            ],
            [
              101.7120008,
              3.1487344
            ],
            [
              101.7120083,
              3.1487297
            ],
            [
              101.7120133,
              3.1487237
            ],
            [
              101.7120166,
              3.1487154
            ],
            [
              101.7120216,
              3.148694
            ],
            [
              101.7120074,
              3.1486834
            ],
            [
              101.7119759,
              3.1486657
            ],
            [
              101.71198,
              3.1486454
            ],
            [
              101.7119871,
              3.148639
            ],
            [
              101.712003,
              3.1486361
            ],
            [
              101.7120161,
              3.1486376
            ],
            [
              101.7120275,
              3.1486364
            ],
            [
              101.7120354,
              3.1486294
            ],
            [
              101.7120385,
              3.1486208
            ],
            [
              101.7120377,
              3.1486118
            ],
            [
              101.7120308,
              3.1486021
            ],
            [
              101.7120198,
              3.148599
            ],
            [
              101.7119847,
              3.1485988
            ],
            [
              101.7119685,
              3.148595
            ],
            [
              101.711972,
              3.1485297
            ],
            [
              101.7119189,
              3.1485473
            ],
            [
              101.7119253,
              3.1485137
            ]
          ]
        ]
      },
      "id": "relation/8277460"
    },
    {
      "type": "Feature",
      "properties": {
        "@id": "relation/8319700",
        "building": "roof",
        "layer": "1",
        "type": "multipolygon"
      },
      "geometry": {
        "type": "Polygon",
        "coordinates": [
          [
            [
              101.7132536,
              3.1460546
            ],
            [
              101.7135119,
              3.1457248
            ],
            [
              101.7135701,
              3.1457703
            ],
            [
              101.7135519,
              3.1457936
            ],
            [
              101.7136231,
              3.1458476
            ],
            [
              101.7136433,
              3.1458219
            ],
            [
              101.7137003,
              3.1458664
            ],
            [
              101.7134377,
              3.1462006
            ],
            [
              101.7133811,
              3.1461562
            ],
            [
              101.7134199,
              3.1461068
            ],
            [
              101.7133503,
              3.1460509
            ],
            [
              101.7133118,
              3.1461
            ],
            [
              101.7132536,
              3.1460546
            ]
          ],
          [
            [
              101.713521,
              3.1459775
            ],
            [
              101.7135778,
              3.1459052
            ],
            [
              101.7135075,
              3.14585
            ],
            [
              101.7134507,
              3.1459224
            ],
            [
              101.713521,
              3.1459775
            ]
          ]
        ]
      },
      "id": "relation/8319700"
    },
    {
      "type": "Feature",
      "properties": {
        "@id": "relation/8631750",
        "building": "yes",
        "building:levels": "24",
        "type": "multipolygon"
      },
      "geometry": {
        "type": "MultiPolygon",
        "coordinates": [
          [
            [
              [
                101.7120929,
                3.1477127
              ],
              [
                101.712123,
                3.1477344
              ],
              [
                101.7121069,
                3.1477566
              ],
              [
                101.7121287,
                3.1477724
              ],
              [
                101.7121125,
                3.1477948
              ],
              [
                101.712133,
                3.1478096
              ],
              [
                101.7121171,
                3.1478316
              ],
              [
                101.7121379,
                3.1478466
              ],
              [
                101.7121222,
                3.1478684
              ],
              [
                101.712142,
                3.1478827
              ],
              [
                101.7121268,
                3.1479037
              ],
              [
                101.7121466,
                3.147918
              ],
              [
                101.7121321,
                3.1479381
              ],
              [
                101.7121508,
                3.1479516
              ],
              [
                101.7121277,
                3.1479834
              ],
              [
                101.7120929,
                3.1477127
              ]
            ]
          ],
          [
            [
              [
                101.7121912,
                3.1480284
              ],
              [
                101.7122137,
                3.147999
              ],
              [
                101.7122356,
                3.1480157
              ],
              [
                101.7122519,
                3.1479943
              ],
              [
                101.7122739,
                3.1480111
              ],
              [
                101.7122893,
                3.147991
              ],
              [
                101.7123109,
                3.1480075
              ],
              [
                101.7123265,
                3.1479872
              ],
              [
                101.7123478,
                3.1480035
              ],
              [
                101.7123627,
                3.1479841
              ],
              [
                101.7123833,
                3.1479998
              ],
              [
                101.7123982,
                3.1479805
              ],
              [
                101.7124179,
                3.1479956
              ],
              [
                101.7124319,
                3.1479773
              ],
              [
                101.7124632,
                3.1480011
              ],
              [
                101.7121912,
                3.1480284
              ]
            ]
          ]
        ]
      },
      "id": "relation/8631750"
    },
    {
      "type": "Feature",
      "properties": {
        "@id": "way/24375094",
        "alt_name": "星光大道（单轨）",
        "alt_name:zh": "星光大道（单轨）",
        "alt_name:zh-Hans": "星光大道（单轨）",
        "alt_name:zh-Hant": "星光大道（單軌）",
        "building": "train_station",
        "full_name": "Bukit Bintang Monorail Station",
        "layer": "2",
        "monorail": "yes",
        "name": "MR6 Bukit Bintang",
        "name:en": "Bukit Bintang",
        "name:ms": "Bukit Bintang",
        "name:ta": "புகிட் பிண்டங்",
        "name:zh": "武吉免登（单轨）",
        "name:zh-Hans": "武吉免登（单轨）",
        "name:zh-Hant": "武吉免登（單軌）",
        "network": "KL Monorail",
        "operator": "Rapid KL",
        "public_transport": "station",
        "railway": "station",
        "ref": "MR6",
        "station": "monorail",
        "website": "https://mrt.com.my/kl_monorail/Bukit_Bintang.htm",
        "wikidata": "Q31756",
        "wikipedia": "en:Bukit Bintang Monorail station"
      },
      "geometry": {
        "type": "Polygon",
        "coordinates": [
          [
            [
              101.7115127,
              3.1457456
            ],
            [
              101.7115807,
              3.1457639
            ],
            [
              101.7116112,
              3.1457731
            ],
            [
              101.7116673,
              3.1457899
            ],
            [
              101.7116696,
              3.145873
            ],
            [
              101.7116294,
              3.1460135
            ],
            [
              101.7116602,
              3.1460214
            ],
            [
              101.7116799,
              3.1460278
            ],
            [
              101.7116772,
              3.1460374
            ],
            [
              101.711668,
              3.14607
            ],
            [
              101.7116472,
              3.146144
            ],
            [
              101.7116248,
              3.1462229
            ],
            [
              101.7116087,
              3.1462184
            ],
            [
              101.7115689,
              3.1462055
            ],
            [
              101.7115248,
              3.1463411
            ],
            [
              101.7114796,
              3.1464013
            ],
            [
              101.7114172,
              3.1463824
            ],
            [
              101.711394,
              3.1463753
            ],
            [
              101.711325,
              3.1463515
            ],
            [
              101.7113227,
              3.1462762
            ],
            [
              101.7113608,
              3.1461437
            ],
            [
              101.711317,
              3.1461311
            ],
            [
              101.7112835,
              3.1461206
            ],
            [
              101.7113465,
              3.1459201
            ],
            [
              101.7113737,
              3.1459286
            ],
            [
              101.7114201,
              3.1459438
            ],
            [
              101.7114593,
              3.145825
            ],
            [
              101.7115127,
              3.1457456
            ]
          ]
        ]
      },
      "id": "way/24375094"
    },
    {
      "type": "Feature",
      "properties": {
        "@id": "way/24375101",
        "air_conditioning": "no",
        "building": "train_station",
        "full_name": "Imbi Monorail Station",
        "layer": "3",
        "monorail": "yes",
        "name": "MR5 Imbi",
        "name:en": "Imbi",
        "name:ja": "インビ",
        "name:ms": "Imbi",
        "name:ta": "இம்பி",
        "name:zh": "燕美",
        "name:zh-Hans": "燕美",
        "name:zh-Hant": "燕美",
        "network": "KL Monorail",
        "operator": "Rapid KL",
        "public_transport": "station",
        "railway": "station",
        "ref": "MR5",
        "station": "monorail",
        "website": "https://mrt.com.my/kl_monorail/Imbi.htm",
        "wheelchair": "limited",
        "wikidata": "Q31321",
        "wikipedia": "en:Imbi Monorail station"
      },
      "geometry": {
        "type": "Polygon",
        "coordinates": [
          [
            [
              101.7092645,
              3.1426608
            ],
            [
              101.709316,
              3.1426611
            ],
            [
              101.7093733,
              3.1426684
            ],
            [
              101.7093934,
              3.1426715
            ],
            [
              101.7094296,
              3.1426772
            ],
            [
              101.7094866,
              3.142689
            ],
            [
              101.7095387,
              3.1427068
            ],
            [
              101.7095866,
              3.1427278
            ],
            [
              101.7095962,
              3.1427329
            ],
            [
              101.7096355,
              3.1427537
            ],
            [
              101.7096849,
              3.1427805
            ],
            [
              101.7096726,
              3.1428205
            ],
            [
              101.7096387,
              3.14293
            ],
            [
              101.7096345,
              3.1429445
            ],
            [
              101.7095688,
              3.1429397
            ],
            [
              101.7095404,
              3.1429365
            ],
            [
              101.7095111,
              3.1429332
            ],
            [
              101.7094555,
              3.1429227
            ],
            [
              101.7094009,
              3.1429069
            ],
            [
              101.7093507,
              3.142888
            ],
            [
              101.7093369,
              3.1428819
            ],
            [
              101.7093012,
              3.1428662
            ],
            [
              101.7092555,
              3.1428408
            ],
            [
              101.7092184,
              3.1428136
            ],
            [
              101.709203,
              3.1428012
            ],
            [
              101.709194,
              3.1427918
            ],
            [
              101.7091783,
              3.1427715
            ],
            [
              101.7091642,
              3.142746
            ],
            [
              101.7091603,
              3.1427313
            ],
            [
              101.7091604,
              3.1427132
            ],
            [
              101.7091674,
              3.1427013
            ],
            [
              101.7091774,
              3.1426896
            ],
            [
              101.7091968,
              3.1426769
            ],
            [
              101.7092027,
              3.142673
            ],
            [
              101.7092331,
              3.1426629
            ],
            [
              101.7092645,
              3.1426608
            ]
          ]
        ]
      },
      "id": "way/24375101"
    },
    {
      "type": "Feature",
      "properties": {
        "@id": "way/24582336",
        "addr:city": "Kuala Lumpur",
        "addr:housenumber": "22",
        "addr:postcode": "50200",
        "addr:street": "Jalan Tong Shin",
        "building": "retail"
      },
      "geometry": {
        "type": "Polygon",
        "coordinates": [
          [
            [
              101.7066541,
              3.144849
            ],
            [
              101.7065347,
              3.1446432
            ],
            [
              101.7066601,
              3.1445707
            ],
            [
              101.7067796,
              3.1447764
            ],
            [
              101.7066541,
              3.144849
            ]
          ]
        ]
      },
      "id": "way/24582336"
    },
    {
      "type": "Feature",
      "properties": {
        "@id": "way/24582347",
        "addr:housenumber": "2",
        "addr:street": "Tengkat Tong Shin",
        "building": "residential"
      },
      "geometry": {
        "type": "Polygon",
        "coordinates": [
          [
            [
              101.7066419,
              3.1456502
            ],
            [
              101.7067605,
              3.1454928
            ],
            [
              101.7068022,
              3.1455252
            ],
            [
              101.7066769,
              3.1456899
            ],
            [
              101.7066419,
              3.1456502
            ]
          ]
        ]
      },
      "id": "way/24582347"
    },
    {
      "type": "Feature",
      "properties": {
        "@id": "way/28271256",
        "addr:postcode": "55100",
        "addr:street": "Jalan Sultan Ismail",
        "building": "yes",
        "building:levels": "5",
        "contact:facebook": "100069069672860",
        "contact:instagram": "sungeiwangplaza",
        "email": "marcom@sungeiwang.com",
        "name": "Sungei Wang Plaza",
        "name:en": "Sungei Wang Plaza",
        "name:ja": "スンガイ ワン プラザ",
        "name:zh": "金河广场",
        "name:zh-Hans": "金河广场",
        "name:zh-Hant": "金河廣場",
        "opening_hours": "Mo-Su 10:00-22:00",
        "phone": "+60321486109",
        "shop": "mall",
        "website": "https://www.sungeiwang.com/",
        "wikidata": "Q3503888",
        "wikimedia_commons": "Category:Sungei Wang Plaza",
        "wikipedia": "en:Sungei Wang Plaza"
      },
      "geometry": {
        "type": "Polygon",
        "coordinates": [
          [
            [
              101.7112972,
              3.1455811
            ],
            [
              101.7110561,
              3.1453956
            ],
            [
              101.7105178,
              3.1449778
            ],
            [
              101.7103034,
              3.1448111
            ],
            [
              101.7101749,
              3.1447125
            ],
            [
              101.7103947,
              3.1444269
            ],
            [
              101.7108563,
              3.1438398
            ],
            [
              101.7114829,
              3.1443201
            ],
            [
              101.7115454,
              3.1443694
            ],
            [
              101.7116131,
              3.1444156
            ],
            [
              101.7117527,
              3.1445256
            ],
            [
              101.7117368,
              3.1445733
            ],
            [
              101.7116564,
              3.1448157
            ],
            [
              101.71162,
              3.1448931
            ],
            [
              101.7115181,
              3.1451847
            ],
            [
              101.7114367,
              3.145343
            ],
            [
              101.7114074,
              3.1454222
            ],
            [
              101.7113665,
              3.1455015
            ],
            [
              101.7113353,
              3.1455336
            ],
            [
              101.7113296,
              3.1455393
            ],
            [
              101.7112972,
              3.1455811
            ]
          ]
        ]
      },
      "id": "way/28271256"
    },
    {
      "type": "Feature",
      "properties": {
        "@id": "way/28271257",
        "amenity": "parking",
        "building": "yes",
        "parking": "multi-storey"
      },
      "geometry": {
        "type": "Polygon",
        "coordinates": [
          [
            [
              101.7103034,
              3.1448111
            ],
            [
              101.7101446,
              3.1450147
            ],
            [
              101.7100845,
              3.1450943
            ],
            [
              101.7100523,
              3.1450697
            ],
            [
              101.7099656,
              3.1450015
            ],
            [
              101.7101749,
              3.1447125
            ],
            [
              101.7103034,
              3.1448111
            ]
          ]
        ]
      },
      "id": "way/28271257"
    },
    {
      "type": "Feature",
      "properties": {
        "@id": "way/28271262",
        "addr:city": "Kuala Lumpur",
        "addr:housenumber": "183",
        "addr:postcode": "55100",
        "addr:street": "Jalan Bukit Bintang",
        "building": "hotel",
        "height": "122",
        "layer": "1",
        "wheelchair": "yes"
      },
      "geometry": {
        "type": "Polygon",
        "coordinates": [
          [
            [
              101.71357,
              3.1477817
            ],
            [
              101.7136771,
              3.1476555
            ],
            [
              101.7138467,
              3.1477982
            ],
            [
              101.7140134,
              3.1476018
            ],
            [
              101.7141342,
              3.1477041
            ],
            [
              101.7139387,
              3.1479343
            ],
            [
              101.7139302,
              3.147936
            ],
            [
              101.7139324,
              3.1479082
            ],
            [
              101.7139251,
              3.1478815
            ],
            [
              101.7139092,
              3.1478589
            ],
            [
              101.7138867,
              3.1478431
            ],
            [
              101.71386,
              3.1478358
            ],
            [
              101.7138351,
              3.1478373
            ],
            [
              101.7138118,
              3.1478464
            ],
            [
              101.7137924,
              3.1478622
            ],
            [
              101.7137788,
              3.1478833
            ],
            [
              101.7137724,
              3.1479077
            ],
            [
              101.7137738,
              3.1479328
            ],
            [
              101.7137831,
              3.1479564
            ],
            [
              101.7137534,
              3.1479361
            ],
            [
              101.71357,
              3.1477817
            ]
          ]
        ]
      },
      "id": "way/28271262"
    },
    {
      "type": "Feature",
      "properties": {
        "@id": "way/28271268",
        "building": "yes",
        "height": "93"
      },
      "geometry": {
        "type": "Polygon",
        "coordinates": [
          [
            [
              101.7098071,
              3.1434271
            ],
            [
              101.7097099,
              3.1433474
            ],
            [
              101.7097891,
              3.1432519
            ],
            [
              101.7098848,
              3.1433339
            ],
            [
              101.7098071,
              3.1434271
            ]
          ]
        ]
      },
      "id": "way/28271268"
    },
    {
      "type": "Feature",
      "properties": {
        "@id": "way/28271270",
        "addr:city": "Kuala Lumpur",
        "addr:housename": "Plaza Low Yat",
        "addr:housenumber": "7",
        "addr:postcode": "55100",
        "addr:street": "Jalan Bintang",
        "air_conditioning": "yes",
        "building": "retail",
        "building:levels": "6",
        "description": "Mall with all types of IT related shops",
        "facebook": "https://www.facebook.com/plazalowyat/",
        "name": "Plaza Low Yat",
        "name:ms": "Plaza Low Yat",
        "name:zh": "刘蝶广场",
        "name:zh-Hans": "刘蝶广场",
        "name:zh-Hant": "劉蝶廣場",
        "opening_hours": "10:00-22:00",
        "operator": "Low Yat Group",
        "phone": "+60 3 21483651",
        "second_hand": "yes",
        "shop": "mall",
        "start_date": "1999",
        "stroller": "no",
        "toilets": "yes",
        "website": "https://www.plazalowyat.com/",
        "wheelchair": "yes",
        "wikidata": "Q6692970",
        "wikimedia_commons": "Category:Plaza Low Yat",
        "wikipedia": "en:Plaza Low Yat"
      },
      "geometry": {
        "type": "Polygon",
        "coordinates": [
          [
            [
              101.7101471,
              3.1445238
            ],
            [
              101.7101031,
              3.1445451
            ],
            [
              101.7100579,
              3.1445582
            ],
            [
              101.7100116,
              3.1445565
            ],
            [
              101.7099635,
              3.1445413
            ],
            [
              101.7095484,
              3.1442159
            ],
            [
              101.7095022,
              3.1441789
            ],
            [
              101.7094892,
              3.1441676
            ],
            [
              101.7095095,
              3.1441414
            ],
            [
              101.709498,
              3.1441325
            ],
            [
              101.7094891,
              3.144122
            ],
            [
              101.7094819,
              3.14411
            ],
            [
              101.7094782,
              3.1440975
            ],
            [
              101.7094756,
              3.1440819
            ],
            [
              101.709476,
              3.1440662
            ],
            [
              101.7094795,
              3.1440515
            ],
            [
              101.7094861,
              3.1440382
            ],
            [
              101.7094681,
              3.1440219
            ],
            [
              101.7098845,
              3.1435039
            ],
            [
              101.7099071,
              3.1435398
            ],
            [
              101.7099638,
              3.1435341
            ],
            [
              101.7099777,
              3.1434941
            ],
            [
              101.7101476,
              3.1436238
            ],
            [
              101.7105219,
              3.1439097
            ],
            [
              101.7104999,
              3.1439369
            ],
            [
              101.7105101,
              3.1439428
            ],
            [
              101.7105175,
              3.1439508
            ],
            [
              101.7105253,
              3.1439618
            ],
            [
              101.7105309,
              3.1439763
            ],
            [
              101.7105325,
              3.1439922
            ],
            [
              101.7105307,
              3.1440085
            ],
            [
              101.7105276,
              3.144019
            ],
            [
              101.7105218,
              3.1440281
            ],
            [
              101.7105486,
              3.1440495
            ],
            [
              101.7102779,
              3.1443919
            ],
            [
              101.710255,
              3.1444242
            ],
            [
              101.7102335,
              3.1444082
            ],
            [
              101.7101471,
              3.1445238
            ]
          ]
        ]
      },
      "id": "way/28271270"
    },
    {
      "type": "Feature",
      "properties": {
        "@id": "way/28271274",
        "building": "office",
        "building:levels": "23"
      },
      "geometry": {
        "type": "Polygon",
        "coordinates": [
          [
            [
              101.7106743,
              3.1434797
            ],
            [
              101.7107819,
              3.1436082
            ],
            [
              101.7107197,
              3.1436488
            ],
            [
              101.7106447,
              3.1436824
            ],
            [
              101.7105692,
              3.1436894
            ],
            [
              101.7104927,
              3.143691
            ],
            [
              101.7104203,
              3.143673
            ],
            [
              101.7103508,
              3.1436418
            ],
            [
              101.7102966,
              3.143596
            ],
            [
              101.7102506,
              3.1435364
            ],
            [
              101.7103239,
              3.143484
            ],
            [
              101.7103981,
              3.1434309
            ],
            [
              101.7104495,
              3.1434879
            ],
            [
              101.7105209,
              3.1435156
            ],
            [
              101.7105982,
              3.1435135
            ],
            [
              101.7106743,
              3.1434797
            ]
          ]
        ]
      },
      "id": "way/28271274"
    },
    {
      "type": "Feature",
      "properties": {
        "@id": "way/28271276",
        "addr:city": "Kuala Lumpur",
        "addr:housenumber": "168",
        "addr:street": "Jalan Bukit Bintang",
        "building": "retail",
        "building:levels": "7",
        "height": "30",
        "internet_access": "wlan",
        "name": "Pavilion Kuala Lumpur",
        "name:en": "Pavilion Kuala Lumpur",
        "name:ja": "パビリオン モール",
        "name:ms": "Pavilion Kuala Lumpur",
        "name:zh": "柏威年广场",
        "name:zh-Hans": "柏威年广场",
        "name:zh-Hant": "柏威年廣場",
        "opening_hours": "Mo-Su 10:00-22:00",
        "shop": "mall",
        "website": "https://www.pavilion-kl.com/",
        "wheelchair": "yes",
        "wikidata": "Q7155871",
        "wikimedia_commons": "Category:Pavilion Kuala Lumpur",
        "wikipedia": "en:Pavilion Kuala Lumpur"
      },
      "geometry": {
        "type": "Polygon",
        "coordinates": [
          [
            [
              101.7124664,
              3.150005
            ],
            [
              101.7125237,
              3.1498225
            ],
            [
              101.7124295,
              3.149793
            ],
            [
              101.7123938,
              3.1497818
            ],
            [
              101.7122941,
              3.1497506
            ],
            [
              101.7119494,
              3.1496399
            ],
            [
              101.7120662,
              3.1492964
            ],
            [
              101.7120698,
              3.1492787
            ],
            [
              101.712224,
              3.1488394
            ],
            [
              101.7125647,
              3.1489565
            ],
            [
              101.7125914,
              3.1488786
            ],
            [
              101.7127369,
              3.1489278
            ],
            [
              101.7128622,
              3.1485503
            ],
            [
              101.7128818,
              3.1485585
            ],
            [
              101.7129057,
              3.1484695
            ],
            [
              101.7130246,
              3.1483887
            ],
            [
              101.7131265,
              3.14854
            ],
            [
              101.7131872,
              3.1484992
            ],
            [
              101.713252,
              3.1484556
            ],
            [
              101.7131501,
              3.1483044
            ],
            [
              101.7132882,
              3.148215
            ],
            [
              101.7133611,
              3.1483275
            ],
            [
              101.7134004,
              3.1483208
            ],
            [
              101.7133936,
              3.1482809
            ],
            [
              101.7143423,
              3.1483701
            ],
            [
              101.7143395,
              3.1484001
            ],
            [
              101.7143843,
              3.1484041
            ],
            [
              101.7143875,
              3.1483777
            ],
            [
              101.7144693,
              3.1483851
            ],
            [
              101.714467,
              3.1484032
            ],
            [
              101.7150341,
              3.1484757
            ],
            [
              101.715089,
              3.148692
            ],
            [
              101.7144998,
              3.1490873
            ],
            [
              101.7144698,
              3.1490416
            ],
            [
              101.714235,
              3.1491953
            ],
            [
              101.7140543,
              3.1489221
            ],
            [
              101.7137653,
              3.1491127
            ],
            [
              101.7138397,
              3.1492251
            ],
            [
              101.7137716,
              3.14927
            ],
            [
              101.7138762,
              3.1494282
            ],
            [
              101.7136722,
              3.1495558
            ],
            [
              101.7135093,
              3.1493088
            ],
            [
              101.7131881,
              3.14952
            ],
            [
              101.7132625,
              3.1496328
            ],
            [
              101.7133036,
              3.1496058
            ],
            [
              101.71338,
              3.1497216
            ],
            [
              101.7132485,
              3.1498026
            ],
            [
              101.7132265,
              3.1498161
            ],
            [
              101.713206,
              3.1498287
            ],
            [
              101.7131864,
              3.1498408
            ],
            [
              101.7130039,
              3.1495518
            ],
            [
              101.7126447,
              3.1494422
            ],
            [
              101.7125916,
              3.149603
            ],
            [
              101.7125315,
              3.1495871
            ],
            [
              101.7124695,
              3.1497797
            ],
            [
              101.7125757,
              3.1498115
            ],
            [
              101.7125083,
              3.1500181
            ],
            [
              101.7124664,
              3.150005
            ]
          ]
        ]
      },
      "id": "way/28271276"
    },
    {
      "type": "Feature",
      "properties": {
        "@id": "way/28271277",
        "addr:city": "Kuala Lumpur",
        "addr:housenumber": "55",
        "addr:postcode": "55100",
        "addr:street": "Jalan Bukit Bintang",
        "building": "commercial",
        "name": "Plaza YTL",
        "name:ms": "Plaza YTL",
        "name:zh": "杨忠礼广场",
        "name:zh-Hans": "杨忠礼广场",
        "name:zh-Hant": "楊忠禮廣場"
      },
      "geometry": {
        "type": "Polygon",
        "coordinates": [
          [
            [
              101.7091605,
              3.1448887
            ],
            [
              101.7090897,
              3.1448335
            ],
            [
              101.7092188,
              3.1446684
            ],
            [
              101.7093597,
              3.1447782
            ],
            [
              101.7092953,
              3.1448692
            ],
            [
              101.7092755,
              3.1448848
            ],
            [
              101.7092528,
              3.1448957
            ],
            [
              101.7092282,
              3.1449014
            ],
            [
              101.7092049,
              3.1449018
            ],
            [
              101.7091821,
              3.1448975
            ],
            [
              101.7091605,
              3.1448887
            ]
          ]
        ]
      },
      "id": "way/28271277"
    },
    {
      "type": "Feature",
      "properties": {
        "@id": "way/28271279",
        "addr:city": "Kuala Lumpur",
        "addr:housenumber": "35",
        "addr:postcode": "55100",
        "addr:street": "Jalan Bukit Bintang",
        "building": "yes",
        "height": "9.73",
        "name": "The Federal Kuala Lumpur",
        "star_rating": "4",
        "star_rating:source": "http://tourism.gov.my",
        "tourism": "hotel",
        "website": "https://www.fhihotels.com/index.php/federal-contact-us",
        "wikidata": "Q7733615",
        "wikimedia_commons": "Category:Federal Hotel, Kuala Lumpur",
        "wikipedia": "en:The Federal Kuala Lumpur"
      },
      "geometry": {
        "type": "Polygon",
        "coordinates": [
          [
            [
              101.7087591,
              3.1446771
            ],
            [
              101.7085418,
              3.1445087
            ],
            [
              101.7086055,
              3.1444267
            ],
            [
              101.7087393,
              3.1442546
            ],
            [
              101.7087543,
              3.1442353
            ],
            [
              101.7087761,
              3.1442072
            ],
            [
              101.7089565,
              3.1439751
            ],
            [
              101.7089948,
              3.1440048
            ],
            [
              101.709174,
              3.1441436
            ],
            [
              101.7091409,
              3.144186
            ],
            [
              101.709107,
              3.1442297
            ],
            [
              101.7089935,
              3.1443757
            ],
            [
              101.708971,
              3.1444045
            ],
            [
              101.7089566,
              3.144423
            ],
            [
              101.7088309,
              3.1445847
            ],
            [
              101.7088228,
              3.1445951
            ],
            [
              101.7087591,
              3.1446771
            ]
          ]
        ]
      },
      "id": "way/28271279"
    },
    {
      "type": "Feature",
      "properties": {
        "@id": "way/28271281",
        "building": "commercial",
        "height": "16",
        "name": "Plaza Berjaya",
        "name:ms": "Plaza Berjaya",
        "name:zh": "成功广场",
        "name:zh-Hans": "成功广场",
        "name:zh-Hant": "成功廣場"
      },
      "geometry": {
        "type": "Polygon",
        "coordinates": [
          [
            [
              101.7087325,
              3.1431135
            ],
            [
              101.7088389,
              3.1429401
            ],
            [
              101.7086369,
              3.1428166
            ],
            [
              101.7086402,
              3.1428112
            ],
            [
              101.7086768,
              3.1428336
            ],
            [
              101.7086842,
              3.1428215
            ],
            [
              101.7087486,
              3.142861
            ],
            [
              101.7087551,
              3.1428504
            ],
            [
              101.7088162,
              3.1428877
            ],
            [
              101.708824,
              3.1428748
            ],
            [
              101.7088933,
              3.1429172
            ],
            [
              101.7088995,
              3.1429071
            ],
            [
              101.7089583,
              3.1429431
            ],
            [
              101.7089664,
              3.1429299
            ],
            [
              101.7090192,
              3.1429622
            ],
            [
              101.7090279,
              3.1429676
            ],
            [
              101.7090321,
              3.1429607
            ],
            [
              101.7091906,
              3.1430577
            ],
            [
              101.7092306,
              3.1430821
            ],
            [
              101.7092391,
              3.1430681
            ],
            [
              101.7093124,
              3.1431129
            ],
            [
              101.7093286,
              3.1431228
            ],
            [
              101.7091851,
              3.1433568
            ],
            [
              101.7091702,
              3.1433811
            ],
            [
              101.7087325,
              3.1431135
            ]
          ]
        ]
      },
      "id": "way/28271281"
    },
    {
      "type": "Feature",
      "properties": {
        "@id": "way/28271282",
        "building": "commercial",
        "name": "Menara Hai-O",
        "name:en": "Hai-O Tower",
        "name:ms": "Menara Hai-O",
        "name:zh": "海鸥大厦",
        "name:zh-Hans": "海鸥大厦",
        "name:zh-Hant": "海鷗大廈",
        "old_name": "Kompleks Sun"
      },
      "geometry": {
        "type": "Polygon",
        "coordinates": [
          [
            [
              101.7080815,
              3.1433563
            ],
            [
              101.7082066,
              3.1431513
            ],
            [
              101.7082956,
              3.1430053
            ],
            [
              101.7089825,
              3.1434229
            ],
            [
              101.7090734,
              3.143478
            ],
            [
              101.7089593,
              3.1436651
            ],
            [
              101.7083812,
              3.1433137
            ],
            [
              101.7082813,
              3.1434776
            ],
            [
              101.7080815,
              3.1433563
            ]
          ]
        ]
      },
      "id": "way/28271282"
    },
    {
      "type": "Feature",
      "properties": {
        "@id": "way/28271284",
        "addr:housenumber": "170",
        "addr:street": "Jalan Pudu",
        "building": "commercial"
      },
      "geometry": {
        "type": "Polygon",
        "coordinates": [
          [
            [
              101.7074676,
              3.1435228
            ],
            [
              101.707497,
              3.1434751
            ],
            [
              101.7077448,
              3.1436274
            ],
            [
              101.7077154,
              3.1436751
            ],
            [
              101.7074676,
              3.1435228
            ]
          ]
        ]
      },
      "id": "way/28271284"
    },
    {
      "type": "Feature",
      "properties": {
        "@id": "way/28271287",
        "addr:housenumber": "168",
        "addr:street": "Jalan Pudu",
        "building": "yes"
      },
      "geometry": {
        "type": "Polygon",
        "coordinates": [
          [
            [
              101.7074676,
              3.1435228
            ],
            [
              101.7077154,
              3.1436751
            ],
            [
              101.7076712,
              3.1437526
            ],
            [
              101.7074681,
              3.1436252
            ],
            [
              101.7074514,
              3.1435576
            ],
            [
              101.7074676,
              3.1435228
            ]
          ]
        ]
      },
      "id": "way/28271287"
    },
    {
      "type": "Feature",
      "properties": {
        "@id": "way/28271289",
        "addr:city": "Kuala Lumpur",
        "addr:housenumber": "21",
        "addr:postcode": "55100",
        "addr:street": "Jalan Bukit Bintang",
        "brand": "Hotel Royal Signature",
        "building": "hotel",
        "height": "93",
        "name": "Hotel Royal Signature",
        "name:en": "Hotel Royal Signature",
        "name:ms": "Hotel Royal Signature",
        "star_rating": "4",
        "star_rating:source": "http://tourism.gov.my",
        "tourism": "hotel"
      },
      "geometry": {
        "type": "Polygon",
        "coordinates": [
          [
            [
              101.7080974,
              3.1441611
            ],
            [
              101.7082694,
              3.1439408
            ],
            [
              101.7082956,
              3.1439071
            ],
            [
              101.7083102,
              3.1438884
            ],
            [
              101.7083324,
              3.1438601
            ],
            [
              101.7084962,
              3.1436502
            ],
            [
              101.7086699,
              3.1437854
            ],
            [
              101.7088005,
              3.1438871
            ],
            [
              101.708897,
              3.1439622
            ],
            [
              101.7087332,
              3.144172
            ],
            [
              101.7086792,
              3.14413
            ],
            [
              101.7086362,
              3.1440965
            ],
            [
              101.7086136,
              3.1441254
            ],
            [
              101.7085994,
              3.1441436
            ],
            [
              101.7085822,
              3.1441657
            ],
            [
              101.7084012,
              3.1443975
            ],
            [
              101.708371,
              3.144374
            ],
            [
              101.7080974,
              3.1441611
            ]
          ]
        ]
      },
      "id": "way/28271289"
    },
    {
      "type": "Feature",
      "properties": {
        "@id": "way/28271292",
        "addr:housenumber": "23",
        "addr:street": "Jalan Alor",
        "building": "commercial"
      },
      "geometry": {
        "type": "Polygon",
        "coordinates": [
          [
            [
              101.7084779,
              3.145103
            ],
            [
              101.7085231,
              3.1451383
            ],
            [
              101.7083876,
              3.1453115
            ],
            [
              101.7083429,
              3.1452763
            ],
            [
              101.7084779,
              3.145103
            ]
          ]
        ]
      },
      "id": "way/28271292"
    },
    {
      "type": "Feature",
      "properties": {
        "@id": "way/28271293",
        "addr:housenumber": "1",
        "addr:street": "Jalan Alor",
        "building": "commercial"
      },
      "geometry": {
        "type": "Polygon",
        "coordinates": [
          [
            [
              101.7079531,
              3.1446897
            ],
            [
              101.7079738,
              3.1447063
            ],
            [
              101.7078551,
              3.1448597
            ],
            [
              101.7078102,
              3.1448252
            ],
            [
              101.7079531,
              3.1446897
            ]
          ]
        ]
      },
      "id": "way/28271293"
    },
    {
      "type": "Feature",
      "properties": {
        "@id": "way/122300607",
        "building": "yes",
        "building:levels": "25",
        "layer": "1",
        "name": "Grand Millenium",
        "name:en": "Grand Millenium",
        "tourism": "hotel"
      },
      "geometry": {
        "type": "Polygon",
        "coordinates": [
          [
            [
              101.71248,
              3.1479995
            ],
            [
              101.7123452,
              3.1481809
            ],
            [
              101.712122,
              3.1482124
            ],
            [
              101.7120529,
              3.1482877
            ],
            [
              101.7119275,
              3.1483013
            ],
            [
              101.7119122,
              3.1481766
            ],
            [
              101.7119744,
              3.1480973
            ],
            [
              101.7119475,
              3.1478649
            ],
            [
              101.71209,
              3.1476905
            ],
            [
              101.7120929,
              3.1477127
            ],
            [
              101.7120998,
              3.1477663
            ],
            [
              101.7121272,
              3.1479784
            ],
            [
              101.71213,
              3.1480005
            ],
            [
              101.7121385,
              3.1480078
            ],
            [
              101.7121653,
              3.1480268
            ],
            [
              101.7121712,
              3.1480304
            ],
            [
              101.71248,
              3.1479995
            ]
          ]
        ]
      },
      "id": "way/122300607"
    },
    {
      "type": "Feature",
      "properties": {
        "@id": "way/157332958",
        "addr:city": "Kuala Lumpur",
        "addr:housenumber": "51-A",
        "addr:postcode": "50200",
        "addr:street": "Changkat Bukit Bintang",
        "building": "hotel"
      },
      "geometry": {
        "type": "Polygon",
        "coordinates": [
          [
            [
              101.7081698,
              3.1472925
            ],
            [
              101.7079791,
              3.1468894
            ],
            [
              101.7082374,
              3.1466793
            ],
            [
              101.7082644,
              3.1467175
            ],
            [
              101.708407,
              3.1468975
            ],
            [
              101.70848,
              3.1469936
            ],
            [
              101.7084949,
              3.1470112
            ],
            [
              101.7085042,
              3.1470299
            ],
            [
              101.7085199,
              3.1470619
            ],
            [
              101.7085196,
              3.1470763
            ],
            [
              101.7085186,
              3.147091
            ],
            [
              101.7085126,
              3.1471056
            ],
            [
              101.708507,
              3.1471195
            ],
            [
              101.7085031,
              3.147125
            ],
            [
              101.7084988,
              3.1471305
            ],
            [
              101.7084907,
              3.1471411
            ],
            [
              101.7084836,
              3.1471478
            ],
            [
              101.7084562,
              3.1471626
            ],
            [
              101.7084293,
              3.1471743
            ],
            [
              101.7082182,
              3.1472691
            ],
            [
              101.7081698,
              3.1472925
            ]
          ]
        ]
      },
      "id": "way/157332958"
    },
    {
      "type": "Feature",
      "properties": {
        "@id": "way/157333160",
        "building": "yes",
        "building:levels": "4"
      },
      "geometry": {
        "type": "Polygon",
        "coordinates": [
          [
            [
              101.7076742,
              3.1471108
            ],
            [
              101.7074601,
              3.1468717
            ],
            [
              101.7074576,
              3.1468563
            ],
            [
              101.7074628,
              3.1468419
            ],
            [
              101.707524,
              3.1467892
            ],
            [
              101.7075378,
              3.1467869
            ],
            [
              101.7075522,
              3.1467895
            ],
            [
              101.7077092,
              3.1469647
            ],
            [
              101.7077661,
              3.1469139
            ],
            [
              101.7076052,
              3.1467345
            ],
            [
              101.7076058,
              3.1467203
            ],
            [
              101.7076103,
              3.1467062
            ],
            [
              101.707668,
              3.14665
            ],
            [
              101.7076858,
              3.1466479
            ],
            [
              101.7077005,
              3.1466494
            ],
            [
              101.7079185,
              3.1468926
            ],
            [
              101.7079285,
              3.14694
            ],
            [
              101.7076742,
              3.1471108
            ]
          ]
        ]
      },
      "id": "way/157333160"
    },
    {
      "type": "Feature",
      "properties": {
        "@id": "way/190885797",
        "building": "yes",
        "building:levels": "5",
        "name": "Fahrenheit 88",
        "name:zh": "华氏88广场",
        "shop": "mall",
        "wikidata": "Q1081260",
        "wikimedia_commons": "Category:Fahrenheit88",
        "wikipedia": "en:Fahrenheit 88"
      },
      "geometry": {
        "type": "Polygon",
        "coordinates": [
          [
            [
              101.7125207,
              3.1474105
            ],
            [
              101.7126289,
              3.1472741
            ],
            [
              101.7125946,
              3.1472469
            ],
            [
              101.7125707,
              3.147277
            ],
            [
              101.7124842,
              3.1472148
            ],
            [
              101.7125294,
              3.1471574
            ],
            [
              101.7125859,
              3.1470857
            ],
            [
              101.7125018,
              3.1470197
            ],
            [
              101.7124905,
              3.1470095
            ],
            [
              101.7124857,
              3.147002
            ],
            [
              101.712484,
              3.1469954
            ],
            [
              101.7124856,
              3.1469879
            ],
            [
              101.7124881,
              3.1469813
            ],
            [
              101.7127554,
              3.1466427
            ],
            [
              101.7127641,
              3.1466373
            ],
            [
              101.7127763,
              3.1466353
            ],
            [
              101.712787,
              3.1466372
            ],
            [
              101.7127972,
              3.1466432
            ],
            [
              101.7128409,
              3.1466773
            ],
            [
              101.7128683,
              3.1466423
            ],
            [
              101.7128219,
              3.1466061
            ],
            [
              101.7128128,
              3.1465974
            ],
            [
              101.7128078,
              3.1465869
            ],
            [
              101.7128086,
              3.1465741
            ],
            [
              101.7128152,
              3.1465636
            ],
            [
              101.7129125,
              3.146438
            ],
            [
              101.7129377,
              3.146428
            ],
            [
              101.7129645,
              3.1464355
            ],
            [
              101.7129822,
              3.1464493
            ],
            [
              101.7133362,
              3.1467341
            ],
            [
              101.7133711,
              3.1467621
            ],
            [
              101.7133854,
              3.1467444
            ],
            [
              101.7134663,
              3.1468095
            ],
            [
              101.7134295,
              3.1468551
            ],
            [
              101.7130864,
              3.1472907
            ],
            [
              101.7131966,
              3.1473771
            ],
            [
              101.7131325,
              3.1474586
            ],
            [
              101.7129554,
              3.1476839
            ],
            [
              101.7129313,
              3.1477038
            ],
            [
              101.7128971,
              3.1477164
            ],
            [
              101.7128549,
              3.1477149
            ],
            [
              101.7128195,
              3.1477004
            ],
            [
              101.7123124,
              3.1473039
            ],
            [
              101.7122982,
              3.1472837
            ],
            [
              101.7122938,
              3.1472596
            ],
            [
              101.7122991,
              3.1472413
            ],
            [
              101.7125207,
              3.1474105
            ]
          ]
        ]
      },
      "id": "way/190885797"
    },
    {
      "type": "Feature",
      "properties": {
        "@id": "way/190885799",
        "addr:city": "Kuala Lumpur",
        "addr:housenumber": "181",
        "addr:postcode": "55100",
        "addr:street": "Jalan Bukit Bintang",
        "building": "yes",
        "building:levels": "5",
        "layer": "2",
        "name": "The Starhill",
        "name:en": "The Starhill",
        "name:zh": "升禧广场",
        "name:zh-Hans": "升禧广场",
        "name:zh-Hant": "升禧廣場",
        "old_name": "Starhill Gallery",
        "opening_hours": "Mo-Su 10:00-22:00",
        "shop": "mall",
        "wheelchair": "yes",
        "wikidata": "Q922702",
        "wikimedia_commons": "Category:Starhill Gallery",
        "wikipedia": "en:The Starhill"
      },
      "geometry": {
        "type": "Polygon",
        "coordinates": [
          [
            [
              101.7137596,
              3.1469683
            ],
            [
              101.7137956,
              3.1469976
            ],
            [
              101.7138188,
              3.1469763
            ],
            [
              101.7138528,
              3.1469651
            ],
            [
              101.713892,
              3.1469719
            ],
            [
              101.7139219,
              3.1469888
            ],
            [
              101.7139444,
              3.1469601
            ],
            [
              101.7139679,
              3.1469804
            ],
            [
              101.7142892,
              3.1472292
            ],
            [
              101.7141515,
              3.1478594
            ],
            [
              101.7140739,
              3.1479333
            ],
            [
              101.7140193,
              3.1479321
            ],
            [
              101.7139387,
              3.1479343
            ],
            [
              101.7141342,
              3.1477041
            ],
            [
              101.7140134,
              3.1476018
            ],
            [
              101.7138467,
              3.1477982
            ],
            [
              101.7136771,
              3.1476555
            ],
            [
              101.71357,
              3.1477817
            ],
            [
              101.7137534,
              3.1479361
            ],
            [
              101.7133467,
              3.1478993
            ],
            [
              101.7133037,
              3.1478957
            ],
            [
              101.7132754,
              3.1478864
            ],
            [
              101.7132506,
              3.1478648
            ],
            [
              101.7132309,
              3.1478285
            ],
            [
              101.7132184,
              3.1477868
            ],
            [
              101.7132,
              3.1477694
            ],
            [
              101.7131745,
              3.1477622
            ],
            [
              101.7131579,
              3.1477354
            ],
            [
              101.7131682,
              3.1477037
            ],
            [
              101.7132012,
              3.1476487
            ],
            [
              101.7132223,
              3.1476257
            ],
            [
              101.7137596,
              3.1469683
            ]
          ]
        ]
      },
      "id": "way/190885799"
    },
    {
      "type": "Feature",
      "properties": {
        "@id": "way/190885803",
        "addr:city": "Kuala Lumpur",
        "addr:country": "MY",
        "addr:housenumber": "50",
        "addr:postcode": "50200",
        "addr:street": "Jalan Sultan Ismail",
        "air_conditioning": "yes",
        "building": "retail",
        "building:levels": "8",
        "layer": "1",
        "name": "Lot 10",
        "name:en": "Lot 10",
        "name:ms": "Lot 10",
        "name:zh": "乐天广场",
        "name:zh-Hans": "乐天广场",
        "name:zh-Hant": "樂天廣場",
        "opening_hours": "Mo-Su 10:00-22:00",
        "operator": "YTL Land",
        "phone": "+60327823566",
        "shop": "mall",
        "start_date": "1990",
        "website": "https://lot10.com.my/",
        "wikidata": "Q535177",
        "wikimedia_commons": "Category:Lot 10",
        "wikipedia": "en:Lot 10"
      },
      "geometry": {
        "type": "Polygon",
        "coordinates": [
          [
            [
              101.711777,
              3.1459536
            ],
            [
              101.7118461,
              3.1458145
            ],
            [
              101.7118547,
              3.1458031
            ],
            [
              101.7118779,
              3.1457725
            ],
            [
              101.7119609,
              3.1458323
            ],
            [
              101.7120037,
              3.145782
            ],
            [
              101.7123821,
              3.1460898
            ],
            [
              101.7123138,
              3.1461728
            ],
            [
              101.7123642,
              3.1462114
            ],
            [
              101.7123281,
              3.1462421
            ],
            [
              101.7123034,
              3.1462825
            ],
            [
              101.7122926,
              3.1463287
            ],
            [
              101.7122969,
              3.146376
            ],
            [
              101.7118537,
              3.1469698
            ],
            [
              101.7118203,
              3.1469445
            ],
            [
              101.7117052,
              3.1468574
            ],
            [
              101.7116641,
              3.1468216
            ],
            [
              101.7116313,
              3.1467849
            ],
            [
              101.7116055,
              3.1467421
            ],
            [
              101.7115885,
              3.1466974
            ],
            [
              101.7115822,
              3.1466542
            ],
            [
              101.7115814,
              3.146612
            ],
            [
              101.7115878,
              3.1465653
            ],
            [
              101.7115983,
              3.1465239
            ],
            [
              101.7116017,
              3.1465136
            ],
            [
              101.7117179,
              3.1461654
            ],
            [
              101.7117311,
              3.1461258
            ],
            [
              101.7117341,
              3.1460892
            ],
            [
              101.7117422,
              3.1460599
            ],
            [
              101.711777,
              3.1459536
            ]
          ]
        ]
      },
      "id": "way/190885803"
    },
    {
      "type": "Feature",
      "properties": {
        "@id": "way/190885805",
        "building": "public",
        "building:levels": "17",
        "building:min_level": "15"
      },
      "geometry": {
        "type": "Polygon",
        "coordinates": [
          [
            [
              101.7068058,
              3.1422277
            ],
            [
              101.7073935,
              3.142652
            ],
            [
              101.7073543,
              3.1427062
            ],
            [
              101.7073281,
              3.1427423
            ],
            [
              101.7072889,
              3.1427964
            ],
            [
              101.7071236,
              3.1426772
            ],
            [
              101.7071282,
              3.1426709
            ],
            [
              101.7071759,
              3.1426049
            ],
            [
              101.7069188,
              3.1424193
            ],
            [
              101.7068817,
              3.1424694
            ],
            [
              101.7068763,
              3.1424775
            ],
            [
              101.7068709,
              3.1424856
            ],
            [
              101.7068665,
              3.1424916
            ],
            [
              101.7067011,
              3.1423723
            ],
            [
              101.7068058,
              3.1422277
            ]
          ]
        ]
      },
      "id": "way/190885805"
    },
    {
      "type": "Feature",
      "properties": {
        "@id": "way/237803483",
        "addr:city": "Kuala Lumpur",
        "addr:housenumber": "76-80",
        "addr:postcode": "50200",
        "addr:street": "Changkat Bukit Bintang",
        "building": "hotel"
      },
      "geometry": {
        "type": "Polygon",
        "coordinates": [
          [
            [
              101.7098646,
              3.1464165
            ],
            [
              101.7099693,
              3.1462883
            ],
            [
              101.7101703,
              3.1464519
            ],
            [
              101.7100656,
              3.1465801
            ],
            [
              101.7098767,
              3.1464263
            ],
            [
              101.7098646,
              3.1464165
            ]
          ]
        ]
      },
      "id": "way/237803483"
    },
    {
      "type": "Feature",
      "properties": {
        "@id": "way/250771752",
        "addr:housenumber": "110",
        "addr:street": "Jalan Bukit Bintang",
        "building": "commercial"
      },
      "geometry": {
        "type": "Polygon",
        "coordinates": [
          [
            [
              101.7105095,
              3.1466388
            ],
            [
              101.7106917,
              3.1464052
            ],
            [
              101.7107351,
              3.146439
            ],
            [
              101.7107237,
              3.1464991
            ],
            [
              101.7105723,
              3.14669
            ],
            [
              101.7105095,
              3.1466388
            ]
          ]
        ]
      },
      "id": "way/250771752"
    },
    {
      "type": "Feature",
      "properties": {
        "@id": "way/264565086",
        "addr:housenumber": "1",
        "addr:street": "Jalan Berangan",
        "building": "apartments",
        "name": "Fortune Court"
      },
      "geometry": {
        "type": "Polygon",
        "coordinates": [
          [
            [
              101.7075075,
              3.1480873
            ],
            [
              101.7075834,
              3.1482502
            ],
            [
              101.7074225,
              3.1483185
            ],
            [
              101.7074111,
              3.1483068
            ],
            [
              101.7073906,
              3.1483112
            ],
            [
              101.7073758,
              3.1483152
            ],
            [
              101.7073591,
              3.14829
            ],
            [
              101.707344,
              3.148294
            ],
            [
              101.7072635,
              3.1482101
            ],
            [
              101.7075075,
              3.1480873
            ]
          ]
        ]
      },
      "id": "way/264565086"
    },
    {
      "type": "Feature",
      "properties": {
        "@id": "way/264565087",
        "addr:city": "Kuala Lumpur",
        "addr:housenumber": "15",
        "addr:postcode": "50200",
        "addr:street": "Changkat Bukit Bintang",
        "building": "commercial"
      },
      "geometry": {
        "type": "Polygon",
        "coordinates": [
          [
            [
              101.7070279,
              3.1475257
            ],
            [
              101.7071452,
              3.1477553
            ],
            [
              101.707106,
              3.1477753
            ],
            [
              101.7069887,
              3.1475456
            ],
            [
              101.7070279,
              3.1475257
            ]
          ]
        ]
      },
      "id": "way/264565087"
    },
    {
      "type": "Feature",
      "properties": {
        "@id": "way/264565089",
        "addr:city": "Kuala Lumpur",
        "addr:housenumber": "1",
        "addr:postcode": "50200",
        "addr:street": "Lorong Ceylon",
        "building": "hotel",
        "building:levels": "26",
        "height": "85",
        "name": "RAMADA SUITE"
      },
      "geometry": {
        "type": "Polygon",
        "coordinates": [
          [
            [
              101.7076004,
              3.1484923
            ],
            [
              101.7075851,
              3.1484538
            ],
            [
              101.7079973,
              3.1482636
            ],
            [
              101.7080048,
              3.1482772
            ],
            [
              101.7080362,
              3.1482615
            ],
            [
              101.7081546,
              3.1484984
            ],
            [
              101.707771,
              3.1486585
            ],
            [
              101.7077399,
              3.1486033
            ],
            [
              101.7077194,
              3.1486131
            ],
            [
              101.7076924,
              3.1485774
            ],
            [
              101.7076764,
              3.1485832
            ],
            [
              101.7076243,
              3.1485367
            ],
            [
              101.7076004,
              3.1484923
            ]
          ]
        ]
      },
      "id": "way/264565089"
    },
    {
      "type": "Feature",
      "properties": {
        "@id": "way/280182952",
        "building": "commercial",
        "name": "Plaza Imbi",
        "name:ms": "Plaza Imbi",
        "name:zh": "燕美广场",
        "name:zh-Hans": "燕美广场",
        "name:zh-Hant": "燕美廣場"
      },
      "geometry": {
        "type": "Polygon",
        "coordinates": [
          [
            [
              101.7110635,
              3.1435249
            ],
            [
              101.7114941,
              3.1436165
            ],
            [
              101.7113401,
              3.1440924
            ],
            [
              101.7112165,
              3.1439954
            ],
            [
              101.7109506,
              3.1437808
            ],
            [
              101.7109375,
              3.1437185
            ],
            [
              101.7109969,
              3.1435615
            ],
            [
              101.7110078,
              3.1435494
            ],
            [
              101.7110635,
              3.1435249
            ]
          ]
        ]
      },
      "id": "way/280182952"
    },
    {
      "type": "Feature",
      "properties": {
        "@id": "way/280182956",
        "building": "commercial",
        "name": "Wisma SPS",
        "name:ms": "Wisma SPS"
      },
      "geometry": {
        "type": "Polygon",
        "coordinates": [
          [
            [
              101.7115807,
              3.1436346
            ],
            [
              101.7116928,
              3.1436701
            ],
            [
              101.7115117,
              3.1442256
            ],
            [
              101.7113401,
              3.1440924
            ],
            [
              101.7114941,
              3.1436165
            ],
            [
              101.7115807,
              3.1436346
            ]
          ]
        ]
      },
      "id": "way/280182956"
    },
    {
      "type": "Feature",
      "properties": {
        "@id": "way/288266247",
        "addr:city": "Kuala Lumpur",
        "addr:housenumber": "20-2",
        "addr:postcode": "50200",
        "addr:street": "Changkat Bukit Bintang",
        "building": "commercial"
      },
      "geometry": {
        "type": "Polygon",
        "coordinates": [
          [
            [
              101.7074638,
              3.1480687
            ],
            [
              101.7073672,
              3.1478686
            ],
            [
              101.7074169,
              3.1478448
            ],
            [
              101.7075134,
              3.1480448
            ],
            [
              101.7074638,
              3.1480687
            ]
          ]
        ]
      },
      "id": "way/288266247"
    },
    {
      "type": "Feature",
      "properties": {
        "@id": "way/288266248",
        "addr:city": "Kuala Lumpur",
        "addr:housenumber": "20",
        "addr:postcode": "50200",
        "addr:street": "Changkat Bukit Bintang",
        "building": "commercial"
      },
      "geometry": {
        "type": "Polygon",
        "coordinates": [
          [
            [
              101.7073628,
              3.1481173
            ],
            [
              101.7072662,
              3.1479173
            ],
            [
              101.7073178,
              3.1478924
            ],
            [
              101.7074144,
              3.1480925
            ],
            [
              101.7073628,
              3.1481173
            ]
          ]
        ]
      },
      "id": "way/288266248"
    },
    {
      "type": "Feature",
      "properties": {
        "@id": "way/288266249",
        "addr:city": "Kuala Lumpur",
        "addr:housenumber": "18-1",
        "addr:postcode": "50200",
        "addr:street": "Changkat Bukit Bintang",
        "building": "commercial"
      },
      "geometry": {
        "type": "Polygon",
        "coordinates": [
          [
            [
              101.7072188,
              3.1479401
            ],
            [
              101.7072662,
              3.1479173
            ],
            [
              101.7073628,
              3.1481173
            ],
            [
              101.7073153,
              3.1481401
            ],
            [
              101.7072188,
              3.1479401
            ]
          ]
        ]
      },
      "id": "way/288266249"
    },
    {
      "type": "Feature",
      "properties": {
        "@id": "way/288266250",
        "addr:city": "Kuala Lumpur",
        "addr:housenumber": "20-1",
        "addr:postcode": "50200",
        "addr:street": "Changkat Bukit Bintang",
        "building": "commercial"
      },
      "geometry": {
        "type": "Polygon",
        "coordinates": [
          [
            [
              101.7074144,
              3.1480925
            ],
            [
              101.7073178,
              3.1478924
            ],
            [
              101.7073672,
              3.1478686
            ],
            [
              101.7074638,
              3.1480687
            ],
            [
              101.7074144,
              3.1480925
            ]
          ]
        ]
      },
      "id": "way/288266250"
    },
    {
      "type": "Feature",
      "properties": {
        "@id": "way/288266251",
        "addr:city": "Kuala Lumpur",
        "addr:housenumber": "18",
        "addr:postcode": "50200",
        "addr:street": "Changkat Bukit Bintang",
        "building": "commercial"
      },
      "geometry": {
        "type": "Polygon",
        "coordinates": [
          [
            [
              101.7072672,
              3.1481633
            ],
            [
              101.7071707,
              3.1479633
            ],
            [
              101.7072188,
              3.1479401
            ],
            [
              101.7073153,
              3.1481401
            ],
            [
              101.7072672,
              3.1481633
            ]
          ]
        ]
      },
      "id": "way/288266251"
    },
    {
      "type": "Feature",
      "properties": {
        "@id": "way/288266252",
        "addr:city": "Kuala Lumpur",
        "addr:housenumber": "16",
        "addr:postcode": "50200",
        "addr:street": "Changkat Bukit Bintang",
        "building": "commercial"
      },
      "geometry": {
        "type": "Polygon",
        "coordinates": [
          [
            [
              101.7071707,
              3.1479633
            ],
            [
              101.7072672,
              3.1481633
            ],
            [
              101.707156,
              3.1482163
            ],
            [
              101.7071116,
              3.1481433
            ],
            [
              101.7070497,
              3.1481516
            ],
            [
              101.706988,
              3.1480491
            ],
            [
              101.7069827,
              3.1480217
            ],
            [
              101.7070071,
              3.1479909
            ],
            [
              101.707031,
              3.1480391
            ],
            [
              101.7070753,
              3.1480116
            ],
            [
              101.7071707,
              3.1479633
            ]
          ]
        ]
      },
      "id": "way/288266252"
    },
    {
      "type": "Feature",
      "properties": {
        "@id": "way/325494881",
        "addr:housenumber": "42-2",
        "addr:street": "Jalan Sultan Ismail",
        "building": "yes",
        "name": "Wisma Apple Security",
        "name:ms": "Wisma Apple Security",
        "source": "Bing"
      },
      "geometry": {
        "type": "Polygon",
        "coordinates": [
          [
            [
              101.7113782,
              3.1480173
            ],
            [
              101.7111679,
              3.1480268
            ],
            [
              101.7111563,
              3.1478239
            ],
            [
              101.7111664,
              3.1477975
            ],
            [
              101.7111846,
              3.1477834
            ],
            [
              101.7112115,
              3.1477758
            ],
            [
              101.7112384,
              3.1477845
            ],
            [
              101.7113712,
              3.1478948
            ],
            [
              101.7113782,
              3.1480173
            ]
          ]
        ]
      },
      "id": "way/325494881"
    },
    {
      "type": "Feature",
      "properties": {
        "@id": "way/325494882",
        "building": "roof",
        "layer": "1",
        "source": "Bing"
      },
      "geometry": {
        "type": "Polygon",
        "coordinates": [
          [
            [
              101.7121351,
              3.1428254
            ],
            [
              101.7122061,
              3.1428688
            ],
            [
              101.7122245,
              3.1428389
            ],
            [
              101.7122392,
              3.1428253
            ],
            [
              101.7123233,
              3.1428887
            ],
            [
              101.7123536,
              3.1429116
            ],
            [
              101.7122833,
              3.1429832
            ],
            [
              101.7121486,
              3.1429271
            ],
            [
              101.7121206,
              3.1429006
            ],
            [
              101.7121323,
              3.1428824
            ],
            [
              101.7121092,
              3.1428676
            ],
            [
              101.7121351,
              3.1428254
            ]
          ]
        ]
      },
      "id": "way/325494882"
    },
    {
      "type": "Feature",
      "properties": {
        "@id": "way/325494883",
        "building": "church"
      },
      "geometry": {
        "type": "Polygon",
        "coordinates": [
          [
            [
              101.7097914,
              3.1466276
            ],
            [
              101.7098138,
              3.1466038
            ],
            [
              101.7099017,
              3.1466269
            ],
            [
              101.7099065,
              3.1466087
            ],
            [
              101.7099555,
              3.1466204
            ],
            [
              101.7101704,
              3.1466828
            ],
            [
              101.7102149,
              3.1466964
            ],
            [
              101.7101514,
              3.1469061
            ],
            [
              101.710107,
              3.1468928
            ],
            [
              101.7100974,
              3.146923
            ],
            [
              101.7099527,
              3.1469316
            ],
            [
              101.7098486,
              3.1469347
            ],
            [
              101.7097847,
              3.1466897
            ],
            [
              101.7098004,
              3.1466874
            ],
            [
              101.7097914,
              3.1466276
            ]
          ]
        ]
      },
      "id": "way/325494883"
    },
    {
      "type": "Feature",
      "properties": {
        "@id": "way/365452250",
        "building": "yes"
      },
      "geometry": {
        "type": "Polygon",
        "coordinates": [
          [
            [
              101.7119909,
              3.1470437
            ],
            [
              101.7119948,
              3.1470384
            ],
            [
              101.712019,
              3.1470076
            ],
            [
              101.7120367,
              3.1470216
            ],
            [
              101.7120733,
              3.1469756
            ],
            [
              101.712089,
              3.146988
            ],
            [
              101.7121287,
              3.1469365
            ],
            [
              101.7121513,
              3.1469086
            ],
            [
              101.7121783,
              3.1468767
            ],
            [
              101.7122355,
              3.1468054
            ],
            [
              101.712261,
              3.1468256
            ],
            [
              101.712147,
              3.1470749
            ],
            [
              101.7121391,
              3.1470841
            ],
            [
              101.7121301,
              3.1470911
            ],
            [
              101.7121191,
              3.1470978
            ],
            [
              101.7121068,
              3.1471013
            ],
            [
              101.7120946,
              3.1471023
            ],
            [
              101.7120831,
              3.1471013
            ],
            [
              101.7120712,
              3.1470975
            ],
            [
              101.7120593,
              3.1470918
            ],
            [
              101.7120402,
              3.1470809
            ],
            [
              101.712023,
              3.1470691
            ],
            [
              101.7120064,
              3.1470564
            ],
            [
              101.7119909,
              3.1470437
            ]
          ]
        ]
      },
      "id": "way/365452250"
    },
    {
      "type": "Feature",
      "properties": {
        "@id": "way/365622154",
        "addr:housenumber": "2",
        "addr:street": "Lorong Sahabat",
        "building": "commercial"
      },
      "geometry": {
        "type": "Polygon",
        "coordinates": [
          [
            [
              101.7068145,
              3.1477669
            ],
            [
              101.7070185,
              3.1476644
            ],
            [
              101.7070445,
              3.1477161
            ],
            [
              101.7068405,
              3.1478186
            ],
            [
              101.7068145,
              3.1477669
            ]
          ]
        ]
      },
      "id": "way/365622154"
    },
    {
      "type": "Feature",
      "properties": {
        "@id": "way/365622155",
        "addr:housenumber": "25",
        "addr:street": "Changkat Bukit Bintang",
        "building": "commercial"
      },
      "geometry": {
        "type": "Polygon",
        "coordinates": [
          [
            [
              101.7074069,
              3.1476639
            ],
            [
              101.7072841,
              3.1474094
            ],
            [
              101.7073352,
              3.1473842
            ],
            [
              101.7074583,
              3.147639
            ],
            [
              101.7074069,
              3.1476639
            ]
          ]
        ]
      },
      "id": "way/365622155"
    },
    {
      "type": "Feature",
      "properties": {
        "@id": "way/365622156",
        "addr:housenumber": "22",
        "addr:street": "Changkat Bukit Bintang",
        "building": "commercial"
      },
      "geometry": {
        "type": "Polygon",
        "coordinates": [
          [
            [
              101.7075468,
              3.1480176
            ],
            [
              101.7074479,
              3.1478058
            ],
            [
              101.7074995,
              3.1477821
            ],
            [
              101.7075984,
              3.1479939
            ],
            [
              101.7075468,
              3.1480176
            ]
          ]
        ]
      },
      "id": "way/365622156"
    },
    {
      "type": "Feature",
      "properties": {
        "@id": "way/365622157",
        "addr:housenumber": "38",
        "addr:street": "Changkat Bukit Bintang",
        "building": "commercial"
      },
      "geometry": {
        "type": "Polygon",
        "coordinates": [
          [
            [
              101.7079979,
              3.1478079
            ],
            [
              101.7078994,
              3.1475899
            ],
            [
              101.7079512,
              3.1475666
            ],
            [
              101.7080497,
              3.1477846
            ],
            [
              101.7079979,
              3.1478079
            ]
          ]
        ]
      },
      "id": "way/365622157"
    },
    {
      "type": "Feature",
      "properties": {
        "@id": "way/365622158",
        "addr:housenumber": "5",
        "addr:street": "Jalan Berangan",
        "building": "yes"
      },
      "geometry": {
        "type": "Polygon",
        "coordinates": [
          [
            [
              101.7076696,
              3.1482567
            ],
            [
              101.7075759,
              3.1480612
            ],
            [
              101.7076241,
              3.1480384
            ],
            [
              101.7077178,
              3.1482339
            ],
            [
              101.7076696,
              3.1482567
            ]
          ]
        ]
      },
      "id": "way/365622158"
    },
    {
      "type": "Feature",
      "properties": {
        "@id": "way/365622159",
        "addr:housenumber": "33",
        "addr:street": "Jalan Berangan",
        "building": "yes"
      },
      "geometry": {
        "type": "Polygon",
        "coordinates": [
          [
            [
              101.7084236,
              3.1479321
            ],
            [
              101.7084106,
              3.1479041
            ],
            [
              101.7083257,
              3.1477212
            ],
            [
              101.7084385,
              3.1476701
            ],
            [
              101.7085239,
              3.1478599
            ],
            [
              101.7085129,
              3.1478884
            ],
            [
              101.7084931,
              3.1479019
            ],
            [
              101.7084236,
              3.1479321
            ]
          ]
        ]
      },
      "id": "way/365622159"
    },
    {
      "type": "Feature",
      "properties": {
        "@id": "way/365622161",
        "addr:housenumber": "10",
        "addr:street": "Lorong Sahabat",
        "building": "yes"
      },
      "geometry": {
        "type": "Polygon",
        "coordinates": [
          [
            [
              101.7068299,
              3.1475445
            ],
            [
              101.7066711,
              3.1476314
            ],
            [
              101.7066409,
              3.1475763
            ],
            [
              101.7067997,
              3.1474894
            ],
            [
              101.7068299,
              3.1475445
            ]
          ]
        ]
      },
      "id": "way/365622161"
    },
    {
      "type": "Feature",
      "properties": {
        "@id": "way/365622162",
        "addr:housenumber": "17",
        "addr:street": "Jalan Sahabat",
        "building": "yes",
        "building:levels": "4"
      },
      "geometry": {
        "type": "Polygon",
        "coordinates": [
          [
            [
              101.7073284,
              3.1469854
            ],
            [
              101.7073688,
              3.1469455
            ],
            [
              101.7075795,
              3.1471597
            ],
            [
              101.7075391,
              3.1471995
            ],
            [
              101.7074747,
              3.1471341
            ],
            [
              101.7073284,
              3.1469854
            ]
          ]
        ]
      },
      "id": "way/365622162"
    },
    {
      "type": "Feature",
      "properties": {
        "@id": "way/365622163",
        "addr:housenumber": "42",
        "addr:street": "Tengkat Tong Shin",
        "building": "yes"
      },
      "geometry": {
        "type": "Polygon",
        "coordinates": [
          [
            [
              101.7077399,
              3.1466157
            ],
            [
              101.7078988,
              3.1464718
            ],
            [
              101.7079252,
              3.1464613
            ],
            [
              101.7079503,
              3.1464623
            ],
            [
              101.7079651,
              3.1464757
            ],
            [
              101.7079895,
              3.1464983
            ],
            [
              101.7077887,
              3.1466679
            ],
            [
              101.7077399,
              3.1466157
            ]
          ]
        ]
      },
      "id": "way/365622163"
    },
    {
      "type": "Feature",
      "properties": {
        "@id": "way/369084059",
        "building": "yes"
      },
      "geometry": {
        "type": "Polygon",
        "coordinates": [
          [
            [
              101.711426,
              3.147955
            ],
            [
              101.7114438,
              3.1479464
            ],
            [
              101.7116587,
              3.1481083
            ],
            [
              101.7116752,
              3.1483328
            ],
            [
              101.7114551,
              3.148349
            ],
            [
              101.711426,
              3.147955
            ]
          ]
        ]
      },
      "id": "way/369084059"
    },
    {
      "type": "Feature",
      "properties": {
        "@id": "way/369084201",
        "building": "yes"
      },
      "geometry": {
        "type": "Polygon",
        "coordinates": [
          [
            [
              101.7112496,
              3.1472379
            ],
            [
              101.7114836,
              3.1474115
            ],
            [
              101.7113785,
              3.1477499
            ],
            [
              101.7111891,
              3.1476132
            ],
            [
              101.7111647,
              3.1475266
            ],
            [
              101.7112496,
              3.1472379
            ]
          ]
        ]
      },
      "id": "way/369084201"
    },
    {
      "type": "Feature",
      "properties": {
        "@id": "way/371137461",
        "addr:housenumber": "58",
        "addr:street": "Jalan Alor",
        "building": "retail"
      },
      "geometry": {
        "type": "Polygon",
        "coordinates": [
          [
            [
              101.7084821,
              3.1459702
            ],
            [
              101.7084377,
              3.1459341
            ],
            [
              101.7085821,
              3.1457546
            ],
            [
              101.7086265,
              3.1457906
            ],
            [
              101.7084821,
              3.1459702
            ]
          ]
        ]
      },
      "id": "way/371137461"
    },
    {
      "type": "Feature",
      "properties": {
        "@id": "way/403466651",
        "addr:city": "Kuala Lumpur",
        "addr:housenumber": "38",
        "addr:postcode": "50200",
        "addr:street": "Tengkat Tong Shin",
        "building": "yes",
        "building:levels": "10"
      },
      "geometry": {
        "type": "Polygon",
        "coordinates": [
          [
            [
              101.7077917,
              3.1463512
            ],
            [
              101.707579,
              3.1465292
            ],
            [
              101.7075148,
              3.1464828
            ],
            [
              101.7077218,
              3.1462115
            ],
            [
              101.707795,
              3.1462704
            ],
            [
              101.7077917,
              3.1463512
            ]
          ]
        ]
      },
      "id": "way/403466651"
    },
    {
      "type": "Feature",
      "properties": {
        "@id": "way/403466656",
        "addr:housenumber": "33",
        "addr:street": "Tengkat Tong Shin",
        "building": "yes"
      },
      "geometry": {
        "type": "Polygon",
        "coordinates": [
          [
            [
              101.7078142,
              3.1458297
            ],
            [
              101.7078587,
              3.145865
            ],
            [
              101.7077459,
              3.1460065
            ],
            [
              101.7077014,
              3.1459711
            ],
            [
              101.7078142,
              3.1458297
            ]
          ]
        ]
      },
      "id": "way/403466656"
    },
    {
      "type": "Feature",
      "properties": {
        "@id": "way/403466657",
        "addr:housenumber": "2;4;6",
        "addr:street": "Jalan Rembia",
        "building": "yes"
      },
      "geometry": {
        "type": "Polygon",
        "coordinates": [
          [
            [
              101.7085364,
              3.1468303
            ],
            [
              101.708438,
              3.1466201
            ],
            [
              101.7086429,
              3.1465252
            ],
            [
              101.7087432,
              3.1467346
            ],
            [
              101.7085364,
              3.1468303
            ]
          ]
        ]
      },
      "id": "way/403466657"
    },
    {
      "type": "Feature",
      "properties": {
        "@id": "way/403466658",
        "abandoned": "yes",
        "addr:housenumber": "45",
        "addr:street": "Tengkat Tong Shin",
        "building": "hotel"
      },
      "geometry": {
        "type": "Polygon",
        "coordinates": [
          [
            [
              101.7081286,
              3.1460732
            ],
            [
              101.7082948,
              3.1462083
            ],
            [
              101.7081663,
              3.1463658
            ],
            [
              101.7080002,
              3.1462307
            ],
            [
              101.7081286,
              3.1460732
            ]
          ]
        ]
      },
      "id": "way/403466658"
    },
    {
      "type": "Feature",
      "properties": {
        "@id": "way/403466660",
        "building": "yes"
      },
      "geometry": {
        "type": "Polygon",
        "coordinates": [
          [
            [
              101.708257,
              3.1463476
            ],
            [
              101.7084162,
              3.146493
            ],
            [
              101.7083688,
              3.1465426
            ],
            [
              101.7083146,
              3.1465427
            ],
            [
              101.7081839,
              3.1464298
            ],
            [
              101.708257,
              3.1463476
            ]
          ]
        ]
      },
      "id": "way/403466660"
    },
    {
      "type": "Feature",
      "properties": {
        "@id": "way/403466661",
        "addr:housenumber": "67",
        "addr:street": "Changkat Bukit Bintang",
        "building": "yes"
      },
      "geometry": {
        "type": "Polygon",
        "coordinates": [
          [
            [
              101.709048,
              3.1466345
            ],
            [
              101.7091013,
              3.1466146
            ],
            [
              101.7091979,
              3.1467807
            ],
            [
              101.7091441,
              3.1468046
            ],
            [
              101.709048,
              3.1466345
            ]
          ]
        ]
      },
      "id": "way/403466661"
    },
    {
      "type": "Feature",
      "properties": {
        "@id": "way/403466662",
        "addr:city": "Kuala Lumpur",
        "addr:housenumber": "14",
        "addr:postcode": "50200",
        "addr:street": "Jalan Rembia",
        "building": "yes",
        "building:levels": "7"
      },
      "geometry": {
        "type": "Polygon",
        "coordinates": [
          [
            [
              101.7088841,
              3.1466672
            ],
            [
              101.7087904,
              3.1464715
            ],
            [
              101.7088564,
              3.1464402
            ],
            [
              101.7089386,
              3.1466433
            ],
            [
              101.7088841,
              3.1466672
            ]
          ]
        ]
      },
      "id": "way/403466662"
    },
    {
      "type": "Feature",
      "properties": {
        "@id": "way/403466663",
        "addr:housenumber": "53",
        "addr:street": "Changkat Bukit Bintang",
        "building": "yes"
      },
      "geometry": {
        "type": "Polygon",
        "coordinates": [
          [
            [
              101.7086848,
              3.1467869
            ],
            [
              101.7087774,
              3.1469877
            ],
            [
              101.7087275,
              3.147005
            ],
            [
              101.7087101,
              3.1470076
            ],
            [
              101.7086942,
              3.1470076
            ],
            [
              101.708675,
              3.1470045
            ],
            [
              101.7086447,
              3.1469918
            ],
            [
              101.7086188,
              3.14697
            ],
            [
              101.7085486,
              3.1468512
            ],
            [
              101.7086848,
              3.1467869
            ]
          ]
        ]
      },
      "id": "way/403466663"
    },
    {
      "type": "Feature",
      "properties": {
        "@id": "way/403466664",
        "building": "apartments",
        "layer": "1",
        "name": "Blok B"
      },
      "geometry": {
        "type": "Polygon",
        "coordinates": [
          [
            [
              101.7069094,
              3.1467138
            ],
            [
              101.7071023,
              3.1465802
            ],
            [
              101.7072132,
              3.1467398
            ],
            [
              101.7070203,
              3.1468734
            ],
            [
              101.7069094,
              3.1467138
            ]
          ]
        ]
      },
      "id": "way/403466664"
    },
    {
      "type": "Feature",
      "properties": {
        "@id": "way/403468001",
        "addr:housenumber": "16",
        "addr:street": "Jalan Alor",
        "building": "commercial"
      },
      "geometry": {
        "type": "Polygon",
        "coordinates": [
          [
            [
              101.7075571,
              3.1450204
            ],
            [
              101.7077386,
              3.1451537
            ],
            [
              101.7076382,
              3.1452923
            ],
            [
              101.7074328,
              3.1451354
            ],
            [
              101.7074439,
              3.145115
            ],
            [
              101.7075571,
              3.1450204
            ]
          ]
        ]
      },
      "id": "way/403468001"
    },
    {
      "type": "Feature",
      "properties": {
        "@id": "way/457840929",
        "building": "roof",
        "name": "Pavilion Elite",
        "name:en": "Pavilion Elite",
        "shop": "mall"
      },
      "geometry": {
        "type": "Polygon",
        "coordinates": [
          [
            [
              101.712224,
              3.1488394
            ],
            [
              101.7122049,
              3.1488334
            ],
            [
              101.7122705,
              3.1486396
            ],
            [
              101.7123989,
              3.1486829
            ],
            [
              101.7125002,
              3.1483397
            ],
            [
              101.7126312,
              3.1484446
            ],
            [
              101.7128024,
              3.1482256
            ],
            [
              101.7128151,
              3.1482234
            ],
            [
              101.7128204,
              3.1482316
            ],
            [
              101.7128176,
              3.1482441
            ],
            [
              101.7127142,
              3.1484851
            ],
            [
              101.7125914,
              3.1488786
            ],
            [
              101.7125647,
              3.1489565
            ],
            [
              101.712224,
              3.1488394
            ]
          ]
        ]
      },
      "id": "way/457840929"
    },
    {
      "type": "Feature",
      "properties": {
        "@id": "way/467160620",
        "building": "retail"
      },
      "geometry": {
        "type": "Polygon",
        "coordinates": [
          [
            [
              101.7094403,
              3.1443881
            ],
            [
              101.7095563,
              3.1444703
            ],
            [
              101.7093921,
              3.144689
            ],
            [
              101.7092599,
              3.1445836
            ],
            [
              101.7093275,
              3.1445312
            ],
            [
              101.7094293,
              3.1444046
            ],
            [
              101.7094403,
              3.1443881
            ]
          ]
        ]
      },
      "id": "way/467160620"
    },
    {
      "type": "Feature",
      "properties": {
        "@id": "way/467160621",
        "addr:housenumber": "50",
        "addr:street": "Jalan Bintang",
        "building": "commercial"
      },
      "geometry": {
        "type": "Polygon",
        "coordinates": [
          [
            [
              101.7097349,
              3.1446005
            ],
            [
              101.7095796,
              3.1448022
            ],
            [
              101.7095379,
              3.1447697
            ],
            [
              101.7096711,
              3.1445981
            ],
            [
              101.7097349,
              3.1446005
            ]
          ]
        ]
      },
      "id": "way/467160621"
    },
    {
      "type": "Feature",
      "properties": {
        "@id": "way/467160625",
        "addr:street": "Jalan Bintang",
        "building": "hotel",
        "building:levels": "20"
      },
      "geometry": {
        "type": "Polygon",
        "coordinates": [
          [
            [
              101.7098751,
              3.1447057
            ],
            [
              101.7100056,
              3.1448073
            ],
            [
              101.709846,
              3.1450118
            ],
            [
              101.7097155,
              3.1449103
            ],
            [
              101.7098751,
              3.1447057
            ]
          ]
        ]
      },
      "id": "way/467160625"
    },
    {
      "type": "Feature",
      "properties": {
        "@id": "way/467167148",
        "building": "commercial",
        "name": "Federal Arcade",
        "name:en": "Federal Arcade"
      },
      "geometry": {
        "type": "Polygon",
        "coordinates": [
          [
            [
              101.7093199,
              3.1440599
            ],
            [
              101.7092684,
              3.1440208
            ],
            [
              101.7090871,
              3.1438834
            ],
            [
              101.7089553,
              3.1437834
            ],
            [
              101.7092171,
              3.1434394
            ],
            [
              101.7095816,
              3.1437158
            ],
            [
              101.7093199,
              3.1440599
            ]
          ]
        ]
      },
      "id": "way/467167148"
    },
    {
      "type": "Feature",
      "properties": {
        "@id": "way/471963813",
        "building": "apartments",
        "building:flats": "298",
        "building:levels": "46",
        "name": "Orion Residence",
        "start_date": "2025",
        "website": "https://www.orionresidenceskl.com/"
      },
      "geometry": {
        "type": "Polygon",
        "coordinates": [
          [
            [
              101.7141309,
              3.1464248
            ],
            [
              101.7144863,
              3.1462027
            ],
            [
              101.7145317,
              3.1462133
            ],
            [
              101.7147288,
              3.1465315
            ],
            [
              101.7147182,
              3.1465771
            ],
            [
              101.7144771,
              3.146728
            ],
            [
              101.7142587,
              3.1466231
            ],
            [
              101.7141309,
              3.1464248
            ]
          ]
        ]
      },
      "id": "way/471963813"
    },
    {
      "type": "Feature",
      "properties": {
        "@id": "way/472069756",
        "addr:housenumber": "88",
        "addr:street": "Changkat Bukit Bintang",
        "building": "yes"
      },
      "geometry": {
        "type": "Polygon",
        "coordinates": [
          [
            [
              101.7094921,
              3.1468423
            ],
            [
              101.7095409,
              3.1468151
            ],
            [
              101.7095732,
              3.1469575
            ],
            [
              101.7095226,
              3.1469814
            ],
            [
              101.7094921,
              3.1468423
            ]
          ]
        ]
      },
      "id": "way/472069756"
    },
    {
      "type": "Feature",
      "properties": {
        "@id": "way/472069757",
        "addr:housenumber": "72",
        "addr:street": "Changkat Bukit Bintang",
        "building": "yes"
      },
      "geometry": {
        "type": "Polygon",
        "coordinates": [
          [
            [
              101.7098269,
              3.1464603
            ],
            [
              101.7098411,
              3.14647
            ],
            [
              101.71003,
              3.1466237
            ],
            [
              101.709763,
              3.1465439
            ],
            [
              101.7098269,
              3.1464603
            ]
          ]
        ]
      },
      "id": "way/472069757"
    },
    {
      "type": "Feature",
      "properties": {
        "@id": "way/472069758",
        "addr:city": "Kuala Lumpur",
        "addr:housenumber": "85",
        "addr:postcode": "50200",
        "addr:street": "Jalan Berangan",
        "building": "yes"
      },
      "geometry": {
        "type": "Polygon",
        "coordinates": [
          [
            [
              101.710051,
              3.1472213
            ],
            [
              101.7100513,
              3.1472
            ],
            [
              101.7100484,
              3.1469914
            ],
            [
              101.7102193,
              3.1469866
            ],
            [
              101.710191,
              3.1471761
            ],
            [
              101.7101431,
              3.1472225
            ],
            [
              101.710051,
              3.1472213
            ]
          ]
        ]
      },
      "id": "way/472069758"
    },
    {
      "type": "Feature",
      "properties": {
        "@id": "way/472069759",
        "addr:housenumber": "83",
        "addr:street": "Jalan Berangan",
        "building": "yes"
      },
      "geometry": {
        "type": "Polygon",
        "coordinates": [
          [
            [
              101.7100005,
              3.1472008
            ],
            [
              101.7099974,
              3.1469854
            ],
            [
              101.7100483,
              3.1469847
            ],
            [
              101.7100484,
              3.1469914
            ],
            [
              101.7100513,
              3.1472
            ],
            [
              101.7100005,
              3.1472008
            ]
          ]
        ]
      },
      "id": "way/472069759"
    },
    {
      "type": "Feature",
      "properties": {
        "@id": "way/472069760",
        "addr:housenumber": "18",
        "addr:street": "Jalan Berangan",
        "building": "retail"
      },
      "geometry": {
        "type": "Polygon",
        "coordinates": [
          [
            [
              101.7081905,
              3.1484797
            ],
            [
              101.7080974,
              3.148265
            ],
            [
              101.7081478,
              3.1482432
            ],
            [
              101.7082409,
              3.1484579
            ],
            [
              101.7081905,
              3.1484797
            ]
          ]
        ]
      },
      "id": "way/472069760"
    },
    {
      "type": "Feature",
      "properties": {
        "@id": "way/472069767",
        "addr:housenumber": "2",
        "addr:street": "Jalan Angsoka",
        "building": "yes"
      },
      "geometry": {
        "type": "Polygon",
        "coordinates": [
          [
            [
              101.7091564,
              3.1479626
            ],
            [
              101.7092402,
              3.14815
            ],
            [
              101.7091888,
              3.1481718
            ],
            [
              101.7091078,
              3.1479881
            ],
            [
              101.7091564,
              3.1479626
            ]
          ]
        ]
      },
      "id": "way/472069767"
    },
    {
      "type": "Feature",
      "properties": {
        "@id": "way/472069768",
        "addr:housenumber": "38",
        "addr:street": "Jalan Berangan",
        "building": "yes"
      },
      "geometry": {
        "type": "Polygon",
        "coordinates": [
          [
            [
              101.7087456,
              3.1479242
            ],
            [
              101.7087938,
              3.1478965
            ],
            [
              101.7088808,
              3.148047
            ],
            [
              101.7088111,
              3.1480874
            ],
            [
              101.7087369,
              3.1479567
            ],
            [
              101.7087456,
              3.1479242
            ]
          ]
        ]
      },
      "id": "way/472069768"
    },
    {
      "type": "Feature",
      "properties": {
        "@id": "way/472069769",
        "addr:housenumber": "4",
        "addr:street": "Jalan Bedara",
        "building": "yes",
        "building:levels": "4"
      },
      "geometry": {
        "type": "Polygon",
        "coordinates": [
          [
            [
              101.7093173,
              3.1476741
            ],
            [
              101.7093465,
              3.1477223
            ],
            [
              101.7091955,
              3.1478135
            ],
            [
              101.7091663,
              3.1477653
            ],
            [
              101.7093173,
              3.1476741
            ]
          ]
        ]
      },
      "id": "way/472069769"
    },
    {
      "type": "Feature",
      "properties": {
        "@id": "way/472078971",
        "addr:housenumber": "18",
        "addr:street": "Jalan Bedara",
        "building": "yes"
      },
      "geometry": {
        "type": "Polygon",
        "coordinates": [
          [
            [
              101.7096834,
              3.1482223
            ],
            [
              101.7095377,
              3.1483388
            ],
            [
              101.7094843,
              3.1482693
            ],
            [
              101.7096466,
              3.1481835
            ],
            [
              101.7096834,
              3.1482223
            ]
          ]
        ]
      },
      "id": "way/472078971"
    },
    {
      "type": "Feature",
      "properties": {
        "@id": "way/472078974",
        "addr:housenumber": "1",
        "addr:street": "Jalan Bedara",
        "building": "yes"
      },
      "geometry": {
        "type": "Polygon",
        "coordinates": [
          [
            [
              101.7094536,
              3.1475112
            ],
            [
              101.7096069,
              3.1474181
            ],
            [
              101.7096374,
              3.1474681
            ],
            [
              101.7094841,
              3.1475612
            ],
            [
              101.7094536,
              3.1475112
            ]
          ]
        ]
      },
      "id": "way/472078974"
    },
    {
      "type": "Feature",
      "properties": {
        "@id": "way/472078975",
        "addr:housenumber": "2",
        "addr:street": "Jalan Beremi",
        "building": "yes"
      },
      "geometry": {
        "type": "Polygon",
        "coordinates": [
          [
            [
              101.7097336,
              3.1475011
            ],
            [
              101.7096601,
              3.1474036
            ],
            [
              101.709901,
              3.1474093
            ],
            [
              101.7098969,
              3.1474473
            ],
            [
              101.7097336,
              3.1475011
            ]
          ]
        ]
      },
      "id": "way/472078975"
    },
    {
      "type": "Feature",
      "properties": {
        "@id": "way/472078976",
        "building": "yes"
      },
      "geometry": {
        "type": "Polygon",
        "coordinates": [
          [
            [
              101.7094035,
              3.147107
            ],
            [
              101.7094571,
              3.1470743
            ],
            [
              101.7094976,
              3.1471566
            ],
            [
              101.7095057,
              3.1472162
            ],
            [
              101.7094806,
              3.1472328
            ],
            [
              101.7094035,
              3.147107
            ]
          ]
        ]
      },
      "id": "way/472078976"
    },
    {
      "type": "Feature",
      "properties": {
        "@id": "way/472078977",
        "addr:housenumber": "45",
        "addr:street": "Jalan Berangan",
        "building": "yes"
      },
      "geometry": {
        "type": "Polygon",
        "coordinates": [
          [
            [
              101.7088483,
              3.1474353
            ],
            [
              101.7088963,
              3.1474096
            ],
            [
              101.708979,
              3.1475631
            ],
            [
              101.708931,
              3.1475889
            ],
            [
              101.7088483,
              3.1474353
            ]
          ]
        ]
      },
      "id": "way/472078977"
    },
    {
      "type": "Feature",
      "properties": {
        "@id": "way/472093459",
        "building": "roof",
        "layer": "1"
      },
      "geometry": {
        "type": "Polygon",
        "coordinates": [
          [
            [
              101.7093708,
              3.1481029
            ],
            [
              101.7095218,
              3.1480117
            ],
            [
              101.7094797,
              3.1479423
            ],
            [
              101.7095083,
              3.1479262
            ],
            [
              101.7095542,
              3.1480026
            ],
            [
              101.7095562,
              3.1480286
            ],
            [
              101.7095044,
              3.148081
            ],
            [
              101.7093937,
              3.1481405
            ],
            [
              101.7093708,
              3.1481029
            ]
          ]
        ]
      },
      "id": "way/472093459"
    },
    {
      "type": "Feature",
      "properties": {
        "@id": "way/472093464",
        "addr:street": "Jalan Beremi",
        "building": "retail"
      },
      "geometry": {
        "type": "Polygon",
        "coordinates": [
          [
            [
              101.7105651,
              3.1476079
            ],
            [
              101.7105497,
              3.1476608
            ],
            [
              101.7103129,
              3.1475908
            ],
            [
              101.7103283,
              3.147538
            ],
            [
              101.7105651,
              3.1476079
            ]
          ]
        ]
      },
      "id": "way/472093464"
    },
    {
      "type": "Feature",
      "properties": {
        "@id": "way/472093465",
        "addr:housenumber": "37",
        "addr:street": "Jalan Sultan Ismail",
        "building": "retail"
      },
      "geometry": {
        "type": "Polygon",
        "coordinates": [
          [
            [
              101.7108359,
              3.1479777
            ],
            [
              101.7107977,
              3.1480217
            ],
            [
              101.7105925,
              3.1480361
            ],
            [
              101.7105836,
              3.1479057
            ],
            [
              101.71083,
              3.1478904
            ],
            [
              101.7108359,
              3.1479777
            ]
          ]
        ]
      },
      "id": "way/472093465"
    },
    {
      "type": "Feature",
      "properties": {
        "@id": "way/472093467",
        "addr:housenumber": "21",
        "addr:street": "Jalan Bedara",
        "building": "yes"
      },
      "geometry": {
        "type": "Polygon",
        "coordinates": [
          [
            [
              101.7099287,
              3.1479425
            ],
            [
              101.7099594,
              3.1479834
            ],
            [
              101.7098246,
              3.1480797
            ],
            [
              101.7097917,
              3.148037
            ],
            [
              101.7099287,
              3.1479425
            ]
          ]
        ]
      },
      "id": "way/472093467"
    },
    {
      "type": "Feature",
      "properties": {
        "@id": "way/472093470",
        "addr:housenumber": "52",
        "addr:street": "Changkat Bukit Bintang",
        "building": "commercial"
      },
      "geometry": {
        "type": "Polygon",
        "coordinates": [
          [
            [
              101.7084392,
              3.1473713
            ],
            [
              101.7084953,
              3.1473424
            ],
            [
              101.708581,
              3.1475146
            ],
            [
              101.7085249,
              3.1475435
            ],
            [
              101.7084392,
              3.1473713
            ]
          ]
        ]
      },
      "id": "way/472093470"
    },
    {
      "type": "Feature",
      "properties": {
        "@id": "way/472093472",
        "addr:housenumber": "21",
        "addr:street": "Jalan Tong Shin",
        "building": "yes"
      },
      "geometry": {
        "type": "Polygon",
        "coordinates": [
          [
            [
              101.7068095,
              3.1449977
            ],
            [
              101.7069669,
              3.1452655
            ],
            [
              101.7068788,
              3.1453158
            ],
            [
              101.7067432,
              3.1450959
            ],
            [
              101.7067617,
              3.1450251
            ],
            [
              101.7068095,
              3.1449977
            ]
          ]
        ]
      },
      "id": "way/472093472"
    },
    {
      "type": "Feature",
      "properties": {
        "@id": "way/472093473",
        "building": "yes"
      },
      "geometry": {
        "type": "Polygon",
        "coordinates": [
          [
            [
              101.7070436,
              3.1448752
            ],
            [
              101.7070898,
              3.1448367
            ],
            [
              101.7072687,
              3.1450958
            ],
            [
              101.707199,
              3.1451517
            ],
            [
              101.7071727,
              3.1451181
            ],
            [
              101.7071948,
              3.1450946
            ],
            [
              101.7070436,
              3.1448752
            ]
          ]
        ]
      },
      "id": "way/472093473"
    },
    {
      "type": "Feature",
      "properties": {
        "@id": "way/472093474",
        "addr:housenumber": "3",
        "addr:street": "Tengkat Tong Shin",
        "building": "yes"
      },
      "geometry": {
        "type": "Polygon",
        "coordinates": [
          [
            [
              101.707125,
              3.1452771
            ],
            [
              101.7071605,
              3.1453036
            ],
            [
              101.7070352,
              3.1454381
            ],
            [
              101.7069993,
              3.1454018
            ],
            [
              101.707125,
              3.1452771
            ]
          ]
        ]
      },
      "id": "way/472093474"
    },
    {
      "type": "Feature",
      "properties": {
        "@id": "way/472093476",
        "addr:housenumber": "28",
        "addr:street": "Tengkat Tong Shin",
        "building": "apartments"
      },
      "geometry": {
        "type": "Polygon",
        "coordinates": [
          [
            [
              101.7072675,
              3.1459395
            ],
            [
              101.707491,
              3.1461175
            ],
            [
              101.7073011,
              3.1463923
            ],
            [
              101.7075184,
              3.1465859
            ],
            [
              101.707316,
              3.1467487
            ],
            [
              101.7069937,
              3.1462825
            ],
            [
              101.7072675,
              3.1459395
            ]
          ]
        ]
      },
      "id": "way/472093476"
    },
    {
      "type": "Feature",
      "properties": {
        "@id": "way/472093477",
        "addr:housenumber": "34",
        "addr:street": "Tengkat Tong Shin",
        "building": "yes"
      },
      "geometry": {
        "type": "Polygon",
        "coordinates": [
          [
            [
              101.7074172,
              3.1464085
            ],
            [
              101.7076243,
              3.1461372
            ],
            [
              101.7076738,
              3.1461749
            ],
            [
              101.7074667,
              3.1464462
            ],
            [
              101.7074172,
              3.1464085
            ]
          ]
        ]
      },
      "id": "way/472093477"
    },
    {
      "type": "Feature",
      "properties": {
        "@id": "way/472109757",
        "addr:housenumber": "41",
        "addr:street": "Jalan Sahabat",
        "building": "yes"
      },
      "geometry": {
        "type": "Polygon",
        "coordinates": [
          [
            [
              101.7069167,
              3.1473374
            ],
            [
              101.706984,
              3.1474786
            ],
            [
              101.7068869,
              3.1475247
            ],
            [
              101.7068197,
              3.1473835
            ],
            [
              101.7069167,
              3.1473374
            ]
          ]
        ]
      },
      "id": "way/472109757"
    },
    {
      "type": "Feature",
      "properties": {
        "@id": "way/472119401",
        "building": "roof",
        "layer": "1"
      },
      "geometry": {
        "type": "Polygon",
        "coordinates": [
          [
            [
              101.7094293,
              3.1444046
            ],
            [
              101.7093275,
              3.1445312
            ],
            [
              101.7092599,
              3.1445836
            ],
            [
              101.7092397,
              3.1445867
            ],
            [
              101.7092042,
              3.1446219
            ],
            [
              101.7091555,
              3.144659
            ],
            [
              101.7090173,
              3.1448452
            ],
            [
              101.7090054,
              3.1448607
            ],
            [
              101.708953,
              3.1448228
            ],
            [
              101.7089189,
              3.144798
            ],
            [
              101.708935,
              3.1447827
            ],
            [
              101.7091122,
              3.1445461
            ],
            [
              101.7093327,
              3.1443352
            ],
            [
              101.7093418,
              3.1443418
            ],
            [
              101.7093807,
              3.14437
            ],
            [
              101.7094293,
              3.1444046
            ]
          ]
        ]
      },
      "id": "way/472119401"
    },
    {
      "type": "Feature",
      "properties": {
        "@id": "way/472119402",
        "addr:housenumber": "24",
        "addr:street": "Jalan Alor",
        "building": "yes",
        "building:levels": "3"
      },
      "geometry": {
        "type": "Polygon",
        "coordinates": [
          [
            [
              101.7078371,
              3.1451387
            ],
            [
              101.707879,
              3.1451722
            ],
            [
              101.7076958,
              3.1454004
            ],
            [
              101.7076539,
              3.1453669
            ],
            [
              101.7078371,
              3.1451387
            ]
          ]
        ]
      },
      "id": "way/472119402"
    },
    {
      "type": "Feature",
      "properties": {
        "@id": "way/473446603",
        "building": "roof"
      },
      "geometry": {
        "type": "Polygon",
        "coordinates": [
          [
            [
              101.7096384,
              3.1467605
            ],
            [
              101.7095897,
              3.1467878
            ],
            [
              101.7095784,
              3.1467305
            ],
            [
              101.7096243,
              3.1466945
            ],
            [
              101.7096384,
              3.1467605
            ]
          ]
        ]
      },
      "id": "way/473446603"
    },
    {
      "type": "Feature",
      "properties": {
        "@id": "way/479807869",
        "addr:city": "Kuala Lumpur",
        "addr:housenumber": "67",
        "addr:postcode": "55100",
        "addr:street": "Jalan Sultan Ismail",
        "building": "commercial",
        "building:levels": "4"
      },
      "geometry": {
        "type": "Polygon",
        "coordinates": [
          [
            [
              101.7110055,
              3.1469627
            ],
            [
              101.7107619,
              3.146933
            ],
            [
              101.7107568,
              3.1468866
            ],
            [
              101.711014,
              3.1468591
            ],
            [
              101.7110055,
              3.1469627
            ]
          ]
        ]
      },
      "id": "way/479807869"
    },
    {
      "type": "Feature",
      "properties": {
        "@id": "way/516568217",
        "building": "yes"
      },
      "geometry": {
        "type": "Polygon",
        "coordinates": [
          [
            [
              101.7121215,
              3.1475314
            ],
            [
              101.7119767,
              3.1477258
            ],
            [
              101.7112721,
              3.1472023
            ],
            [
              101.7113564,
              3.1470892
            ],
            [
              101.7114283,
              3.1470627
            ],
            [
              101.7115606,
              3.147161
            ],
            [
              101.7115829,
              3.1471311
            ],
            [
              101.7121215,
              3.1475314
            ]
          ]
        ]
      },
      "id": "way/516568217"
    },
    {
      "type": "Feature",
      "properties": {
        "@id": "way/546435057",
        "addr:housenumber": "1A",
        "addr:street": "Jalan Bintang",
        "building": "yes"
      },
      "geometry": {
        "type": "Polygon",
        "coordinates": [
          [
            [
              101.707914,
              3.1435502
            ],
            [
              101.7080469,
              3.1433491
            ],
            [
              101.7082687,
              3.143488
            ],
            [
              101.7081304,
              3.1437205
            ],
            [
              101.707914,
              3.1435502
            ]
          ]
        ]
      },
      "id": "way/546435057"
    },
    {
      "type": "Feature",
      "properties": {
        "@id": "way/546435058",
        "addr:city": "Kuala Lumpur",
        "addr:housenumber": "9",
        "addr:street": "Jalan Bukit Bintang",
        "building": "commercial",
        "building:levels": "4"
      },
      "geometry": {
        "type": "Polygon",
        "coordinates": [
          [
            [
              101.7080926,
              3.1437837
            ],
            [
              101.707975,
              3.1439754
            ],
            [
              101.7079149,
              3.143994
            ],
            [
              101.7079021,
              3.1439839
            ],
            [
              101.7080483,
              3.143749
            ],
            [
              101.7080926,
              3.1437837
            ]
          ]
        ]
      },
      "id": "way/546435058"
    },
    {
      "type": "Feature",
      "properties": {
        "@id": "way/546779526",
        "addr:housenumber": "208",
        "addr:street": "Jalan Pudu",
        "building": "yes",
        "building:levels": "13",
        "height": "53"
      },
      "geometry": {
        "type": "Polygon",
        "coordinates": [
          [
            [
              101.7083503,
              3.1426532
            ],
            [
              101.7082745,
              3.1427684
            ],
            [
              101.7080267,
              3.1426161
            ],
            [
              101.7080569,
              3.1425674
            ],
            [
              101.7082039,
              3.1425501
            ],
            [
              101.7083503,
              3.1426532
            ]
          ]
        ]
      },
      "id": "way/546779526"
    },
    {
      "type": "Feature",
      "properties": {
        "@id": "way/546779529",
        "building": "yes",
        "building:levels": "3"
      },
      "geometry": {
        "type": "Polygon",
        "coordinates": [
          [
            [
              101.7139383,
              3.1451932
            ],
            [
              101.7140565,
              3.1450423
            ],
            [
              101.7148093,
              3.1456301
            ],
            [
              101.7148802,
              3.1457398
            ],
            [
              101.7147478,
              3.1458251
            ],
            [
              101.7139383,
              3.1451932
            ]
          ]
        ]
      },
      "id": "way/546779529"
    },
    {
      "type": "Feature",
      "properties": {
        "@id": "way/546779531",
        "building": "apartments",
        "building:levels": "24",
        "height": "97",
        "name": "Fairlane Residences"
      },
      "geometry": {
        "type": "Polygon",
        "coordinates": [
          [
            [
              101.7126387,
              3.1452392
            ],
            [
              101.7123294,
              3.1449967
            ],
            [
              101.7124636,
              3.1448222
            ],
            [
              101.7127403,
              3.1450392
            ],
            [
              101.7127475,
              3.1450974
            ],
            [
              101.7126387,
              3.1452392
            ]
          ]
        ]
      },
      "id": "way/546779531"
    },
    {
      "type": "Feature",
      "properties": {
        "@id": "way/546779532",
        "building": "yes",
        "building:levels": "24",
        "height": "97",
        "layer": "1",
        "name": "Hotel Royal",
        "name:en": "Hotel Royal",
        "name:ms": "Hotel Royal"
      },
      "geometry": {
        "type": "Polygon",
        "coordinates": [
          [
            [
              101.7121728,
              3.1452237
            ],
            [
              101.7122181,
              3.1451246
            ],
            [
              101.7122671,
              3.1450178
            ],
            [
              101.7125122,
              3.1452101
            ],
            [
              101.7126052,
              3.1452828
            ],
            [
              101.7124628,
              3.1454684
            ],
            [
              101.7124052,
              3.1454757
            ],
            [
              101.7123436,
              3.1454274
            ],
            [
              101.7123773,
              3.145384
            ],
            [
              101.7121728,
              3.1452237
            ]
          ]
        ]
      },
      "id": "way/546779532"
    },
    {
      "type": "Feature",
      "properties": {
        "@id": "way/546779533",
        "addr:housenumber": "33",
        "addr:street": "Jalan Sultan Ismail",
        "building": "yes",
        "height": "110",
        "name": "Menara Genesis",
        "name:en": "Genesis Tower",
        "name:ms": "Menara Genesis"
      },
      "geometry": {
        "type": "Polygon",
        "coordinates": [
          [
            [
              101.7108437,
              3.1481647
            ],
            [
              101.7108628,
              3.1484429
            ],
            [
              101.7106155,
              3.1484601
            ],
            [
              101.7105936,
              3.1481406
            ],
            [
              101.7107998,
              3.1481263
            ],
            [
              101.7108437,
              3.1481647
            ]
          ]
        ]
      },
      "id": "way/546779533"
    },
    {
      "type": "Feature",
      "properties": {
        "@id": "way/546779890",
        "building": "apartments",
        "height": "81",
        "name": "KL Plaza Condo Tower",
        "name:en": "KL Plaza Condo Tower"
      },
      "geometry": {
        "type": "Polygon",
        "coordinates": [
          [
            [
              101.7134663,
              3.1468095
            ],
            [
              101.7134295,
              3.1468551
            ],
            [
              101.7130864,
              3.1472907
            ],
            [
              101.7129838,
              3.1474183
            ],
            [
              101.7128562,
              3.1473175
            ],
            [
              101.7129974,
              3.1471395
            ],
            [
              101.7128497,
              3.1470227
            ],
            [
              101.7126411,
              3.1472856
            ],
            [
              101.7126289,
              3.1472741
            ],
            [
              101.7125946,
              3.1472469
            ],
            [
              101.7125707,
              3.147277
            ],
            [
              101.7124842,
              3.1472148
            ],
            [
              101.7125294,
              3.1471574
            ],
            [
              101.7125859,
              3.1470857
            ],
            [
              101.712953,
              3.1466163
            ],
            [
              101.7130628,
              3.1467022
            ],
            [
              101.7129268,
              3.1468756
            ],
            [
              101.7131101,
              3.147019
            ],
            [
              101.7133362,
              3.1467341
            ],
            [
              101.7133711,
              3.1467621
            ],
            [
              101.7133854,
              3.1467444
            ],
            [
              101.7134663,
              3.1468095
            ]
          ]
        ]
      },
      "id": "way/546779890"
    },
    {
      "type": "Feature",
      "properties": {
        "@id": "way/583392345",
        "building": "yes",
        "height": "132",
        "roof:shape": "dome"
      },
      "geometry": {
        "type": "Polygon",
        "coordinates": [
          [
            [
              101.7139092,
              3.1478589
            ],
            [
              101.7139251,
              3.1478815
            ],
            [
              101.7139324,
              3.1479082
            ],
            [
              101.7139302,
              3.147936
            ],
            [
              101.7138997,
              3.1479806
            ],
            [
              101.7138754,
              3.1479926
            ],
            [
              101.7138486,
              3.1479959
            ],
            [
              101.7138222,
              3.1479901
            ],
            [
              101.7137831,
              3.1479564
            ],
            [
              101.7137738,
              3.1479328
            ],
            [
              101.7137724,
              3.1479077
            ],
            [
              101.7137788,
              3.1478833
            ],
            [
              101.7137924,
              3.1478622
            ],
            [
              101.7138118,
              3.1478464
            ],
            [
              101.7138351,
              3.1478373
            ],
            [
              101.71386,
              3.1478358
            ],
            [
              101.7138867,
              3.1478431
            ],
            [
              101.7139092,
              3.1478589
            ]
          ]
        ]
      },
      "id": "way/583392345"
    },
    {
      "type": "Feature",
      "properties": {
        "@id": "way/583392346",
        "building": "yes;roof",
        "building:roof": "canvas",
        "roof:levels": "6"
      },
      "geometry": {
        "type": "Polygon",
        "coordinates": [
          [
            [
              101.7139117,
              3.1472944
            ],
            [
              101.7137666,
              3.1471775
            ],
            [
              101.7137984,
              3.1471696
            ],
            [
              101.7138301,
              3.1471558
            ],
            [
              101.7138551,
              3.1471413
            ],
            [
              101.7138801,
              3.1471215
            ],
            [
              101.7139117,
              3.1472944
            ]
          ]
        ]
      },
      "id": "way/583392346"
    },
    {
      "type": "Feature",
      "properties": {
        "@id": "way/583392347",
        "building": "yes;roof",
        "building:roof": "canvas",
        "roof:levels": "6"
      },
      "geometry": {
        "type": "Polygon",
        "coordinates": [
          [
            [
              101.7139117,
              3.1472944
            ],
            [
              101.7138801,
              3.1471215
            ],
            [
              101.7139061,
              3.1471258
            ],
            [
              101.7139357,
              3.1471266
            ],
            [
              101.7139619,
              3.1471248
            ],
            [
              101.7139926,
              3.1471169
            ],
            [
              101.7139649,
              3.14729
            ],
            [
              101.7139117,
              3.1472944
            ]
          ]
        ]
      },
      "id": "way/583392347"
    },
    {
      "type": "Feature",
      "properties": {
        "@id": "way/583392348",
        "building": "yes;roof",
        "building:roof": "canvas",
        "roof:levels": "6"
      },
      "geometry": {
        "type": "Polygon",
        "coordinates": [
          [
            [
              101.7139649,
              3.14729
            ],
            [
              101.7139926,
              3.1471169
            ],
            [
              101.7140143,
              3.1471355
            ],
            [
              101.7140404,
              3.1471489
            ],
            [
              101.7140652,
              3.1471584
            ],
            [
              101.7140989,
              3.1471661
            ],
            [
              101.713995,
              3.1473052
            ],
            [
              101.7139649,
              3.14729
            ]
          ]
        ]
      },
      "id": "way/583392348"
    },
    {
      "type": "Feature",
      "properties": {
        "@id": "way/583392349",
        "building": "yes;roof",
        "building:roof": "canvas",
        "roof:levels": "6"
      },
      "geometry": {
        "type": "Polygon",
        "coordinates": [
          [
            [
              101.713995,
              3.1473052
            ],
            [
              101.7140989,
              3.1471661
            ],
            [
              101.7141098,
              3.1471921
            ],
            [
              101.7141231,
              3.1472187
            ],
            [
              101.7141425,
              3.1472402
            ],
            [
              101.7141704,
              3.1472619
            ],
            [
              101.7140188,
              3.1473292
            ],
            [
              101.713995,
              3.1473052
            ]
          ]
        ]
      },
      "id": "way/583392349"
    },
    {
      "type": "Feature",
      "properties": {
        "@id": "way/583392350",
        "building": "yes;roof",
        "building:roof": "canvas",
        "roof:levels": "6"
      },
      "geometry": {
        "type": "Polygon",
        "coordinates": [
          [
            [
              101.7140188,
              3.1473292
            ],
            [
              101.7141704,
              3.1472619
            ],
            [
              101.714173,
              3.1472914
            ],
            [
              101.7141781,
              3.1473191
            ],
            [
              101.7141858,
              3.1473441
            ],
            [
              101.7142006,
              3.1473753
            ],
            [
              101.7140244,
              3.1473795
            ],
            [
              101.7140188,
              3.1473292
            ]
          ]
        ]
      },
      "id": "way/583392350"
    },
    {
      "type": "Feature",
      "properties": {
        "@id": "way/583392351",
        "building": "yes;roof",
        "building:roof": "canvas",
        "roof:levels": "6"
      },
      "geometry": {
        "type": "Polygon",
        "coordinates": [
          [
            [
              101.7140244,
              3.1473795
            ],
            [
              101.7142006,
              3.1473753
            ],
            [
              101.7141908,
              3.147401
            ],
            [
              101.7141819,
              3.1474274
            ],
            [
              101.7141749,
              3.1474565
            ],
            [
              101.7141697,
              3.1474907
            ],
            [
              101.7140244,
              3.1473795
            ]
          ]
        ]
      },
      "id": "way/583392351"
    },
    {
      "type": "Feature",
      "properties": {
        "@id": "way/583392353",
        "building": "yes",
        "building:levels": "4"
      },
      "geometry": {
        "type": "Polygon",
        "coordinates": [
          [
            [
              101.7139679,
              3.1469804
            ],
            [
              101.7139997,
              3.1469394
            ],
            [
              101.7138534,
              3.1468262
            ],
            [
              101.7140206,
              3.1466107
            ],
            [
              101.7140461,
              3.1465933
            ],
            [
              101.7140783,
              3.146596
            ],
            [
              101.7141065,
              3.1466081
            ],
            [
              101.7143841,
              3.1468237
            ],
            [
              101.7142892,
              3.1472292
            ],
            [
              101.7139679,
              3.1469804
            ]
          ]
        ]
      },
      "id": "way/583392353"
    },
    {
      "type": "Feature",
      "properties": {
        "@id": "way/583403042",
        "building": "roof",
        "layer": "1"
      },
      "geometry": {
        "type": "Polygon",
        "coordinates": [
          [
            [
              101.7127765,
              3.1472526
            ],
            [
              101.712771,
              3.1472471
            ],
            [
              101.7127678,
              3.1472412
            ],
            [
              101.7127632,
              3.1472283
            ],
            [
              101.7127612,
              3.1472141
            ],
            [
              101.7127612,
              3.1472
            ],
            [
              101.7127637,
              3.1471821
            ],
            [
              101.7127693,
              3.1471653
            ],
            [
              101.712786,
              3.1471366
            ],
            [
              101.7128128,
              3.1471128
            ],
            [
              101.712827,
              3.1471029
            ],
            [
              101.7128436,
              3.1470957
            ],
            [
              101.7128597,
              3.1470923
            ],
            [
              101.7128751,
              3.14709
            ],
            [
              101.7128903,
              3.1470908
            ],
            [
              101.7128986,
              3.1470929
            ],
            [
              101.7129042,
              3.147096
            ],
            [
              101.7129089,
              3.1471006
            ],
            [
              101.7129122,
              3.1471063
            ],
            [
              101.7129157,
              3.1471202
            ],
            [
              101.7129176,
              3.1471356
            ],
            [
              101.7129177,
              3.1471512
            ],
            [
              101.7129161,
              3.1471682
            ],
            [
              101.7129105,
              3.1471854
            ],
            [
              101.712891,
              3.1472166
            ],
            [
              101.712863,
              3.1472415
            ],
            [
              101.7128466,
              3.147251
            ],
            [
              101.7128291,
              3.147257
            ],
            [
              101.7128152,
              3.1472587
            ],
            [
              101.7128013,
              3.1472588
            ],
            [
              101.7127888,
              3.1472577
            ],
            [
              101.7127814,
              3.1472556
            ],
            [
              101.7127765,
              3.1472526
            ]
          ]
        ]
      },
      "id": "way/583403042"
    },
    {
      "type": "Feature",
      "properties": {
        "@id": "way/583403043",
        "building": "roof",
        "building:levels": "12",
        "layer": "1"
      },
      "geometry": {
        "type": "Polygon",
        "coordinates": [
          [
            [
              101.7126768,
              3.1475226
            ],
            [
              101.7126646,
              3.1475104
            ],
            [
              101.7126592,
              3.1474982
            ],
            [
              101.7126585,
              3.1474798
            ],
            [
              101.7126662,
              3.1474661
            ],
            [
              101.7127673,
              3.1473372
            ],
            [
              101.7127752,
              3.1473433
            ],
            [
              101.7127959,
              3.1473169
            ],
            [
              101.7130625,
              3.1475254
            ],
            [
              101.7129441,
              3.1476764
            ],
            [
              101.7129327,
              3.1476883
            ],
            [
              101.7129179,
              3.1476949
            ],
            [
              101.7129018,
              3.1476935
            ],
            [
              101.7128857,
              3.1476861
            ],
            [
              101.7126768,
              3.1475226
            ]
          ]
        ]
      },
      "id": "way/583403043"
    },
    {
      "type": "Feature",
      "properties": {
        "@id": "way/583403044",
        "building": "roof",
        "layer": "1"
      },
      "geometry": {
        "type": "Polygon",
        "coordinates": [
          [
            [
              101.7125207,
              3.1474105
            ],
            [
              101.7122766,
              3.1472205
            ],
            [
              101.7123778,
              3.1470907
            ],
            [
              101.7123972,
              3.1471058
            ],
            [
              101.7124218,
              3.1470729
            ],
            [
              101.7125294,
              3.1471574
            ],
            [
              101.7124842,
              3.1472148
            ],
            [
              101.7125707,
              3.147277
            ],
            [
              101.7125946,
              3.1472469
            ],
            [
              101.7126289,
              3.1472741
            ],
            [
              101.7125207,
              3.1474105
            ]
          ]
        ]
      },
      "id": "way/583403044"
    },
    {
      "type": "Feature",
      "properties": {
        "@id": "way/583403045",
        "building": "yes"
      },
      "geometry": {
        "type": "Polygon",
        "coordinates": [
          [
            [
              101.7125294,
              3.1471574
            ],
            [
              101.7124218,
              3.1470729
            ],
            [
              101.7124344,
              3.1470569
            ],
            [
              101.7124075,
              3.1470358
            ],
            [
              101.7124274,
              3.1470106
            ],
            [
              101.7124778,
              3.1470502
            ],
            [
              101.7125018,
              3.1470197
            ],
            [
              101.7125859,
              3.1470857
            ],
            [
              101.7125294,
              3.1471574
            ]
          ]
        ]
      },
      "id": "way/583403045"
    },
    {
      "type": "Feature",
      "properties": {
        "@id": "way/583403046",
        "building": "yes"
      },
      "geometry": {
        "type": "Polygon",
        "coordinates": [
          [
            [
              101.7129822,
              3.1464493
            ],
            [
              101.713088,
              3.1463182
            ],
            [
              101.7131527,
              3.1463196
            ],
            [
              101.7136597,
              3.1467191
            ],
            [
              101.7136669,
              3.1467893
            ],
            [
              101.7135413,
              3.1469451
            ],
            [
              101.7134295,
              3.1468551
            ],
            [
              101.7134663,
              3.1468095
            ],
            [
              101.7133854,
              3.1467444
            ],
            [
              101.7133711,
              3.1467621
            ],
            [
              101.7133362,
              3.1467341
            ],
            [
              101.7129822,
              3.1464493
            ]
          ]
        ]
      },
      "id": "way/583403046"
    },
    {
      "type": "Feature",
      "properties": {
        "@id": "way/583403047",
        "building": "yes"
      },
      "geometry": {
        "type": "Polygon",
        "coordinates": [
          [
            [
              101.7131966,
              3.1473771
            ],
            [
              101.7130864,
              3.1472907
            ],
            [
              101.7134295,
              3.1468551
            ],
            [
              101.7135413,
              3.1469451
            ],
            [
              101.7131966,
              3.1473771
            ]
          ]
        ]
      },
      "id": "way/583403047"
    },
    {
      "type": "Feature",
      "properties": {
        "@id": "way/583407964",
        "building": "yes"
      },
      "geometry": {
        "type": "Polygon",
        "coordinates": [
          [
            [
              101.7121886,
              3.1479813
            ],
            [
              101.7121897,
              3.1479862
            ],
            [
              101.7121891,
              3.1479913
            ],
            [
              101.712187,
              3.1479959
            ],
            [
              101.7121836,
              3.1479996
            ],
            [
              101.7121792,
              3.1480021
            ],
            [
              101.7121743,
              3.1480031
            ],
            [
              101.7121693,
              3.1480026
            ],
            [
              101.7121646,
              3.1480005
            ],
            [
              101.7121606,
              3.1479966
            ],
            [
              101.712158,
              3.1479916
            ],
            [
              101.7121574,
              3.1479861
            ],
            [
              101.7121587,
              3.1479806
            ],
            [
              101.7121617,
              3.1479759
            ],
            [
              101.7121663,
              3.1479726
            ],
            [
              101.7121716,
              3.147971
            ],
            [
              101.7121772,
              3.1479713
            ],
            [
              101.7121824,
              3.1479735
            ],
            [
              101.7121861,
              3.1479769
            ],
            [
              101.7121886,
              3.1479813
            ]
          ]
        ]
      },
      "id": "way/583407964"
    },
    {
      "type": "Feature",
      "properties": {
        "@id": "way/583407965",
        "building": "yes",
        "building:levels": "24"
      },
      "geometry": {
        "type": "Polygon",
        "coordinates": [
          [
            [
              101.7121401,
              3.1480063
            ],
            [
              101.7121617,
              3.1479759
            ],
            [
              101.7121663,
              3.1479726
            ],
            [
              101.7121716,
              3.147971
            ],
            [
              101.7121772,
              3.1479713
            ],
            [
              101.7121824,
              3.1479735
            ],
            [
              101.7121861,
              3.1479769
            ],
            [
              101.7121886,
              3.1479813
            ],
            [
              101.7121897,
              3.1479862
            ],
            [
              101.7121891,
              3.1479913
            ],
            [
              101.712187,
              3.1479959
            ],
            [
              101.7121661,
              3.1480252
            ],
            [
              101.7121401,
              3.1480063
            ]
          ]
        ]
      },
      "id": "way/583407965"
    },
    {
      "type": "Feature",
      "properties": {
        "@id": "way/583407966",
        "building": "yes",
        "building:roof": "flat",
        "roof:levels": "5"
      },
      "geometry": {
        "type": "Polygon",
        "coordinates": [
          [
            [
              101.7121466,
              3.147918
            ],
            [
              101.7122034,
              3.1479168
            ],
            [
              101.712238,
              3.1479446
            ],
            [
              101.7122519,
              3.1479943
            ],
            [
              101.7122356,
              3.1480157
            ],
            [
              101.7122137,
              3.147999
            ],
            [
              101.7121912,
              3.1480284
            ],
            [
              101.7121712,
              3.1480304
            ],
            [
              101.7121653,
              3.1480261
            ],
            [
              101.71213,
              3.1480005
            ],
            [
              101.7121277,
              3.1479834
            ],
            [
              101.7121508,
              3.1479516
            ],
            [
              101.7121321,
              3.1479381
            ],
            [
              101.7121466,
              3.147918
            ]
          ]
        ]
      },
      "id": "way/583407966"
    },
    {
      "type": "Feature",
      "properties": {
        "@id": "way/583407967",
        "building": "roof",
        "layer": "1",
        "roof:shape": "lean_to"
      },
      "geometry": {
        "type": "Polygon",
        "coordinates": [
          [
            [
              101.712123,
              3.1477344
            ],
            [
              101.7121865,
              3.1477837
            ],
            [
              101.7122404,
              3.1477169
            ],
            [
              101.7122661,
              3.147683
            ],
            [
              101.7122888,
              3.1477009
            ],
            [
              101.712273,
              3.1477429
            ],
            [
              101.7122353,
              3.1478429
            ],
            [
              101.7121379,
              3.1478466
            ],
            [
              101.7121171,
              3.1478316
            ],
            [
              101.712133,
              3.1478096
            ],
            [
              101.7121125,
              3.1477948
            ],
            [
              101.7121287,
              3.1477724
            ],
            [
              101.7121069,
              3.1477566
            ],
            [
              101.712123,
              3.1477344
            ]
          ]
        ]
      },
      "id": "way/583407967"
    },
    {
      "type": "Feature",
      "properties": {
        "@id": "way/583407968",
        "building": "roof",
        "layer": "1",
        "roof:shape": "lean_to"
      },
      "geometry": {
        "type": "Polygon",
        "coordinates": [
          [
            [
              101.7122353,
              3.1478429
            ],
            [
              101.712273,
              3.1477429
            ],
            [
              101.7122888,
              3.1477009
            ],
            [
              101.7124315,
              3.1478162
            ],
            [
              101.7123948,
              3.14784
            ],
            [
              101.7123054,
              3.1478979
            ],
            [
              101.7122353,
              3.1478429
            ]
          ]
        ]
      },
      "id": "way/583407968"
    },
    {
      "type": "Feature",
      "properties": {
        "@id": "way/583407969",
        "building": "roof",
        "layer": "1",
        "roof:shape": "lean_to"
      },
      "geometry": {
        "type": "Polygon",
        "coordinates": [
          [
            [
              101.7123054,
              3.1478979
            ],
            [
              101.7123948,
              3.14784
            ],
            [
              101.7124315,
              3.1478162
            ],
            [
              101.7124517,
              3.1478324
            ],
            [
              101.7124251,
              3.1478646
            ],
            [
              101.7123735,
              3.1479293
            ],
            [
              101.7124319,
              3.1479773
            ],
            [
              101.7124179,
              3.1479956
            ],
            [
              101.7123982,
              3.1479805
            ],
            [
              101.7123833,
              3.1479998
            ],
            [
              101.7123627,
              3.1479841
            ],
            [
              101.7123478,
              3.1480035
            ],
            [
              101.7123265,
              3.1479872
            ],
            [
              101.7123054,
              3.1478979
            ]
          ]
        ]
      },
      "id": "way/583407969"
    },
    {
      "type": "Feature",
      "properties": {
        "@id": "way/583407970",
        "building": "yes",
        "roof:levels": "3",
        "roof:shape": "sloped"
      },
      "geometry": {
        "type": "Polygon",
        "coordinates": [
          [
            [
              101.7122353,
              3.1478429
            ],
            [
              101.712221,
              3.1478799
            ],
            [
              101.712142,
              3.1478827
            ],
            [
              101.7121222,
              3.1478684
            ],
            [
              101.7121379,
              3.1478466
            ],
            [
              101.7122353,
              3.1478429
            ]
          ]
        ]
      },
      "id": "way/583407970"
    },
    {
      "type": "Feature",
      "properties": {
        "@id": "way/583407971",
        "building": "yes",
        "roof:levels": "3",
        "roof:shape": "sloped"
      },
      "geometry": {
        "type": "Polygon",
        "coordinates": [
          [
            [
              101.7122353,
              3.1478429
            ],
            [
              101.7123054,
              3.1478979
            ],
            [
              101.7122711,
              3.14792
            ],
            [
              101.712221,
              3.1478799
            ],
            [
              101.7122353,
              3.1478429
            ]
          ]
        ]
      },
      "id": "way/583407971"
    },
    {
      "type": "Feature",
      "properties": {
        "@id": "way/583407972",
        "building": "yes",
        "roof:levels": "3",
        "roof:shape": "sloped"
      },
      "geometry": {
        "type": "Polygon",
        "coordinates": [
          [
            [
              101.7122711,
              3.14792
            ],
            [
              101.7123054,
              3.1478979
            ],
            [
              101.7123265,
              3.1479872
            ],
            [
              101.7123109,
              3.1480075
            ],
            [
              101.7122893,
              3.147991
            ],
            [
              101.7122711,
              3.14792
            ]
          ]
        ]
      },
      "id": "way/583407972"
    },
    {
      "type": "Feature",
      "properties": {
        "@id": "way/583407973",
        "building": "yes",
        "roof:levels": "4",
        "roof:shape": "sloped"
      },
      "geometry": {
        "type": "Polygon",
        "coordinates": [
          [
            [
              101.7121466,
              3.147918
            ],
            [
              101.7121268,
              3.1479037
            ],
            [
              101.712142,
              3.1478827
            ],
            [
              101.712221,
              3.1478799
            ],
            [
              101.7122034,
              3.1479168
            ],
            [
              101.7121466,
              3.147918
            ]
          ]
        ]
      },
      "id": "way/583407973"
    },
    {
      "type": "Feature",
      "properties": {
        "@id": "way/583407974",
        "building": "yes",
        "roof:levels": "4",
        "roof:shape": "sloped"
      },
      "geometry": {
        "type": "Polygon",
        "coordinates": [
          [
            [
              101.7122519,
              3.1479943
            ],
            [
              101.712238,
              3.1479446
            ],
            [
              101.7122711,
              3.14792
            ],
            [
              101.7122893,
              3.147991
            ],
            [
              101.7122739,
              3.1480111
            ],
            [
              101.7122519,
              3.1479943
            ]
          ]
        ]
      },
      "id": "way/583407974"
    },
    {
      "type": "Feature",
      "properties": {
        "@id": "way/583407975",
        "building": "yes",
        "roof:levels": "4",
        "roof:shape": "sloped"
      },
      "geometry": {
        "type": "Polygon",
        "coordinates": [
          [
            [
              101.712238,
              3.1479446
            ],
            [
              101.7122034,
              3.1479168
            ],
            [
              101.712221,
              3.1478799
            ],
            [
              101.7122711,
              3.14792
            ],
            [
              101.712238,
              3.1479446
            ]
          ]
        ]
      },
      "id": "way/583407975"
    },
    {
      "type": "Feature",
      "properties": {
        "@id": "way/583407976",
        "building": "yes",
        "building:levels": "24"
      },
      "geometry": {
        "type": "Polygon",
        "coordinates": [
          [
            [
              101.7119122,
              3.1481766
            ],
            [
              101.7119275,
              3.1483013
            ],
            [
              101.7120529,
              3.1482877
            ],
            [
              101.7120363,
              3.1483086
            ],
            [
              101.7119961,
              3.1483594
            ],
            [
              101.7118676,
              3.1483769
            ],
            [
              101.71186,
              3.1482435
            ],
            [
              101.7119122,
              3.1481766
            ]
          ]
        ]
      },
      "id": "way/583407976"
    },
    {
      "type": "Feature",
      "properties": {
        "@id": "way/583622210",
        "building": "yes"
      },
      "geometry": {
        "type": "Polygon",
        "coordinates": [
          [
            [
              101.7126221,
              3.1440691
            ],
            [
              101.7124323,
              3.1439891
            ],
            [
              101.7123983,
              3.1439747
            ],
            [
              101.7124338,
              3.143946
            ],
            [
              101.7124781,
              3.1439304
            ],
            [
              101.7125284,
              3.1439335
            ],
            [
              101.7125747,
              3.1439488
            ],
            [
              101.7126118,
              3.1439692
            ],
            [
              101.7126454,
              3.144012
            ],
            [
              101.7126352,
              3.144037
            ],
            [
              101.7126221,
              3.1440691
            ]
          ]
        ]
      },
      "id": "way/583622210"
    },
    {
      "type": "Feature",
      "properties": {
        "@id": "way/583622212",
        "building": "yes",
        "layer": "1"
      },
      "geometry": {
        "type": "Polygon",
        "coordinates": [
          [
            [
              101.7106252,
              3.1438971
            ],
            [
              101.7104913,
              3.1437892
            ],
            [
              101.7104927,
              3.143691
            ],
            [
              101.7105692,
              3.1436894
            ],
            [
              101.7106447,
              3.1436824
            ],
            [
              101.7107197,
              3.1436488
            ],
            [
              101.7107611,
              3.1437606
            ],
            [
              101.7106644,
              3.1438933
            ],
            [
              101.7106252,
              3.1438971
            ]
          ]
        ]
      },
      "id": "way/583622212"
    },
    {
      "type": "Feature",
      "properties": {
        "@id": "way/583622213",
        "building": "yes"
      },
      "geometry": {
        "type": "Polygon",
        "coordinates": [
          [
            [
              101.7103239,
              3.143484
            ],
            [
              101.7103776,
              3.1433879
            ],
            [
              101.7103956,
              3.1433765
            ],
            [
              101.7104163,
              3.1433722
            ],
            [
              101.7104369,
              3.1433749
            ],
            [
              101.7104523,
              3.1433846
            ],
            [
              101.7104944,
              3.1434307
            ],
            [
              101.7104495,
              3.1434879
            ],
            [
              101.7103981,
              3.1434309
            ],
            [
              101.7103239,
              3.143484
            ]
          ]
        ]
      },
      "id": "way/583622213"
    },
    {
      "type": "Feature",
      "properties": {
        "@id": "way/583622214",
        "building": "yes"
      },
      "geometry": {
        "type": "Polygon",
        "coordinates": [
          [
            [
              101.7104944,
              3.1434307
            ],
            [
              101.7105035,
              3.1434182
            ],
            [
              101.7105613,
              3.1434411
            ],
            [
              101.7106242,
              3.1434211
            ],
            [
              101.7106472,
              3.143448
            ],
            [
              101.7106743,
              3.1434797
            ],
            [
              101.7105982,
              3.1435135
            ],
            [
              101.7105209,
              3.1435156
            ],
            [
              101.7104495,
              3.1434879
            ],
            [
              101.7104944,
              3.1434307
            ]
          ]
        ]
      },
      "id": "way/583622214"
    },
    {
      "type": "Feature",
      "properties": {
        "@id": "way/583622215",
        "building": "yes",
        "layer": "-1"
      },
      "geometry": {
        "type": "Polygon",
        "coordinates": [
          [
            [
              101.7107819,
              3.1436082
            ],
            [
              101.7106743,
              3.1434797
            ],
            [
              101.7106472,
              3.143448
            ],
            [
              101.7107674,
              3.1434523
            ],
            [
              101.7108579,
              3.1435579
            ],
            [
              101.7107819,
              3.1436082
            ]
          ]
        ]
      },
      "id": "way/583622215"
    },
    {
      "type": "Feature",
      "properties": {
        "@id": "way/583622243",
        "bridge:structure": "beam",
        "building": "bridge",
        "description": "Footbridge",
        "ele": "3",
        "layer": "1",
        "man_made": "bridge"
      },
      "geometry": {
        "type": "Polygon",
        "coordinates": [
          [
            [
              101.7106174,
              3.1433072
            ],
            [
              101.7106325,
              3.1432559
            ],
            [
              101.7108427,
              3.1433177
            ],
            [
              101.7109624,
              3.1429603
            ],
            [
              101.7109962,
              3.142971
            ],
            [
              101.7110405,
              3.142985
            ],
            [
              101.7109069,
              3.1433899
            ],
            [
              101.7106174,
              3.1433072
            ]
          ]
        ]
      },
      "id": "way/583622243"
    },
    {
      "type": "Feature",
      "properties": {
        "@id": "way/583622244",
        "building": "yes",
        "layer": "2"
      },
      "geometry": {
        "type": "Polygon",
        "coordinates": [
          [
            [
              101.7095147,
              3.1430171
            ],
            [
              101.7093128,
              3.1429562
            ],
            [
              101.7093369,
              3.1428819
            ],
            [
              101.7093507,
              3.142888
            ],
            [
              101.7094009,
              3.1429069
            ],
            [
              101.7094555,
              3.1429227
            ],
            [
              101.7095111,
              3.1429332
            ],
            [
              101.7095404,
              3.1429365
            ],
            [
              101.7095147,
              3.1430171
            ]
          ]
        ]
      },
      "id": "way/583622244"
    },
    {
      "type": "Feature",
      "properties": {
        "@id": "way/583622245",
        "building": "yes",
        "layer": "1"
      },
      "geometry": {
        "type": "Polygon",
        "coordinates": [
          [
            [
              101.7093934,
              3.1426715
            ],
            [
              101.7094062,
              3.1426296
            ],
            [
              101.7094389,
              3.1425227
            ],
            [
              101.7094479,
              3.1425018
            ],
            [
              101.7095249,
              3.1425262
            ],
            [
              101.7096032,
              3.142551
            ],
            [
              101.7095945,
              3.1425723
            ],
            [
              101.7095742,
              3.1426347
            ],
            [
              101.7095684,
              3.1426526
            ],
            [
              101.7096187,
              3.1426667
            ],
            [
              101.7095962,
              3.1427329
            ],
            [
              101.7095866,
              3.1427278
            ],
            [
              101.7095387,
              3.1427068
            ],
            [
              101.7094866,
              3.142689
            ],
            [
              101.7094296,
              3.1426772
            ],
            [
              101.7093934,
              3.1426715
            ]
          ]
        ]
      },
      "id": "way/583622245"
    },
    {
      "type": "Feature",
      "properties": {
        "@id": "way/583640368",
        "building": "yes",
        "height": "93"
      },
      "geometry": {
        "type": "Polygon",
        "coordinates": [
          [
            [
              101.7098848,
              3.1433339
            ],
            [
              101.7097891,
              3.1432519
            ],
            [
              101.7098206,
              3.1432152
            ],
            [
              101.7098378,
              3.1432051
            ],
            [
              101.7098582,
              3.143206
            ],
            [
              101.7098712,
              3.1432167
            ],
            [
              101.7098746,
              3.1432344
            ],
            [
              101.7098678,
              3.1432479
            ],
            [
              101.7099981,
              3.1432707
            ],
            [
              101.7099791,
              3.1433797
            ],
            [
              101.7099096,
              3.1433677
            ],
            [
              101.7098969,
              3.1433494
            ],
            [
              101.7098993,
              3.1433366
            ],
            [
              101.7098848,
              3.1433339
            ]
          ]
        ]
      },
      "id": "way/583640368"
    },
    {
      "type": "Feature",
      "properties": {
        "@id": "way/583640369",
        "building": "yes",
        "height": "80"
      },
      "geometry": {
        "type": "Polygon",
        "coordinates": [
          [
            [
              101.7099791,
              3.1433797
            ],
            [
              101.7099981,
              3.1432707
            ],
            [
              101.7100634,
              3.1432821
            ],
            [
              101.7100442,
              3.1433911
            ],
            [
              101.7099791,
              3.1433797
            ]
          ]
        ]
      },
      "id": "way/583640369"
    },
    {
      "type": "Feature",
      "properties": {
        "@id": "way/583640370",
        "building": "yes",
        "height": "75"
      },
      "geometry": {
        "type": "Polygon",
        "coordinates": [
          [
            [
              101.7100442,
              3.1433911
            ],
            [
              101.7100634,
              3.1432821
            ],
            [
              101.7101287,
              3.1432935
            ],
            [
              101.7101097,
              3.1434025
            ],
            [
              101.7100442,
              3.1433911
            ]
          ]
        ]
      },
      "id": "way/583640370"
    },
    {
      "type": "Feature",
      "properties": {
        "@id": "way/583640371",
        "building": "yes",
        "height": "70"
      },
      "geometry": {
        "type": "Polygon",
        "coordinates": [
          [
            [
              101.7101097,
              3.1434025
            ],
            [
              101.7101287,
              3.1432935
            ],
            [
              101.710194,
              3.1433049
            ],
            [
              101.7101749,
              3.1434139
            ],
            [
              101.7101097,
              3.1434025
            ]
          ]
        ]
      },
      "id": "way/583640371"
    },
    {
      "type": "Feature",
      "properties": {
        "@id": "way/583640372",
        "building": "yes",
        "height": "85"
      },
      "geometry": {
        "type": "Polygon",
        "coordinates": [
          [
            [
              101.7097099,
              3.1433474
            ],
            [
              101.7098071,
              3.1434271
            ],
            [
              101.7097723,
              3.1434698
            ],
            [
              101.7096748,
              3.1433909
            ],
            [
              101.7097099,
              3.1433474
            ]
          ]
        ]
      },
      "id": "way/583640372"
    },
    {
      "type": "Feature",
      "properties": {
        "@id": "way/583640373",
        "building": "yes",
        "height": "80"
      },
      "geometry": {
        "type": "Polygon",
        "coordinates": [
          [
            [
              101.7096748,
              3.1433909
            ],
            [
              101.7097723,
              3.1434698
            ],
            [
              101.7097317,
              3.1435198
            ],
            [
              101.7096342,
              3.1434408
            ],
            [
              101.7096748,
              3.1433909
            ]
          ]
        ]
      },
      "id": "way/583640373"
    },
    {
      "type": "Feature",
      "properties": {
        "@id": "way/583640374",
        "building": "yes",
        "height": "75"
      },
      "geometry": {
        "type": "Polygon",
        "coordinates": [
          [
            [
              101.7096342,
              3.1434408
            ],
            [
              101.7097317,
              3.1435198
            ],
            [
              101.709691,
              3.1435698
            ],
            [
              101.7095936,
              3.1434907
            ],
            [
              101.7096342,
              3.1434408
            ]
          ]
        ]
      },
      "id": "way/583640374"
    },
    {
      "type": "Feature",
      "properties": {
        "@id": "way/583640375",
        "building": "yes",
        "height": "70"
      },
      "geometry": {
        "type": "Polygon",
        "coordinates": [
          [
            [
              101.7095936,
              3.1434907
            ],
            [
              101.709691,
              3.1435698
            ],
            [
              101.7096504,
              3.1436197
            ],
            [
              101.709553,
              3.1435407
            ],
            [
              101.7095936,
              3.1434907
            ]
          ]
        ]
      },
      "id": "way/583640375"
    },
    {
      "type": "Feature",
      "properties": {
        "@id": "way/583640376",
        "building": "yes",
        "height": "16"
      },
      "geometry": {
        "type": "Polygon",
        "coordinates": [
          [
            [
              101.7098582,
              3.143206
            ],
            [
              101.7102916,
              3.1432832
            ],
            [
              101.7102863,
              3.1433485
            ],
            [
              101.7101491,
              3.1435146
            ],
            [
              101.7099791,
              3.1433797
            ],
            [
              101.7100442,
              3.1433911
            ],
            [
              101.7101097,
              3.1434025
            ],
            [
              101.7101749,
              3.1434139
            ],
            [
              101.710194,
              3.1433049
            ],
            [
              101.7101287,
              3.1432935
            ],
            [
              101.7098678,
              3.1432479
            ],
            [
              101.7098746,
              3.1432344
            ],
            [
              101.7098712,
              3.1432167
            ],
            [
              101.7098582,
              3.143206
            ]
          ]
        ]
      },
      "id": "way/583640376"
    },
    {
      "type": "Feature",
      "properties": {
        "@id": "way/583846098",
        "building": "yes"
      },
      "geometry": {
        "type": "Polygon",
        "coordinates": [
          [
            [
              101.7119948,
              3.1470384
            ],
            [
              101.7119416,
              3.1469972
            ],
            [
              101.7119659,
              3.1469655
            ],
            [
              101.711976,
              3.1469734
            ],
            [
              101.712019,
              3.1470076
            ],
            [
              101.7119948,
              3.1470384
            ]
          ]
        ]
      },
      "id": "way/583846098"
    },
    {
      "type": "Feature",
      "properties": {
        "@id": "way/583846099",
        "building": "yes",
        "building:levels": "13"
      },
      "geometry": {
        "type": "Polygon",
        "coordinates": [
          [
            [
              101.7120367,
              3.1470216
            ],
            [
              101.712019,
              3.1470076
            ],
            [
              101.711976,
              3.1469734
            ],
            [
              101.7120519,
              3.1468795
            ],
            [
              101.7121275,
              3.1469365
            ],
            [
              101.712089,
              3.146988
            ],
            [
              101.7120733,
              3.1469756
            ],
            [
              101.7120367,
              3.1470216
            ]
          ]
        ]
      },
      "id": "way/583846099"
    },
    {
      "type": "Feature",
      "properties": {
        "@id": "way/583846100",
        "building": "yes",
        "building:levels": "13"
      },
      "geometry": {
        "type": "Polygon",
        "coordinates": [
          [
            [
              101.7121279,
              3.1469358
            ],
            [
              101.7120542,
              3.1468772
            ],
            [
              101.7121004,
              3.1468215
            ],
            [
              101.712172,
              3.1468805
            ],
            [
              101.7121513,
              3.1469086
            ],
            [
              101.7121279,
              3.1469358
            ]
          ]
        ]
      },
      "id": "way/583846100"
    },
    {
      "type": "Feature",
      "properties": {
        "@id": "way/583846101",
        "building": "yes",
        "building:levels": "13"
      },
      "geometry": {
        "type": "Polygon",
        "coordinates": [
          [
            [
              101.7121747,
              3.1468785
            ],
            [
              101.7121006,
              3.1468201
            ],
            [
              101.7121579,
              3.1467434
            ],
            [
              101.7122356,
              3.146803
            ],
            [
              101.7121747,
              3.1468785
            ]
          ]
        ]
      },
      "id": "way/583846101"
    },
    {
      "type": "Feature",
      "properties": {
        "@id": "way/583846102",
        "building": "yes"
      },
      "geometry": {
        "type": "Polygon",
        "coordinates": [
          [
            [
              101.7121579,
              3.1467434
            ],
            [
              101.7121877,
              3.1467056
            ],
            [
              101.7121862,
              3.1466971
            ],
            [
              101.7122218,
              3.1466497
            ],
            [
              101.7123017,
              3.1467094
            ],
            [
              101.712298,
              3.1467251
            ],
            [
              101.7122934,
              3.1467393
            ],
            [
              101.7122881,
              3.1467521
            ],
            [
              101.7122804,
              3.146765
            ],
            [
              101.7122787,
              3.1467668
            ],
            [
              101.7122697,
              3.1467768
            ],
            [
              101.7122583,
              3.1467867
            ],
            [
              101.7122449,
              3.1467943
            ],
            [
              101.7122356,
              3.146803
            ],
            [
              101.7121579,
              3.1467434
            ]
          ]
        ]
      },
      "id": "way/583846102"
    },
    {
      "type": "Feature",
      "properties": {
        "@id": "way/583846103",
        "building": "yes"
      },
      "geometry": {
        "type": "Polygon",
        "coordinates": [
          [
            [
              101.7121579,
              3.1467434
            ],
            [
              101.7120984,
              3.1468188
            ],
            [
              101.7120519,
              3.1468772
            ],
            [
              101.711976,
              3.1469734
            ],
            [
              101.7119659,
              3.1469655
            ],
            [
              101.7119416,
              3.1469972
            ],
            [
              101.7119948,
              3.1470384
            ],
            [
              101.7119909,
              3.1470437
            ],
            [
              101.7120064,
              3.1470564
            ],
            [
              101.712023,
              3.1470691
            ],
            [
              101.7120402,
              3.1470809
            ],
            [
              101.7120593,
              3.1470918
            ],
            [
              101.7120712,
              3.1470975
            ],
            [
              101.7120831,
              3.1471013
            ],
            [
              101.7120946,
              3.1471023
            ],
            [
              101.7121068,
              3.1471013
            ],
            [
              101.7121191,
              3.1470978
            ],
            [
              101.7121301,
              3.1470911
            ],
            [
              101.7121391,
              3.1470841
            ],
            [
              101.712147,
              3.1470749
            ],
            [
              101.712264,
              3.1468256
            ],
            [
              101.7122376,
              3.1468039
            ],
            [
              101.712249,
              3.1467973
            ],
            [
              101.7122671,
              3.1467949
            ],
            [
              101.7122834,
              3.1467982
            ],
            [
              101.7123148,
              3.1468224
            ],
            [
              101.7121914,
              3.1470893
            ],
            [
              101.7121663,
              3.1471101
            ],
            [
              101.7121361,
              3.1471181
            ],
            [
              101.7121026,
              3.1471181
            ],
            [
              101.7120744,
              3.147108
            ],
            [
              101.7120417,
              3.1470906
            ],
            [
              101.712012,
              3.1470685
            ],
            [
              101.7119953,
              3.1470546
            ],
            [
              101.7119302,
              3.1470003
            ],
            [
              101.7121432,
              3.1467325
            ],
            [
              101.7121579,
              3.1467434
            ]
          ]
        ]
      },
      "id": "way/583846103"
    },
    {
      "type": "Feature",
      "properties": {
        "@id": "way/583846104",
        "addr:city": "Kuala Lumpur",
        "addr:housenumber": "101",
        "addr:postcode": "55100",
        "addr:street": "Jalan Bukit Bintang",
        "building": "commercial",
        "building:levels": "12"
      },
      "geometry": {
        "type": "Polygon",
        "coordinates": [
          [
            [
              101.7119953,
              3.1470546
            ],
            [
              101.711988,
              3.1470587
            ],
            [
              101.7119796,
              3.1470579
            ],
            [
              101.7118909,
              3.1469948
            ],
            [
              101.7122945,
              3.1464721
            ],
            [
              101.7124408,
              3.1465778
            ],
            [
              101.7122152,
              3.1471038
            ],
            [
              101.712199,
              3.1471269
            ],
            [
              101.7121755,
              3.1471428
            ],
            [
              101.7121446,
              3.1471493
            ],
            [
              101.7121159,
              3.1471475
            ],
            [
              101.7120946,
              3.1471392
            ],
            [
              101.7120786,
              3.1471259
            ],
            [
              101.7120743,
              3.1471161
            ],
            [
              101.7120744,
              3.147108
            ],
            [
              101.7121026,
              3.1471181
            ],
            [
              101.7121361,
              3.1471181
            ],
            [
              101.7121663,
              3.1471101
            ],
            [
              101.7121914,
              3.1470893
            ],
            [
              101.712318,
              3.1468208
            ],
            [
              101.71235,
              3.146746
            ],
            [
              101.7123017,
              3.1467094
            ],
            [
              101.7122218,
              3.1466497
            ],
            [
              101.7121862,
              3.1466971
            ],
            [
              101.7121877,
              3.1467056
            ],
            [
              101.7121579,
              3.1467434
            ],
            [
              101.7121432,
              3.1467325
            ],
            [
              101.7119302,
              3.1470003
            ],
            [
              101.7119953,
              3.1470546
            ]
          ]
        ]
      },
      "id": "way/583846104"
    },
    {
      "type": "Feature",
      "properties": {
        "@id": "way/583846105",
        "building": "yes"
      },
      "geometry": {
        "type": "Polygon",
        "coordinates": [
          [
            [
              101.7122464,
              3.1467953
            ],
            [
              101.7122583,
              3.1467867
            ],
            [
              101.7122697,
              3.1467768
            ],
            [
              101.7122787,
              3.1467668
            ],
            [
              101.7122881,
              3.1467521
            ],
            [
              101.7122934,
              3.1467393
            ],
            [
              101.712298,
              3.1467251
            ],
            [
              101.7123017,
              3.1467094
            ],
            [
              101.71235,
              3.146746
            ],
            [
              101.7123165,
              3.1468215
            ],
            [
              101.7122843,
              3.1467967
            ],
            [
              101.7122662,
              3.1467929
            ],
            [
              101.7122464,
              3.1467953
            ]
          ]
        ]
      },
      "id": "way/583846105"
    },
    {
      "type": "Feature",
      "properties": {
        "@id": "way/583846106",
        "amenity": "parking",
        "building": "parking",
        "fee": "yes",
        "parking": "multi-storey"
      },
      "geometry": {
        "type": "Polygon",
        "coordinates": [
          [
            [
              101.7125899,
              3.1463172
            ],
            [
              101.7125948,
              3.1463771
            ],
            [
              101.7125717,
              3.1464133
            ],
            [
              101.7125396,
              3.1464522
            ],
            [
              101.7124964,
              3.1464782
            ],
            [
              101.712447,
              3.1464884
            ],
            [
              101.712397,
              3.1464816
            ],
            [
              101.7123521,
              3.1464586
            ],
            [
              101.7123175,
              3.146422
            ],
            [
              101.7122969,
              3.146376
            ],
            [
              101.7122926,
              3.1463287
            ],
            [
              101.7123034,
              3.1462825
            ],
            [
              101.7123281,
              3.1462421
            ],
            [
              101.7123642,
              3.1462114
            ],
            [
              101.7124101,
              3.1461921
            ],
            [
              101.7124586,
              3.1461906
            ],
            [
              101.7125056,
              3.1462039
            ],
            [
              101.7125458,
              3.1462316
            ],
            [
              101.7125749,
              3.1462707
            ],
            [
              101.7125899,
              3.1463172
            ]
          ]
        ]
      },
      "id": "way/583846106"
    },
    {
      "type": "Feature",
      "properties": {
        "@id": "way/583846107",
        "building": "yes"
      },
      "geometry": {
        "type": "Polygon",
        "coordinates": [
          [
            [
              101.7121089,
              3.1457873
            ],
            [
              101.7122693,
              3.1455895
            ],
            [
              101.7124811,
              3.1457608
            ],
            [
              101.7123208,
              3.1459586
            ],
            [
              101.7121089,
              3.1457873
            ]
          ]
        ]
      },
      "id": "way/583846107"
    },
    {
      "type": "Feature",
      "properties": {
        "@id": "way/583846109",
        "building": "yes"
      },
      "geometry": {
        "type": "Polygon",
        "coordinates": [
          [
            [
              101.7128182,
              3.1462195
            ],
            [
              101.7125329,
              3.1460043
            ],
            [
              101.7126169,
              3.1458934
            ],
            [
              101.7129021,
              3.1461086
            ],
            [
              101.7128182,
              3.1462195
            ]
          ]
        ]
      },
      "id": "way/583846109"
    },
    {
      "type": "Feature",
      "properties": {
        "@id": "way/583846125",
        "building": "roof",
        "layer": "1"
      },
      "geometry": {
        "type": "Polygon",
        "coordinates": [
          [
            [
              101.7099527,
              3.1469316
            ],
            [
              101.7099512,
              3.1468944
            ],
            [
              101.7099149,
              3.1468958
            ],
            [
              101.7099481,
              3.1467785
            ],
            [
              101.7099135,
              3.1467688
            ],
            [
              101.7099555,
              3.1466204
            ],
            [
              101.7101704,
              3.1466828
            ],
            [
              101.710107,
              3.1468928
            ],
            [
              101.7100974,
              3.146923
            ],
            [
              101.7099527,
              3.1469316
            ]
          ]
        ]
      },
      "id": "way/583846125"
    },
    {
      "type": "Feature",
      "properties": {
        "@id": "way/583846126",
        "building": "roof",
        "layer": "1"
      },
      "geometry": {
        "type": "Polygon",
        "coordinates": [
          [
            [
              101.7101514,
              3.1469061
            ],
            [
              101.710107,
              3.1468928
            ],
            [
              101.7101704,
              3.1466828
            ],
            [
              101.7102149,
              3.1466964
            ],
            [
              101.7101514,
              3.1469061
            ]
          ]
        ]
      },
      "id": "way/583846126"
    },
    {
      "type": "Feature",
      "properties": {
        "@id": "way/583846127",
        "addr:housenumber": "77",
        "addr:street": "Jalan Berangan",
        "building": "yes"
      },
      "geometry": {
        "type": "Polygon",
        "coordinates": [
          [
            [
              101.7098284,
              3.1472032
            ],
            [
              101.7098254,
              3.1469878
            ],
            [
              101.7098827,
              3.146987
            ],
            [
              101.7098858,
              3.1472024
            ],
            [
              101.7098284,
              3.1472032
            ]
          ]
        ]
      },
      "id": "way/583846127"
    },
    {
      "type": "Feature",
      "properties": {
        "@id": "way/583851774",
        "building": "roof",
        "layer": "1"
      },
      "geometry": {
        "type": "Polygon",
        "coordinates": [
          [
            [
              101.7119167,
              3.1430172
            ],
            [
              101.7118602,
              3.1429782
            ],
            [
              101.7119845,
              3.1427834
            ],
            [
              101.7120441,
              3.1428266
            ],
            [
              101.712028,
              3.1428518
            ],
            [
              101.7120889,
              3.1428906
            ],
            [
              101.7120653,
              3.1429274
            ],
            [
              101.7120197,
              3.1429915
            ],
            [
              101.7119587,
              3.1429532
            ],
            [
              101.7119167,
              3.1430172
            ]
          ]
        ]
      },
      "id": "way/583851774"
    },
    {
      "type": "Feature",
      "properties": {
        "@id": "way/583851775",
        "building": "roof",
        "layer": "1"
      },
      "geometry": {
        "type": "Polygon",
        "coordinates": [
          [
            [
              101.7118675,
              3.1430887
            ],
            [
              101.7118602,
              3.1429782
            ],
            [
              101.7119167,
              3.1430172
            ],
            [
              101.7119295,
              3.1431285
            ],
            [
              101.7118675,
              3.1430887
            ]
          ]
        ]
      },
      "id": "way/583851775"
    },
    {
      "type": "Feature",
      "properties": {
        "@id": "way/583851776",
        "building": "roof",
        "layer": "1"
      },
      "geometry": {
        "type": "Polygon",
        "coordinates": [
          [
            [
              101.7119295,
              3.1431285
            ],
            [
              101.7119167,
              3.1430172
            ],
            [
              101.7119587,
              3.1429532
            ],
            [
              101.7119641,
              3.1430688
            ],
            [
              101.7119295,
              3.1431285
            ]
          ]
        ]
      },
      "id": "way/583851776"
    },
    {
      "type": "Feature",
      "properties": {
        "@id": "way/583851777",
        "building": "roof",
        "layer": "1"
      },
      "geometry": {
        "type": "Polygon",
        "coordinates": [
          [
            [
              101.7119641,
              3.1430688
            ],
            [
              101.7119587,
              3.1429532
            ],
            [
              101.7120197,
              3.1429915
            ],
            [
              101.7120267,
              3.143106
            ],
            [
              101.7119641,
              3.1430688
            ]
          ]
        ]
      },
      "id": "way/583851777"
    },
    {
      "type": "Feature",
      "properties": {
        "@id": "way/583851778",
        "building": "roof",
        "layer": "1"
      },
      "geometry": {
        "type": "Polygon",
        "coordinates": [
          [
            [
              101.7120267,
              3.143106
            ],
            [
              101.7120197,
              3.1429915
            ],
            [
              101.7120653,
              3.1429274
            ],
            [
              101.7120703,
              3.143044
            ],
            [
              101.7120267,
              3.143106
            ]
          ]
        ]
      },
      "id": "way/583851778"
    },
    {
      "type": "Feature",
      "properties": {
        "@id": "way/583851779",
        "building": "roof",
        "layer": "1"
      },
      "geometry": {
        "type": "Polygon",
        "coordinates": [
          [
            [
              101.7117019,
              3.1430115
            ],
            [
              101.7118381,
              3.143001
            ],
            [
              101.7118453,
              3.1431192
            ],
            [
              101.7117019,
              3.1430115
            ]
          ]
        ]
      },
      "id": "way/583851779"
    },
    {
      "type": "Feature",
      "properties": {
        "@id": "way/583851780",
        "building": "roof",
        "layer": "1"
      },
      "geometry": {
        "type": "Polygon",
        "coordinates": [
          [
            [
              101.7118453,
              3.1431192
            ],
            [
              101.7118381,
              3.143001
            ],
            [
              101.7118602,
              3.1429782
            ],
            [
              101.7118675,
              3.1430887
            ],
            [
              101.7118453,
              3.1431192
            ]
          ]
        ]
      },
      "id": "way/583851780"
    },
    {
      "type": "Feature",
      "properties": {
        "@id": "way/583851781",
        "building": "roof",
        "layer": "1"
      },
      "geometry": {
        "type": "Polygon",
        "coordinates": [
          [
            [
              101.7118381,
              3.143001
            ],
            [
              101.7117019,
              3.1430115
            ],
            [
              101.7119312,
              3.1426418
            ],
            [
              101.7119845,
              3.1427834
            ],
            [
              101.7118602,
              3.1429782
            ],
            [
              101.7118381,
              3.143001
            ]
          ]
        ]
      },
      "id": "way/583851781"
    },
    {
      "type": "Feature",
      "properties": {
        "@id": "way/583851782",
        "building": "roof",
        "layer": "1"
      },
      "geometry": {
        "type": "Polygon",
        "coordinates": [
          [
            [
              101.712028,
              3.1428518
            ],
            [
              101.7120441,
              3.1428266
            ],
            [
              101.7120603,
              3.1428369
            ],
            [
              101.7121092,
              3.1428676
            ],
            [
              101.7121323,
              3.1428824
            ],
            [
              101.7121206,
              3.1429006
            ],
            [
              101.7121486,
              3.1429271
            ],
            [
              101.7121221,
              3.1429637
            ],
            [
              101.7120653,
              3.1429274
            ],
            [
              101.7120889,
              3.1428906
            ],
            [
              101.712028,
              3.1428518
            ]
          ]
        ]
      },
      "id": "way/583851782"
    },
    {
      "type": "Feature",
      "properties": {
        "@id": "way/583851783",
        "building": "roof",
        "layer": "1"
      },
      "geometry": {
        "type": "Polygon",
        "coordinates": [
          [
            [
              101.7120703,
              3.143044
            ],
            [
              101.7120653,
              3.1429274
            ],
            [
              101.7121221,
              3.1429637
            ],
            [
              101.7121201,
              3.1430752
            ],
            [
              101.7120703,
              3.143044
            ]
          ]
        ]
      },
      "id": "way/583851783"
    },
    {
      "type": "Feature",
      "properties": {
        "@id": "way/583851784",
        "building": "roof",
        "layer": "1"
      },
      "geometry": {
        "type": "Polygon",
        "coordinates": [
          [
            [
              101.7121201,
              3.1430752
            ],
            [
              101.7121221,
              3.1429637
            ],
            [
              101.7121486,
              3.1429271
            ],
            [
              101.7121718,
              3.1430224
            ],
            [
              101.7121201,
              3.1430752
            ]
          ]
        ]
      },
      "id": "way/583851784"
    },
    {
      "type": "Feature",
      "properties": {
        "@id": "way/583851785",
        "building": "roof",
        "layer": "1"
      },
      "geometry": {
        "type": "Polygon",
        "coordinates": [
          [
            [
              101.7121718,
              3.1430224
            ],
            [
              101.7121486,
              3.1429271
            ],
            [
              101.7122833,
              3.1429832
            ],
            [
              101.7122407,
              3.1429958
            ],
            [
              101.7122049,
              3.1430436
            ],
            [
              101.7121718,
              3.1430224
            ]
          ]
        ]
      },
      "id": "way/583851785"
    },
    {
      "type": "Feature",
      "properties": {
        "@id": "way/583851786",
        "building": "roof",
        "layer": "1"
      },
      "geometry": {
        "type": "Polygon",
        "coordinates": [
          [
            [
              101.7120603,
              3.1428369
            ],
            [
              101.712111,
              3.1427535
            ],
            [
              101.7122245,
              3.1428389
            ],
            [
              101.7122061,
              3.1428688
            ],
            [
              101.7121351,
              3.1428254
            ],
            [
              101.7121092,
              3.1428676
            ],
            [
              101.7120603,
              3.1428369
            ]
          ]
        ]
      },
      "id": "way/583851786"
    },
    {
      "type": "Feature",
      "properties": {
        "@id": "way/583851787",
        "building": "roof",
        "layer": "1"
      },
      "geometry": {
        "type": "Polygon",
        "coordinates": [
          [
            [
              101.7120603,
              3.1428369
            ],
            [
              101.7120441,
              3.1428266
            ],
            [
              101.7119845,
              3.1427834
            ],
            [
              101.7119312,
              3.1426418
            ],
            [
              101.712111,
              3.1427535
            ],
            [
              101.7120603,
              3.1428369
            ]
          ]
        ]
      },
      "id": "way/583851787"
    },
    {
      "type": "Feature",
      "properties": {
        "@id": "way/584523877",
        "building": "yes"
      },
      "geometry": {
        "type": "Polygon",
        "coordinates": [
          [
            [
              101.7132002,
              3.1460339
            ],
            [
              101.7125923,
              3.1455533
            ],
            [
              101.7127408,
              3.1453659
            ],
            [
              101.7133488,
              3.1458465
            ],
            [
              101.7132002,
              3.1460339
            ]
          ]
        ]
      },
      "id": "way/584523877"
    },
    {
      "type": "Feature",
      "properties": {
        "@id": "way/584523878",
        "building": "yes"
      },
      "geometry": {
        "type": "Polygon",
        "coordinates": [
          [
            [
              101.7133886,
              3.1458061
            ],
            [
              101.7127856,
              3.1453352
            ],
            [
              101.712903,
              3.1451854
            ],
            [
              101.713506,
              3.1456562
            ],
            [
              101.7133886,
              3.1458061
            ]
          ]
        ]
      },
      "id": "way/584523878"
    },
    {
      "type": "Feature",
      "properties": {
        "@id": "way/584523879",
        "building": "retail"
      },
      "geometry": {
        "type": "Polygon",
        "coordinates": [
          [
            [
              101.7138056,
              3.1453582
            ],
            [
              101.713922,
              3.1452099
            ],
            [
              101.714726,
              3.1458389
            ],
            [
              101.7145533,
              3.145943
            ],
            [
              101.7138056,
              3.1453582
            ]
          ]
        ]
      },
      "id": "way/584523879"
    },
    {
      "type": "Feature",
      "properties": {
        "@id": "way/584523880",
        "building": "retail"
      },
      "geometry": {
        "type": "Polygon",
        "coordinates": [
          [
            [
              101.7137494,
              3.1453142
            ],
            [
              101.7131379,
              3.1448371
            ],
            [
              101.7132556,
              3.1446866
            ],
            [
              101.7138672,
              3.1451636
            ],
            [
              101.7137494,
              3.1453142
            ]
          ]
        ]
      },
      "id": "way/584523880"
    },
    {
      "type": "Feature",
      "properties": {
        "@id": "way/584523881",
        "building": "retail"
      },
      "geometry": {
        "type": "Polygon",
        "coordinates": [
          [
            [
              101.7138816,
              3.1451428
            ],
            [
              101.7132726,
              3.1446674
            ],
            [
              101.7133883,
              3.1445198
            ],
            [
              101.7139972,
              3.1449951
            ],
            [
              101.7138816,
              3.1451428
            ]
          ]
        ]
      },
      "id": "way/584523881"
    },
    {
      "type": "Feature",
      "properties": {
        "@id": "way/584523882",
        "building": "retail"
      },
      "geometry": {
        "type": "Polygon",
        "coordinates": [
          [
            [
              101.7126633,
              3.1444812
            ],
            [
              101.7126032,
              3.1444374
            ],
            [
              101.7127189,
              3.1442828
            ],
            [
              101.7127769,
              3.1443303
            ],
            [
              101.7126633,
              3.1444812
            ]
          ]
        ]
      },
      "id": "way/584523882"
    },
    {
      "type": "Feature",
      "properties": {
        "@id": "way/584523883",
        "addr:housenumber": "72",
        "building": "retail",
        "building:levels": "3"
      },
      "geometry": {
        "type": "Polygon",
        "coordinates": [
          [
            [
              101.7128553,
              3.1443229
            ],
            [
              101.7127922,
              3.1442763
            ],
            [
              101.7129033,
              3.1441263
            ],
            [
              101.7129664,
              3.1441729
            ],
            [
              101.7128553,
              3.1443229
            ]
          ]
        ]
      },
      "id": "way/584523883"
    },
    {
      "type": "Feature",
      "properties": {
        "@id": "way/585538315",
        "building": "apartments",
        "building:levels": "50",
        "height": "230",
        "name": "Pavilion Suites",
        "name:en": "Pavilion Suites",
        "start_date": "2016",
        "wikipedia": "en:Pavilion Kuala Lumpur#Pavilion Elite"
      },
      "geometry": {
        "type": "Polygon",
        "coordinates": [
          [
            [
              101.7123785,
              3.1482423
            ],
            [
              101.71257,
              3.1480098
            ],
            [
              101.7127449,
              3.1481524
            ],
            [
              101.7128151,
              3.1482234
            ],
            [
              101.7128024,
              3.1482256
            ],
            [
              101.7126312,
              3.1484446
            ],
            [
              101.7125002,
              3.1483397
            ],
            [
              101.7123785,
              3.1482423
            ]
          ]
        ]
      },
      "id": "way/585538315"
    },
    {
      "type": "Feature",
      "properties": {
        "@id": "way/590314276",
        "building": "roof",
        "layer": "1",
        "@relations": [
          {
            "role": "outer",
            "rel": 8319700,
            "reltags": {
              "building": "roof",
              "layer": "1",
              "type": "multipolygon"
            }
          }
        ]
      },
      "geometry": {
        "type": "Polygon",
        "coordinates": [
          [
            [
              101.7132536,
              3.1460546
            ],
            [
              101.7135119,
              3.1457248
            ],
            [
              101.7135701,
              3.1457703
            ],
            [
              101.7135519,
              3.1457936
            ],
            [
              101.7136231,
              3.1458476
            ],
            [
              101.7136433,
              3.1458219
            ],
            [
              101.7137003,
              3.1458664
            ],
            [
              101.7134377,
              3.1462006
            ],
            [
              101.7133811,
              3.1461562
            ],
            [
              101.7134199,
              3.1461068
            ],
            [
              101.7133503,
              3.1460509
            ],
            [
              101.7133118,
              3.1461
            ],
            [
              101.7132536,
              3.1460546
            ]
          ]
        ]
      },
      "id": "way/590314276"
    },
    {
      "type": "Feature",
      "properties": {
        "@id": "way/590314277",
        "building": "roof",
        "layer": "1",
        "@relations": [
          {
            "role": "inner",
            "rel": 8319700,
            "reltags": {
              "building": "roof",
              "layer": "1",
              "type": "multipolygon"
            }
          }
        ]
      },
      "geometry": {
        "type": "Polygon",
        "coordinates": [
          [
            [
              101.713521,
              3.1459775
            ],
            [
              101.7134507,
              3.1459224
            ],
            [
              101.7135075,
              3.14585
            ],
            [
              101.7135778,
              3.1459052
            ],
            [
              101.713521,
              3.1459775
            ]
          ]
        ]
      },
      "id": "way/590314277"
    },
    {
      "type": "Feature",
      "properties": {
        "@id": "way/590314278",
        "building": "retail",
        "layer": "1"
      },
      "geometry": {
        "type": "Polygon",
        "coordinates": [
          [
            [
              101.7092308,
              3.1442519
            ],
            [
              101.7093327,
              3.1443352
            ],
            [
              101.7091122,
              3.1445461
            ],
            [
              101.708935,
              3.1447827
            ],
            [
              101.7088655,
              3.1447262
            ],
            [
              101.7088791,
              3.1447081
            ],
            [
              101.708931,
              3.144639
            ],
            [
              101.7091806,
              3.1443217
            ],
            [
              101.7092308,
              3.1442519
            ]
          ]
        ]
      },
      "id": "way/590314278"
    },
    {
      "type": "Feature",
      "properties": {
        "@id": "way/590314279",
        "building": "roof",
        "layer": "1"
      },
      "geometry": {
        "type": "Polygon",
        "coordinates": [
          [
            [
              101.7090173,
              3.1448452
            ],
            [
              101.7091555,
              3.144659
            ],
            [
              101.7092042,
              3.1446219
            ],
            [
              101.7092191,
              3.1446342
            ],
            [
              101.7091947,
              3.1446632
            ],
            [
              101.7091097,
              3.144761
            ],
            [
              101.7090396,
              3.1448457
            ],
            [
              101.7090173,
              3.1448452
            ]
          ]
        ]
      },
      "id": "way/590314279"
    },
    {
      "type": "Feature",
      "properties": {
        "@id": "way/590376491",
        "building": "retail"
      },
      "geometry": {
        "type": "Polygon",
        "coordinates": [
          [
            [
              101.7139821,
              3.1446317
            ],
            [
              101.7134455,
              3.1442086
            ],
            [
              101.7135615,
              3.1440618
            ],
            [
              101.7141234,
              3.1445048
            ],
            [
              101.7140284,
              3.1446249
            ],
            [
              101.7139821,
              3.1446317
            ]
          ]
        ]
      },
      "id": "way/590376491"
    },
    {
      "type": "Feature",
      "properties": {
        "@id": "way/590376492",
        "building": "retail"
      },
      "geometry": {
        "type": "Polygon",
        "coordinates": [
          [
            [
              101.7135956,
              3.14402
            ],
            [
              101.7137172,
              3.1438637
            ],
            [
              101.7142384,
              3.144268
            ],
            [
              101.7142503,
              3.1443168
            ],
            [
              101.7141479,
              3.1444484
            ],
            [
              101.7135956,
              3.14402
            ]
          ]
        ]
      },
      "id": "way/590376492"
    },
    {
      "type": "Feature",
      "properties": {
        "@id": "way/609601423",
        "building": "yes"
      },
      "geometry": {
        "type": "Polygon",
        "coordinates": [
          [
            [
              101.7146092,
              3.1439113
            ],
            [
              101.7142252,
              3.1433644
            ],
            [
              101.7142309,
              3.143184
            ],
            [
              101.7144695,
              3.1431882
            ],
            [
              101.7144751,
              3.1432686
            ],
            [
              101.7144779,
              3.1433052
            ],
            [
              101.7145203,
              3.1433912
            ],
            [
              101.7146713,
              3.1436407
            ],
            [
              101.7146671,
              3.1437323
            ],
            [
              101.7146092,
              3.1439113
            ]
          ]
        ]
      },
      "id": "way/609601423"
    },
    {
      "type": "Feature",
      "properties": {
        "@id": "way/609601424",
        "building": "yes"
      },
      "geometry": {
        "type": "Polygon",
        "coordinates": [
          [
            [
              101.7144376,
              3.1440643
            ],
            [
              101.7140211,
              3.1435258
            ],
            [
              101.7141482,
              3.1433694
            ],
            [
              101.7145703,
              3.1439445
            ],
            [
              101.7144376,
              3.1440643
            ]
          ]
        ]
      },
      "id": "way/609601424"
    },
    {
      "type": "Feature",
      "properties": {
        "@id": "way/618150032",
        "building": "yes",
        "height": "19.77",
        "min_height": "5.59",
        "roof:height": "14.18",
        "roof:shape": "hipped"
      },
      "geometry": {
        "type": "Polygon",
        "coordinates": [
          [
            [
              101.7114556,
              3.1477301
            ],
            [
              101.7115252,
              3.147447
            ],
            [
              101.7118955,
              3.1477289
            ],
            [
              101.7117114,
              3.1479133
            ],
            [
              101.7115792,
              3.1478186
            ],
            [
              101.7114556,
              3.1477301
            ]
          ]
        ]
      },
      "id": "way/618150032"
    },
    {
      "type": "Feature",
      "properties": {
        "@id": "way/625563941",
        "building": "yes"
      },
      "geometry": {
        "type": "Polygon",
        "coordinates": [
          [
            [
              101.7117568,
              3.1456893
            ],
            [
              101.7118452,
              3.1454375
            ],
            [
              101.7118875,
              3.1453992
            ],
            [
              101.7119132,
              3.1453298
            ],
            [
              101.7120175,
              3.1453683
            ],
            [
              101.7118683,
              3.1455645
            ],
            [
              101.7118171,
              3.1457104
            ],
            [
              101.7117568,
              3.1456893
            ]
          ]
        ]
      },
      "id": "way/625563941"
    },
    {
      "type": "Feature",
      "properties": {
        "@id": "way/625765763",
        "building": "yes",
        "height": "80",
        "name": "Menara Cosway",
        "name:en": "Cosway Tower",
        "name:ms": "Menara Cosway"
      },
      "geometry": {
        "type": "Polygon",
        "coordinates": [
          [
            [
              101.7094438,
              3.143515
            ],
            [
              101.7091851,
              3.1433568
            ],
            [
              101.7093286,
              3.1431228
            ],
            [
              101.7093377,
              3.143108
            ],
            [
              101.7093972,
              3.1431443
            ],
            [
              101.7094794,
              3.1431946
            ],
            [
              101.7095964,
              3.1432662
            ],
            [
              101.7094438,
              3.143515
            ]
          ]
        ]
      },
      "id": "way/625765763"
    },
    {
      "type": "Feature",
      "properties": {
        "@id": "way/625765765",
        "building": "apartments",
        "height": "60",
        "name": "Plaza Berjaya Apartment",
        "name:en": "Plaza Berjaya Apartment"
      },
      "geometry": {
        "type": "Polygon",
        "coordinates": [
          [
            [
              101.7087325,
              3.1431135
            ],
            [
              101.7086088,
              3.1430379
            ],
            [
              101.708636,
              3.1429935
            ],
            [
              101.7085215,
              3.1429235
            ],
            [
              101.7084952,
              3.1429665
            ],
            [
              101.7083729,
              3.1428918
            ],
            [
              101.7084785,
              3.1427197
            ],
            [
              101.7086369,
              3.1428166
            ],
            [
              101.7088389,
              3.1429401
            ],
            [
              101.7087325,
              3.1431135
            ]
          ]
        ]
      },
      "id": "way/625765765"
    },
    {
      "type": "Feature",
      "properties": {
        "@id": "way/625766189",
        "building": "roof",
        "height": "6",
        "layer": "1",
        "min_height": "5",
        "roof:material": "glass"
      },
      "geometry": {
        "type": "Polygon",
        "coordinates": [
          [
            [
              101.7090321,
              3.1429607
            ],
            [
              101.7091015,
              3.1428479
            ],
            [
              101.7092599,
              3.142945
            ],
            [
              101.7091906,
              3.1430577
            ],
            [
              101.7090321,
              3.1429607
            ]
          ]
        ]
      },
      "id": "way/625766189"
    },
    {
      "type": "Feature",
      "properties": {
        "@id": "way/625766439",
        "building": "yes",
        "height": "62"
      },
      "geometry": {
        "type": "Polygon",
        "coordinates": [
          [
            [
              101.7084952,
              3.1429665
            ],
            [
              101.7085215,
              3.1429235
            ],
            [
              101.708636,
              3.1429935
            ],
            [
              101.7086088,
              3.1430379
            ],
            [
              101.708601,
              3.1430504
            ],
            [
              101.7084866,
              3.1429803
            ],
            [
              101.7084952,
              3.1429665
            ]
          ]
        ]
      },
      "id": "way/625766439"
    },
    {
      "type": "Feature",
      "properties": {
        "@id": "way/625768021",
        "building": "roof",
        "height": "5",
        "layer": "1",
        "min_height": "4",
        "roof:shape": "round_row"
      },
      "geometry": {
        "type": "Polygon",
        "coordinates": [
          [
            [
              101.7086402,
              3.1428112
            ],
            [
              101.7086879,
              3.1427335
            ],
            [
              101.7090308,
              3.1429433
            ],
            [
              101.7090192,
              3.1429622
            ],
            [
              101.7089664,
              3.1429299
            ],
            [
              101.7089583,
              3.1429431
            ],
            [
              101.7088995,
              3.1429071
            ],
            [
              101.7088933,
              3.1429172
            ],
            [
              101.708824,
              3.1428748
            ],
            [
              101.7088162,
              3.1428877
            ],
            [
              101.7087551,
              3.1428504
            ],
            [
              101.7087486,
              3.142861
            ],
            [
              101.7086842,
              3.1428215
            ],
            [
              101.7086768,
              3.1428336
            ],
            [
              101.7086402,
              3.1428112
            ]
          ]
        ]
      },
      "id": "way/625768021"
    },
    {
      "type": "Feature",
      "properties": {
        "@id": "way/625986134",
        "addr:housenumber": "74",
        "building": "retail"
      },
      "geometry": {
        "type": "Polygon",
        "coordinates": [
          [
            [
              101.7129076,
              3.1443627
            ],
            [
              101.7128553,
              3.1443229
            ],
            [
              101.7129664,
              3.1441729
            ],
            [
              101.7130203,
              3.1442113
            ],
            [
              101.7129076,
              3.1443627
            ]
          ]
        ]
      },
      "id": "way/625986134"
    },
    {
      "type": "Feature",
      "properties": {
        "@id": "way/625986135",
        "building": "retail"
      },
      "geometry": {
        "type": "Polygon",
        "coordinates": [
          [
            [
              101.7129646,
              3.1444051
            ],
            [
              101.7129076,
              3.1443627
            ],
            [
              101.7130203,
              3.1442113
            ],
            [
              101.7130773,
              3.1442536
            ],
            [
              101.7129646,
              3.1444051
            ]
          ]
        ]
      },
      "id": "way/625986135"
    },
    {
      "type": "Feature",
      "properties": {
        "@id": "way/625986136",
        "building": "retail"
      },
      "geometry": {
        "type": "Polygon",
        "coordinates": [
          [
            [
              101.7130239,
              3.1444487
            ],
            [
              101.7129646,
              3.1444051
            ],
            [
              101.7130773,
              3.1442536
            ],
            [
              101.7131349,
              3.1442993
            ],
            [
              101.7130239,
              3.1444487
            ]
          ]
        ]
      },
      "id": "way/625986136"
    },
    {
      "type": "Feature",
      "properties": {
        "@id": "way/625986137",
        "building": "retail"
      },
      "geometry": {
        "type": "Polygon",
        "coordinates": [
          [
            [
              101.713076,
              3.1444869
            ],
            [
              101.7130239,
              3.1444487
            ],
            [
              101.7131349,
              3.1442993
            ],
            [
              101.7131867,
              3.1443388
            ],
            [
              101.713076,
              3.1444869
            ]
          ]
        ]
      },
      "id": "way/625986137"
    },
    {
      "type": "Feature",
      "properties": {
        "@id": "way/625986138",
        "building": "retail"
      },
      "geometry": {
        "type": "Polygon",
        "coordinates": [
          [
            [
              101.7131326,
              3.1445291
            ],
            [
              101.713076,
              3.1444869
            ],
            [
              101.7131867,
              3.1443388
            ],
            [
              101.7132433,
              3.144381
            ],
            [
              101.7131326,
              3.1445291
            ]
          ]
        ]
      },
      "id": "way/625986138"
    },
    {
      "type": "Feature",
      "properties": {
        "@id": "way/625986153",
        "building": "retail"
      },
      "geometry": {
        "type": "Polygon",
        "coordinates": [
          [
            [
              101.7127197,
              3.1445227
            ],
            [
              101.7126633,
              3.1444812
            ],
            [
              101.7127769,
              3.1443303
            ],
            [
              101.7128324,
              3.1443728
            ],
            [
              101.7127197,
              3.1445227
            ]
          ]
        ]
      },
      "id": "way/625986153"
    },
    {
      "type": "Feature",
      "properties": {
        "@id": "way/625986154",
        "building": "retail"
      },
      "geometry": {
        "type": "Polygon",
        "coordinates": [
          [
            [
              101.7127705,
              3.1445608
            ],
            [
              101.7127197,
              3.1445227
            ],
            [
              101.7128324,
              3.1443728
            ],
            [
              101.7128832,
              3.1444109
            ],
            [
              101.7127705,
              3.1445608
            ]
          ]
        ]
      },
      "id": "way/625986154"
    },
    {
      "type": "Feature",
      "properties": {
        "@id": "way/625986155",
        "building": "retail"
      },
      "geometry": {
        "type": "Polygon",
        "coordinates": [
          [
            [
              101.7128753,
              3.144638
            ],
            [
              101.7127705,
              3.1445608
            ],
            [
              101.7128832,
              3.1444109
            ],
            [
              101.7129863,
              3.1444894
            ],
            [
              101.7128753,
              3.144638
            ]
          ]
        ]
      },
      "id": "way/625986155"
    },
    {
      "type": "Feature",
      "properties": {
        "@id": "way/625986156",
        "building": "retail"
      },
      "geometry": {
        "type": "Polygon",
        "coordinates": [
          [
            [
              101.7129268,
              3.1446761
            ],
            [
              101.7128753,
              3.144638
            ],
            [
              101.7129863,
              3.1444894
            ],
            [
              101.7130374,
              3.1445289
            ],
            [
              101.7129268,
              3.1446761
            ]
          ]
        ]
      },
      "id": "way/625986156"
    },
    {
      "type": "Feature",
      "properties": {
        "@id": "way/625986157",
        "building": "retail"
      },
      "geometry": {
        "type": "Polygon",
        "coordinates": [
          [
            [
              101.712991,
              3.1447242
            ],
            [
              101.7129268,
              3.1446761
            ],
            [
              101.7130374,
              3.1445289
            ],
            [
              101.7131016,
              3.144577
            ],
            [
              101.712991,
              3.1447242
            ]
          ]
        ]
      },
      "id": "way/625986157"
    },
    {
      "type": "Feature",
      "properties": {
        "@id": "way/625992978",
        "building": "roof",
        "layer": "1"
      },
      "geometry": {
        "type": "Polygon",
        "coordinates": [
          [
            [
              101.7123233,
              3.1428887
            ],
            [
              101.7122392,
              3.1428253
            ],
            [
              101.7123254,
              3.14272
            ],
            [
              101.7123976,
              3.1427799
            ],
            [
              101.7123233,
              3.1428887
            ]
          ]
        ]
      },
      "id": "way/625992978"
    },
    {
      "type": "Feature",
      "properties": {
        "@id": "way/628488758",
        "building": "yes",
        "building:levels": "19"
      },
      "geometry": {
        "type": "Polygon",
        "coordinates": [
          [
            [
              101.7071331,
              3.1426639
            ],
            [
              101.7070506,
              3.1426051
            ],
            [
              101.7068831,
              3.1424748
            ],
            [
              101.7069188,
              3.1424193
            ],
            [
              101.7071759,
              3.1426049
            ],
            [
              101.7071331,
              3.1426639
            ]
          ]
        ]
      },
      "id": "way/628488758"
    },
    {
      "type": "Feature",
      "properties": {
        "@id": "way/628489631",
        "building": "yes",
        "building:levels": "4"
      },
      "geometry": {
        "type": "Polygon",
        "coordinates": [
          [
            [
              101.7069773,
              3.1426218
            ],
            [
              101.7069099,
              3.1427116
            ],
            [
              101.7068378,
              3.1426576
            ],
            [
              101.7066476,
              3.1429108
            ],
            [
              101.7065024,
              3.1428021
            ],
            [
              101.70676,
              3.142459
            ],
            [
              101.7069773,
              3.1426218
            ]
          ]
        ]
      },
      "id": "way/628489631"
    },
    {
      "type": "Feature",
      "properties": {
        "@id": "way/628489632",
        "building": "yes",
        "building:levels": "3"
      },
      "geometry": {
        "type": "Polygon",
        "coordinates": [
          [
            [
              101.7067288,
              3.1429025
            ],
            [
              101.7068559,
              3.1426937
            ],
            [
              101.7068979,
              3.1427197
            ],
            [
              101.7070232,
              3.1427772
            ],
            [
              101.7070263,
              3.1427792
            ],
            [
              101.70714,
              3.1428627
            ],
            [
              101.7070981,
              3.1429196
            ],
            [
              101.7071426,
              3.1429523
            ],
            [
              101.7070507,
              3.1430769
            ],
            [
              101.7070329,
              3.1430638
            ],
            [
              101.7070033,
              3.143104
            ],
            [
              101.7067288,
              3.1429025
            ]
          ]
        ]
      },
      "id": "way/628489632"
    },
    {
      "type": "Feature",
      "properties": {
        "@id": "way/628489634",
        "building": "yes",
        "building:levels": "1"
      },
      "geometry": {
        "type": "Polygon",
        "coordinates": [
          [
            [
              101.7072972,
              3.1424479
            ],
            [
              101.7074388,
              3.1423861
            ],
            [
              101.7074987,
              3.1425306
            ],
            [
              101.707357,
              3.1425897
            ],
            [
              101.7072972,
              3.1424479
            ]
          ]
        ]
      },
      "id": "way/628489634"
    },
    {
      "type": "Feature",
      "properties": {
        "@id": "way/628500326",
        "building": "yes",
        "building:levels": "2",
        "layer": "1"
      },
      "geometry": {
        "type": "Polygon",
        "coordinates": [
          [
            [
              101.7062961,
              3.143358
            ],
            [
              101.7062747,
              3.1433526
            ],
            [
              101.7065261,
              3.143027
            ],
            [
              101.7070791,
              3.1431595
            ],
            [
              101.7067834,
              3.1435411
            ],
            [
              101.7064612,
              3.1433053
            ],
            [
              101.7062961,
              3.143358
            ]
          ]
        ]
      },
      "id": "way/628500326"
    },
    {
      "type": "Feature",
      "properties": {
        "@id": "way/662828320",
        "building": "yes"
      },
      "geometry": {
        "type": "Polygon",
        "coordinates": [
          [
            [
              101.7137347,
              3.1458422
            ],
            [
              101.7141522,
              3.1461913
            ],
            [
              101.713995,
              3.1462898
            ],
            [
              101.7136207,
              3.1459944
            ],
            [
              101.7137347,
              3.1458422
            ]
          ]
        ]
      },
      "id": "way/662828320"
    },
    {
      "type": "Feature",
      "properties": {
        "@id": "way/662828321",
        "building": "yes"
      },
      "geometry": {
        "type": "Polygon",
        "coordinates": [
          [
            [
              101.7135883,
              3.1460314
            ],
            [
              101.7139411,
              3.1463021
            ],
            [
              101.7137825,
              3.1463882
            ],
            [
              101.713747,
              3.1463605
            ],
            [
              101.7137301,
              3.1463759
            ],
            [
              101.7136854,
              3.1463405
            ],
            [
              101.7136654,
              3.1463575
            ],
            [
              101.7136145,
              3.1463221
            ],
            [
              101.7135914,
              3.1463452
            ],
            [
              101.7134466,
              3.1462282
            ],
            [
              101.7135883,
              3.1460314
            ]
          ]
        ]
      },
      "id": "way/662828321"
    },
    {
      "type": "Feature",
      "properties": {
        "@id": "way/662828960",
        "building": "apartments",
        "building:levels": "42",
        "layer": "1",
        "name": "AXON Bukit Bintang",
        "name:en": "AXON Bukit Bintang",
        "name:ms": "AXON Bukit Bintang",
        "website": "https://www.axonkl.com/"
      },
      "geometry": {
        "type": "Polygon",
        "coordinates": [
          [
            [
              101.7131662,
              3.1449932
            ],
            [
              101.7144912,
              3.146041
            ],
            [
              101.7142795,
              3.1461337
            ],
            [
              101.7130453,
              3.1451564
            ],
            [
              101.7131662,
              3.1449932
            ]
          ]
        ]
      },
      "id": "way/662828960"
    },
    {
      "type": "Feature",
      "properties": {
        "@id": "way/662834192",
        "building": "yes"
      },
      "geometry": {
        "type": "Polygon",
        "coordinates": [
          [
            [
              101.7118779,
              3.1457725
            ],
            [
              101.7118792,
              3.1457333
            ],
            [
              101.7119093,
              3.145622
            ],
            [
              101.7119553,
              3.1455496
            ],
            [
              101.7120491,
              3.1455089
            ],
            [
              101.7121252,
              3.1454983
            ],
            [
              101.7121801,
              3.1455107
            ],
            [
              101.7119836,
              3.1457634
            ],
            [
              101.7120037,
              3.145782
            ],
            [
              101.7119609,
              3.1458323
            ],
            [
              101.7118779,
              3.1457725
            ]
          ]
        ]
      },
      "id": "way/662834192"
    },
    {
      "type": "Feature",
      "properties": {
        "@id": "way/708742097",
        "addr:housenumber": "35",
        "addr:street": "Jalan Berangan",
        "building": "yes"
      },
      "geometry": {
        "type": "Polygon",
        "coordinates": [
          [
            [
              101.708635,
              3.1475516
            ],
            [
              101.7087289,
              3.1477242
            ],
            [
              101.7086362,
              3.1477759
            ],
            [
              101.7085999,
              3.1477615
            ],
            [
              101.7085322,
              3.1476109
            ],
            [
              101.708635,
              3.1475516
            ]
          ]
        ]
      },
      "id": "way/708742097"
    },
    {
      "type": "Feature",
      "properties": {
        "@id": "way/708742098",
        "addr:city": "Kuala Lumpur",
        "addr:housenumber": "43",
        "addr:street": "Jalan Berangan",
        "building": "hotel",
        "name": "MOV Hotel",
        "stars": "4",
        "tourism": "hotel"
      },
      "geometry": {
        "type": "Polygon",
        "coordinates": [
          [
            [
              101.708931,
              3.1475889
            ],
            [
              101.7088582,
              3.147628
            ],
            [
              101.7087736,
              3.1476735
            ],
            [
              101.7086909,
              3.1475199
            ],
            [
              101.7088483,
              3.1474353
            ],
            [
              101.708931,
              3.1475889
            ]
          ]
        ]
      },
      "id": "way/708742098"
    },
    {
      "type": "Feature",
      "properties": {
        "@id": "way/708742099",
        "addr:street": "Jalan Bukit Bintang",
        "building": "yes",
        "building:levels": "2",
        "name": "Yayasan Selangor Building",
        "name:en": "Yayasan Selangor Building",
        "name:zh": "雪兰莪基金会大楼",
        "name:zh-Hans": "雪兰莪基金会大楼",
        "name:zh-Hant": "雪蘭莪基金會大樓"
      },
      "geometry": {
        "type": "Polygon",
        "coordinates": [
          [
            [
              101.7111343,
              3.146308
            ],
            [
              101.7110552,
              3.1463228
            ],
            [
              101.7108992,
              3.1462019
            ],
            [
              101.7111081,
              3.1459093
            ],
            [
              101.7113016,
              3.1456402
            ],
            [
              101.7113553,
              3.1456793
            ],
            [
              101.7112419,
              3.1460021
            ],
            [
              101.7111343,
              3.146308
            ]
          ]
        ]
      },
      "id": "way/708742099"
    },
    {
      "type": "Feature",
      "properties": {
        "@id": "way/708742100",
        "building": "yes"
      },
      "geometry": {
        "type": "Polygon",
        "coordinates": [
          [
            [
              101.7103504,
              3.1457635
            ],
            [
              101.7103025,
              3.1457269
            ],
            [
              101.7104984,
              3.1454712
            ],
            [
              101.7105463,
              3.1455077
            ],
            [
              101.7103504,
              3.1457635
            ]
          ]
        ]
      },
      "id": "way/708742100"
    },
    {
      "type": "Feature",
      "properties": {
        "@id": "way/708742101",
        "building": "roof",
        "layer": "1"
      },
      "geometry": {
        "type": "Polygon",
        "coordinates": [
          [
            [
              101.7103092,
              3.1458663
            ],
            [
              101.7103424,
              3.1458231
            ],
            [
              101.7103905,
              3.1458671
            ],
            [
              101.7103894,
              3.1458969
            ],
            [
              101.7107122,
              3.1461068
            ],
            [
              101.7107027,
              3.1461198
            ],
            [
              101.7106957,
              3.1461294
            ],
            [
              101.7106789,
              3.1461501
            ],
            [
              101.7105494,
              3.1460509
            ],
            [
              101.7103489,
              3.1458966
            ],
            [
              101.7103462,
              3.1458942
            ],
            [
              101.7103434,
              3.1458922
            ],
            [
              101.7103092,
              3.1458663
            ]
          ]
        ]
      },
      "id": "way/708742101"
    },
    {
      "type": "Feature",
      "properties": {
        "@id": "way/708742104",
        "building": "roof",
        "layer": "1"
      },
      "geometry": {
        "type": "Polygon",
        "coordinates": [
          [
            [
              101.7110929,
              3.1469778
            ],
            [
              101.7110568,
              3.1469656
            ],
            [
              101.7111075,
              3.1468169
            ],
            [
              101.7111436,
              3.1468291
            ],
            [
              101.7111157,
              3.1469115
            ],
            [
              101.7110929,
              3.1469778
            ]
          ]
        ]
      },
      "id": "way/708742104"
    },
    {
      "type": "Feature",
      "properties": {
        "@id": "way/708742105",
        "building": "roof",
        "layer": "1"
      },
      "geometry": {
        "type": "Polygon",
        "coordinates": [
          [
            [
              101.7115104,
              3.1468021
            ],
            [
              101.7115364,
              3.146773
            ],
            [
              101.7116492,
              3.1468377
            ],
            [
              101.7117114,
              3.1468935
            ],
            [
              101.7117796,
              3.1469545
            ],
            [
              101.7117347,
              3.1469812
            ],
            [
              101.7115104,
              3.1468021
            ]
          ]
        ]
      },
      "id": "way/708742105"
    },
    {
      "type": "Feature",
      "properties": {
        "@id": "way/708742106",
        "building": "yes"
      },
      "geometry": {
        "type": "Polygon",
        "coordinates": [
          [
            [
              101.7121155,
              3.1473267
            ],
            [
              101.7118555,
              3.1471076
            ],
            [
              101.7118898,
              3.1470669
            ],
            [
              101.7121498,
              3.1472861
            ],
            [
              101.7121155,
              3.1473267
            ]
          ]
        ]
      },
      "id": "way/708742106"
    },
    {
      "type": "Feature",
      "properties": {
        "@id": "way/708742107",
        "building": "yes"
      },
      "geometry": {
        "type": "Polygon",
        "coordinates": [
          [
            [
              101.7126079,
              3.1477002
            ],
            [
              101.7122475,
              3.1474143
            ],
            [
              101.7122873,
              3.1473643
            ],
            [
              101.7126477,
              3.1476502
            ],
            [
              101.7126079,
              3.1477002
            ]
          ]
        ]
      },
      "id": "way/708742107"
    },
    {
      "type": "Feature",
      "properties": {
        "@id": "way/760247744",
        "building": "yes"
      },
      "geometry": {
        "type": "Polygon",
        "coordinates": [
          [
            [
              101.7115101,
              3.1469928
            ],
            [
              101.7115321,
              3.1469662
            ],
            [
              101.7115803,
              3.147006
            ],
            [
              101.7116887,
              3.1470952
            ],
            [
              101.7116667,
              3.1471218
            ],
            [
              101.7115101,
              3.1469928
            ]
          ]
        ]
      },
      "id": "way/760247744"
    },
    {
      "type": "Feature",
      "properties": {
        "@id": "way/776121300",
        "building": "yes"
      },
      "geometry": {
        "type": "Polygon",
        "coordinates": [
          [
            [
              101.7079033,
              3.1458129
            ],
            [
              101.7079791,
              3.1457181
            ],
            [
              101.7082176,
              3.1459082
            ],
            [
              101.7081418,
              3.1460031
            ],
            [
              101.7079033,
              3.1458129
            ]
          ]
        ]
      },
      "id": "way/776121300"
    },
    {
      "type": "Feature",
      "properties": {
        "@id": "way/776121301",
        "addr:housenumber": "Lot 623",
        "building": "yes"
      },
      "geometry": {
        "type": "Polygon",
        "coordinates": [
          [
            [
              101.7081712,
              3.1460562
            ],
            [
              101.7082033,
              3.1460172
            ],
            [
              101.7083165,
              3.1461102
            ],
            [
              101.7083902,
              3.1460209
            ],
            [
              101.7084356,
              3.1460583
            ],
            [
              101.7083298,
              3.1461866
            ],
            [
              101.7081712,
              3.1460562
            ]
          ]
        ]
      },
      "id": "way/776121301"
    },
    {
      "type": "Feature",
      "properties": {
        "@id": "way/776121304",
        "building": "retail"
      },
      "geometry": {
        "type": "Polygon",
        "coordinates": [
          [
            [
              101.7075198,
              3.1455201
            ],
            [
              101.7075964,
              3.145422
            ],
            [
              101.7079441,
              3.1456962
            ],
            [
              101.7079522,
              3.1457024
            ],
            [
              101.707879,
              3.1457964
            ],
            [
              101.7075198,
              3.1455201
            ]
          ]
        ]
      },
      "id": "way/776121304"
    },
    {
      "type": "Feature",
      "properties": {
        "@id": "way/776121305",
        "addr:housenumber": "10",
        "addr:street": "Jalan Rembia",
        "building": "yes"
      },
      "geometry": {
        "type": "Polygon",
        "coordinates": [
          [
            [
              101.7087928,
              3.1467109
            ],
            [
              101.7086924,
              3.1465015
            ],
            [
              101.7087389,
              3.1464793
            ],
            [
              101.7088392,
              3.1466887
            ],
            [
              101.7087928,
              3.1467109
            ]
          ]
        ]
      },
      "id": "way/776121305"
    },
    {
      "type": "Feature",
      "properties": {
        "@id": "way/783531675",
        "amenity": "shelter",
        "building": "roof",
        "layer": "1",
        "shelter_type": "sun_shelter"
      },
      "geometry": {
        "type": "Polygon",
        "coordinates": [
          [
            [
              101.7102116,
              3.1473355
            ],
            [
              101.7102481,
              3.1473351
            ],
            [
              101.7102484,
              3.1473714
            ],
            [
              101.7102119,
              3.1473717
            ],
            [
              101.7102116,
              3.1473355
            ]
          ]
        ]
      },
      "id": "way/783531675"
    },
    {
      "type": "Feature",
      "properties": {
        "@id": "way/783531676",
        "amenity": "shelter",
        "building": "roof",
        "layer": "1",
        "shelter_type": "sun_shelter"
      },
      "geometry": {
        "type": "Polygon",
        "coordinates": [
          [
            [
              101.710052,
              3.1473539
            ],
            [
              101.7100865,
              3.1473421
            ],
            [
              101.7100983,
              3.1473763
            ],
            [
              101.7100637,
              3.1473881
            ],
            [
              101.710052,
              3.1473539
            ]
          ]
        ]
      },
      "id": "way/783531676"
    },
    {
      "type": "Feature",
      "properties": {
        "@id": "way/794862587",
        "building": "roof",
        "layer": "1"
      },
      "geometry": {
        "type": "Polygon",
        "coordinates": [
          [
            [
              101.71257,
              3.1480098
            ],
            [
              101.7126475,
              3.1479075
            ],
            [
              101.7128321,
              3.1480456
            ],
            [
              101.7127449,
              3.1481524
            ],
            [
              101.71257,
              3.1480098
            ]
          ]
        ]
      },
      "id": "way/794862587"
    },
    {
      "type": "Feature",
      "properties": {
        "@id": "way/797048404",
        "addr:housenumber": "17",
        "addr:street": "Tengkat Tong Shin",
        "building": "yes"
      },
      "geometry": {
        "type": "Polygon",
        "coordinates": [
          [
            [
              101.707455,
              3.1455467
            ],
            [
              101.7074959,
              3.1455784
            ],
            [
              101.7073866,
              3.1457188
            ],
            [
              101.7073457,
              3.1456871
            ],
            [
              101.707455,
              3.1455467
            ]
          ]
        ]
      },
      "id": "way/797048404"
    },
    {
      "type": "Feature",
      "properties": {
        "@id": "way/863227701",
        "building": "yes"
      },
      "geometry": {
        "type": "Polygon",
        "coordinates": [
          [
            [
              101.7139958,
              3.1430738
            ],
            [
              101.7140207,
              3.1429526
            ],
            [
              101.7141915,
              3.1429876
            ],
            [
              101.7141666,
              3.1431088
            ],
            [
              101.7139958,
              3.1430738
            ]
          ]
        ]
      },
      "id": "way/863227701"
    },
    {
      "type": "Feature",
      "properties": {
        "@id": "way/863227702",
        "building": "yes"
      },
      "geometry": {
        "type": "Polygon",
        "coordinates": [
          [
            [
              101.7140233,
              3.1427306
            ],
            [
              101.7140489,
              3.1426133
            ],
            [
              101.714093,
              3.1426229
            ],
            [
              101.714107,
              3.1425589
            ],
            [
              101.7143117,
              3.1426035
            ],
            [
              101.714236,
              3.1429497
            ],
            [
              101.7141386,
              3.1429285
            ],
            [
              101.7141747,
              3.1427635
            ],
            [
              101.7140233,
              3.1427306
            ]
          ]
        ]
      },
      "id": "way/863227702"
    },
    {
      "type": "Feature",
      "properties": {
        "@id": "way/863227704",
        "building": "yes"
      },
      "geometry": {
        "type": "Polygon",
        "coordinates": [
          [
            [
              101.7136183,
              3.1430726
            ],
            [
              101.714002,
              3.1433647
            ],
            [
              101.7134514,
              3.1440961
            ],
            [
              101.7130495,
              3.1437675
            ],
            [
              101.7130227,
              3.1438031
            ],
            [
              101.7128275,
              3.1436184
            ],
            [
              101.7127943,
              3.1435522
            ],
            [
              101.7127866,
              3.1434795
            ],
            [
              101.7128071,
              3.1434069
            ],
            [
              101.7128555,
              3.1433509
            ],
            [
              101.7128351,
              3.1433305
            ],
            [
              101.7129257,
              3.1432247
            ],
            [
              101.712987,
              3.1431814
            ],
            [
              101.7130661,
              3.143184
            ],
            [
              101.7131541,
              3.1432107
            ],
            [
              101.7132255,
              3.1432515
            ],
            [
              101.7132893,
              3.1432859
            ],
            [
              101.7133017,
              3.1432697
            ],
            [
              101.7133495,
              3.1433062
            ],
            [
              101.7135345,
              3.143064
            ],
            [
              101.7135916,
              3.1431075
            ],
            [
              101.7136183,
              3.1430726
            ]
          ]
        ]
      },
      "id": "way/863227704"
    },
    {
      "type": "Feature",
      "properties": {
        "@id": "way/1026684338",
        "building": "commercial",
        "building:levels": "1"
      },
      "geometry": {
        "type": "Polygon",
        "coordinates": [
          [
            [
              101.7142803,
              3.1430929
            ],
            [
              101.71432,
              3.1429225
            ],
            [
              101.7146644,
              3.1429161
            ],
            [
              101.7146676,
              3.1430714
            ],
            [
              101.7142803,
              3.1430929
            ]
          ]
        ]
      },
      "id": "way/1026684338"
    },
    {
      "type": "Feature",
      "properties": {
        "@id": "way/1026685931",
        "building": "commercial"
      },
      "geometry": {
        "type": "Polygon",
        "coordinates": [
          [
            [
              101.7139006,
              3.14236
            ],
            [
              101.713953,
              3.1421965
            ],
            [
              101.714319,
              3.1422829
            ],
            [
              101.7143234,
              3.142458
            ],
            [
              101.7139006,
              3.14236
            ]
          ]
        ]
      },
      "id": "way/1026685931"
    },
    {
      "type": "Feature",
      "properties": {
        "@id": "way/1026685932",
        "building": "commercial"
      },
      "geometry": {
        "type": "Polygon",
        "coordinates": [
          [
            [
              101.7139908,
              3.1421553
            ],
            [
              101.7139944,
              3.1420328
            ],
            [
              101.7142903,
              3.1420364
            ],
            [
              101.7142723,
              3.142213
            ],
            [
              101.7139908,
              3.1421553
            ]
          ]
        ]
      },
      "id": "way/1026685932"
    },
    {
      "type": "Feature",
      "properties": {
        "@id": "way/1031719890",
        "building": "roof",
        "layer": "1"
      },
      "geometry": {
        "type": "Polygon",
        "coordinates": [
          [
            [
              101.7099542,
              3.1461721
            ],
            [
              101.7100611,
              3.1460292
            ],
            [
              101.7100793,
              3.1460428
            ],
            [
              101.71009,
              3.1460506
            ],
            [
              101.710099,
              3.1460574
            ],
            [
              101.7099922,
              3.1462004
            ],
            [
              101.7099542,
              3.1461721
            ]
          ]
        ]
      },
      "id": "way/1031719890"
    },
    {
      "type": "Feature",
      "properties": {
        "@id": "way/1046226421",
        "building": "roof",
        "layer": "1"
      },
      "geometry": {
        "type": "Polygon",
        "coordinates": [
          [
            [
              101.7116472,
              3.146144
            ],
            [
              101.711668,
              3.14607
            ],
            [
              101.7116772,
              3.1460374
            ],
            [
              101.7117422,
              3.1460599
            ],
            [
              101.7117341,
              3.1460892
            ],
            [
              101.7117311,
              3.1461258
            ],
            [
              101.7117179,
              3.1461654
            ],
            [
              101.7116472,
              3.146144
            ]
          ]
        ]
      },
      "id": "way/1046226421"
    },
    {
      "type": "Feature",
      "properties": {
        "@id": "way/1246025886",
        "building": "retail"
      },
      "geometry": {
        "type": "Polygon",
        "coordinates": [
          [
            [
              101.7072796,
              3.145333
            ],
            [
              101.7073562,
              3.1452349
            ],
            [
              101.7075648,
              3.1453974
            ],
            [
              101.7074882,
              3.1454955
            ],
            [
              101.7072796,
              3.145333
            ]
          ]
        ]
      },
      "id": "way/1246025886"
    },
    {
      "type": "Feature",
      "properties": {
        "@id": "way/1246025892",
        "building": "yes"
      },
      "geometry": {
        "type": "Polygon",
        "coordinates": [
          [
            [
              101.7072796,
              3.145333
            ],
            [
              101.7071555,
              3.1452363
            ],
            [
              101.7072321,
              3.1451382
            ],
            [
              101.7073562,
              3.1452349
            ],
            [
              101.7072796,
              3.145333
            ]
          ]
        ]
      },
      "id": "way/1246025892"
    },
    {
      "type": "Feature",
      "properties": {
        "@id": "way/1322901688",
        "building": "retail",
        "description": "Shopping Mall and Hotel",
        "layer": "2",
        "name": "Berjaya Times Square",
        "name:zh": "成功时代广场（商场和酒店）",
        "opening_hours": "Mo-Su 10:00-22:00",
        "shop": "mall",
        "wikidata": "Q820738",
        "wikimedia_commons": "Category:Berjaya Times Square",
        "wikipedia": "en:Berjaya Times Square"
      },
      "geometry": {
        "type": "Polygon",
        "coordinates": [
          [
            [
              101.7094399,
              3.1424992
            ],
            [
              101.7094497,
              3.1424682
            ],
            [
              101.7094279,
              3.1424607
            ],
            [
              101.7094611,
              3.1423576
            ],
            [
              101.7094453,
              3.1423525
            ],
            [
              101.7094683,
              3.1422799
            ],
            [
              101.7094465,
              3.1422729
            ],
            [
              101.709452,
              3.142084
            ],
            [
              101.7094947,
              3.1420219
            ],
            [
              101.7095486,
              3.1419436
            ],
            [
              101.7095721,
              3.141951
            ],
            [
              101.7095962,
              3.1418776
            ],
            [
              101.7096123,
              3.1418827
            ],
            [
              101.7096454,
              3.1417795
            ],
            [
              101.7096657,
              3.1417864
            ],
            [
              101.7096776,
              3.1417466
            ],
            [
              101.7096957,
              3.1416913
            ],
            [
              101.709736,
              3.1416659
            ],
            [
              101.7098282,
              3.1416918
            ],
            [
              101.7098603,
              3.1416516
            ],
            [
              101.7099647,
              3.1415814
            ],
            [
              101.7100868,
              3.1415512
            ],
            [
              101.7102119,
              3.1415644
            ],
            [
              101.7102513,
              3.1415829
            ],
            [
              101.7102357,
              3.1415352
            ],
            [
              101.7102356,
              3.1415172
            ],
            [
              101.7102417,
              3.141501
            ],
            [
              101.7102575,
              3.1414907
            ],
            [
              101.7102778,
              3.1414875
            ],
            [
              101.7107647,
              3.141439
            ],
            [
              101.7108395,
              3.1414887
            ],
            [
              101.710848,
              3.1414886
            ],
            [
              101.7108518,
              3.1414832
            ],
            [
              101.7108483,
              3.1414794
            ],
            [
              101.7108443,
              3.1414729
            ],
            [
              101.7108421,
              3.1414658
            ],
            [
              101.7108429,
              3.1414588
            ],
            [
              101.7108468,
              3.1414526
            ],
            [
              101.7108534,
              3.1414494
            ],
            [
              101.710861,
              3.141448
            ],
            [
              101.7108701,
              3.1414472
            ],
            [
              101.711186,
              3.1414893
            ],
            [
              101.7114588,
              3.1416176
            ],
            [
              101.711464,
              3.1416224
            ],
            [
              101.7114682,
              3.1416287
            ],
            [
              101.7114703,
              3.141636
            ],
            [
              101.7114698,
              3.1416441
            ],
            [
              101.7114653,
              3.1416518
            ],
            [
              101.7114587,
              3.1416558
            ],
            [
              101.7114507,
              3.1416578
            ],
            [
              101.7114462,
              3.1416588
            ],
            [
              101.7114458,
              3.1416631
            ],
            [
              101.7114512,
              3.1416677
            ],
            [
              101.7116367,
              3.1417166
            ],
            [
              101.7117236,
              3.1417628
            ],
            [
              101.711768,
              3.1418024
            ],
            [
              101.7117748,
              3.141867
            ],
            [
              101.7117843,
              3.1419575
            ],
            [
              101.7117456,
              3.1420907
            ],
            [
              101.7116589,
              3.1422057
            ],
            [
              101.7115916,
              3.1422136
            ],
            [
              101.7115307,
              3.1422534
            ],
            [
              101.7114473,
              3.1422565
            ],
            [
              101.7114443,
              3.1422569
            ],
            [
              101.7114426,
              3.1422586
            ],
            [
              101.7114429,
              3.142261
            ],
            [
              101.7114456,
              3.142262
            ],
            [
              101.7114499,
              3.1422624
            ],
            [
              101.7114579,
              3.1422665
            ],
            [
              101.7114643,
              3.142273
            ],
            [
              101.7114684,
              3.1422812
            ],
            [
              101.7114697,
              3.1422901
            ],
            [
              101.7114681,
              3.1422991
            ],
            [
              101.7114639,
              3.1423071
            ],
            [
              101.7114573,
              3.1423134
            ],
            [
              101.7114492,
              3.1423174
            ],
            [
              101.7114401,
              3.1423186
            ],
            [
              101.7114312,
              3.142317
            ],
            [
              101.7114225,
              3.1423121
            ],
            [
              101.7114159,
              3.1423046
            ],
            [
              101.7114094,
              3.142299
            ],
            [
              101.7114011,
              3.1422955
            ],
            [
              101.7113884,
              3.1422935
            ],
            [
              101.711375,
              3.1422933
            ],
            [
              101.7113606,
              3.1422943
            ],
            [
              101.7113541,
              3.1422933
            ],
            [
              101.7113499,
              3.1422902
            ],
            [
              101.7113165,
              3.1423933
            ],
            [
              101.7113322,
              3.1423981
            ],
            [
              101.7113092,
              3.1424716
            ],
            [
              101.711331,
              3.1424785
            ],
            [
              101.7113254,
              3.1426674
            ],
            [
              101.7112287,
              3.1428078
            ],
            [
              101.7112052,
              3.1428004
            ],
            [
              101.7111813,
              3.1428733
            ],
            [
              101.7111658,
              3.1428685
            ],
            [
              101.7111322,
              3.1429715
            ],
            [
              101.7111108,
              3.1429645
            ],
            [
              101.7110985,
              3.1430034
            ],
            [
              101.7110405,
              3.142985
            ],
            [
              101.7109624,
              3.1429603
            ],
            [
              101.7108965,
              3.1429394
            ],
            [
              101.7096417,
              3.1425632
            ],
            [
              101.7096032,
              3.142551
            ],
            [
              101.7094399,
              3.1424992
            ]
          ]
        ]
      },
      "id": "way/1322901688"
    },
    {
      "type": "Feature",
      "properties": {
        "@id": "way/1339006418",
        "building": "roof"
      },
      "geometry": {
        "type": "Polygon",
        "coordinates": [
          [
            [
              101.7094921,
              3.1468423
            ],
            [
              101.7094808,
              3.1467894
            ],
            [
              101.7095309,
              3.1467607
            ],
            [
              101.7095409,
              3.1468151
            ],
            [
              101.7094921,
              3.1468423
            ]
          ]
        ]
      },
      "id": "way/1339006418"
    },
    {
      "type": "Feature",
      "properties": {
        "@id": "way/1339006424",
        "addr:housenumber": "60",
        "addr:street": "Changkat Bukit Bintang",
        "building": "commercial"
      },
      "geometry": {
        "type": "Polygon",
        "coordinates": [
          [
            [
              101.7086787,
              3.1472518
            ],
            [
              101.708745,
              3.1472189
            ],
            [
              101.7088307,
              3.1473911
            ],
            [
              101.7087644,
              3.147424
            ],
            [
              101.7086787,
              3.1472518
            ]
          ]
        ]
      },
      "id": "way/1339006424"
    },
    {
      "type": "Feature",
      "properties": {
        "@id": "way/1339006425",
        "addr:housenumber": "58",
        "addr:street": "Changkat Bukit Bintang",
        "building": "commercial"
      },
      "geometry": {
        "type": "Polygon",
        "coordinates": [
          [
            [
              101.7086157,
              3.1472827
            ],
            [
              101.7086787,
              3.1472518
            ],
            [
              101.7087644,
              3.147424
            ],
            [
              101.7087015,
              3.1474549
            ],
            [
              101.7086157,
              3.1472827
            ]
          ]
        ]
      },
      "id": "way/1339006425"
    },
    {
      "type": "Feature",
      "properties": {
        "@id": "way/1339006426",
        "addr:housenumber": "56",
        "addr:street": "Changkat Bukit Bintang",
        "building": "commercial"
      },
      "geometry": {
        "type": "Polygon",
        "coordinates": [
          [
            [
              101.7085529,
              3.1473135
            ],
            [
              101.7086157,
              3.1472827
            ],
            [
              101.7087015,
              3.1474549
            ],
            [
              101.7086386,
              3.1474857
            ],
            [
              101.7085529,
              3.1473135
            ]
          ]
        ]
      },
      "id": "way/1339006426"
    },
    {
      "type": "Feature",
      "properties": {
        "@id": "way/1339006427",
        "addr:housenumber": "54",
        "addr:street": "Changkat Bukit Bintang",
        "building": "commercial"
      },
      "geometry": {
        "type": "Polygon",
        "coordinates": [
          [
            [
              101.7084953,
              3.1473424
            ],
            [
              101.7085529,
              3.1473135
            ],
            [
              101.7086386,
              3.1474857
            ],
            [
              101.708581,
              3.1475146
            ],
            [
              101.7084953,
              3.1473424
            ]
          ]
        ]
      },
      "id": "way/1339006427"
    },
    {
      "type": "Feature",
      "properties": {
        "@id": "way/1339006428",
        "addr:street": "Changkat Bukit Bintang",
        "alt_name": "Bund Shanghai",
        "building": "apartments",
        "name": "Hicks Flat"
      },
      "geometry": {
        "type": "Polygon",
        "coordinates": [
          [
            [
              101.7087658,
              3.1472119
            ],
            [
              101.7090397,
              3.1470761
            ],
            [
              101.709111,
              3.1472194
            ],
            [
              101.708837,
              3.1473552
            ],
            [
              101.7087658,
              3.1472119
            ]
          ]
        ]
      },
      "id": "way/1339006428"
    },
    {
      "type": "Feature",
      "properties": {
        "@id": "way/1339006430",
        "addr:housenumber": "50",
        "addr:street": "Changkat Bukit Bintang",
        "building": "commercial"
      },
      "geometry": {
        "type": "Polygon",
        "coordinates": [
          [
            [
              101.7083075,
              3.14767
            ],
            [
              101.708209,
              3.147452
            ],
            [
              101.7082661,
              3.1474298
            ],
            [
              101.7083206,
              3.147442
            ],
            [
              101.7084037,
              3.1476286
            ],
            [
              101.7083075,
              3.14767
            ]
          ]
        ]
      },
      "id": "way/1339006430"
    },
    {
      "type": "Feature",
      "properties": {
        "@id": "way/1339006431",
        "addr:housenumber": "48",
        "addr:street": "Changkat Bukit Bintang",
        "building": "commercial"
      },
      "geometry": {
        "type": "Polygon",
        "coordinates": [
          [
            [
              101.7082541,
              3.147694
            ],
            [
              101.7081557,
              3.147476
            ],
            [
              101.708209,
              3.147452
            ],
            [
              101.7083075,
              3.14767
            ],
            [
              101.7082541,
              3.147694
            ]
          ]
        ]
      },
      "id": "way/1339006431"
    },
    {
      "type": "Feature",
      "properties": {
        "@id": "way/1339006432",
        "addr:housenumber": "46",
        "addr:street": "Changkat Bukit Bintang",
        "building": "commercial"
      },
      "geometry": {
        "type": "Polygon",
        "coordinates": [
          [
            [
              101.7082096,
              3.1477126
            ],
            [
              101.7081112,
              3.1474946
            ],
            [
              101.7081557,
              3.147476
            ],
            [
              101.7082541,
              3.147694
            ],
            [
              101.7082096,
              3.1477126
            ]
          ]
        ]
      },
      "id": "way/1339006432"
    },
    {
      "type": "Feature",
      "properties": {
        "@id": "way/1339006433",
        "addr:housenumber": "44",
        "addr:street": "Changkat Bukit Bintang",
        "building": "commercial"
      },
      "geometry": {
        "type": "Polygon",
        "coordinates": [
          [
            [
              101.7081563,
              3.1477366
            ],
            [
              101.7080578,
              3.1475186
            ],
            [
              101.7081112,
              3.1474946
            ],
            [
              101.7082096,
              3.1477126
            ],
            [
              101.7081563,
              3.1477366
            ]
          ]
        ]
      },
      "id": "way/1339006433"
    },
    {
      "type": "Feature",
      "properties": {
        "@id": "way/1339006434",
        "addr:housenumber": "42",
        "addr:street": "Changkat Bukit Bintang",
        "building": "commercial"
      },
      "geometry": {
        "type": "Polygon",
        "coordinates": [
          [
            [
              101.708103,
              3.1477606
            ],
            [
              101.7080045,
              3.1475426
            ],
            [
              101.7080578,
              3.1475186
            ],
            [
              101.7081563,
              3.1477366
            ],
            [
              101.708103,
              3.1477606
            ]
          ]
        ]
      },
      "id": "way/1339006434"
    },
    {
      "type": "Feature",
      "properties": {
        "@id": "way/1339006435",
        "addr:housenumber": "40",
        "addr:street": "Changkat Bukit Bintang",
        "building": "commercial"
      },
      "geometry": {
        "type": "Polygon",
        "coordinates": [
          [
            [
              101.7080497,
              3.1477846
            ],
            [
              101.7079512,
              3.1475666
            ],
            [
              101.7080045,
              3.1475426
            ],
            [
              101.708103,
              3.1477606
            ],
            [
              101.7080497,
              3.1477846
            ]
          ]
        ]
      },
      "id": "way/1339006435"
    },
    {
      "type": "Feature",
      "properties": {
        "@id": "way/1339006436",
        "addr:housenumber": "36",
        "addr:street": "Changkat Bukit Bintang",
        "building": "commercial"
      },
      "geometry": {
        "type": "Polygon",
        "coordinates": [
          [
            [
              101.707908,
              3.1478519
            ],
            [
              101.7078091,
              3.1476401
            ],
            [
              101.7078607,
              3.1476164
            ],
            [
              101.7079596,
              3.1478282
            ],
            [
              101.707908,
              3.1478519
            ]
          ]
        ]
      },
      "id": "way/1339006436"
    },
    {
      "type": "Feature",
      "properties": {
        "@id": "way/1339006437",
        "addr:housenumber": "34",
        "addr:street": "Changkat Bukit Bintang",
        "building": "commercial"
      },
      "geometry": {
        "type": "Polygon",
        "coordinates": [
          [
            [
              101.7078564,
              3.1478755
            ],
            [
              101.7077575,
              3.1476638
            ],
            [
              101.7078091,
              3.1476401
            ],
            [
              101.707908,
              3.1478519
            ],
            [
              101.7078564,
              3.1478755
            ]
          ]
        ]
      },
      "id": "way/1339006437"
    },
    {
      "type": "Feature",
      "properties": {
        "@id": "way/1339006438",
        "addr:housenumber": "32",
        "addr:street": "Changkat Bukit Bintang",
        "building": "commercial"
      },
      "geometry": {
        "type": "Polygon",
        "coordinates": [
          [
            [
              101.7078048,
              3.1478992
            ],
            [
              101.7077059,
              3.1476874
            ],
            [
              101.7077575,
              3.1476638
            ],
            [
              101.7078564,
              3.1478755
            ],
            [
              101.7078048,
              3.1478992
            ]
          ]
        ]
      },
      "id": "way/1339006438"
    },
    {
      "type": "Feature",
      "properties": {
        "@id": "way/1339006439",
        "addr:housenumber": "30",
        "addr:street": "Changkat Bukit Bintang",
        "building": "commercial"
      },
      "geometry": {
        "type": "Polygon",
        "coordinates": [
          [
            [
              101.7077532,
              3.1479229
            ],
            [
              101.7076543,
              3.1477111
            ],
            [
              101.7077059,
              3.1476874
            ],
            [
              101.7078048,
              3.1478992
            ],
            [
              101.7077532,
              3.1479229
            ]
          ]
        ]
      },
      "id": "way/1339006439"
    },
    {
      "type": "Feature",
      "properties": {
        "@id": "way/1339006440",
        "addr:housenumber": "28",
        "addr:street": "Changkat Bukit Bintang",
        "building": "commercial"
      },
      "geometry": {
        "type": "Polygon",
        "coordinates": [
          [
            [
              101.7077016,
              3.1479466
            ],
            [
              101.7076027,
              3.1477348
            ],
            [
              101.7076543,
              3.1477111
            ],
            [
              101.7077532,
              3.1479229
            ],
            [
              101.7077016,
              3.1479466
            ]
          ]
        ]
      },
      "id": "way/1339006440"
    },
    {
      "type": "Feature",
      "properties": {
        "@id": "way/1339006441",
        "addr:housenumber": "26",
        "addr:street": "Changkat Bukit Bintang",
        "building": "commercial"
      },
      "geometry": {
        "type": "Polygon",
        "coordinates": [
          [
            [
              101.70765,
              3.1479702
            ],
            [
              101.7075511,
              3.1477585
            ],
            [
              101.7076027,
              3.1477348
            ],
            [
              101.7077016,
              3.1479466
            ],
            [
              101.70765,
              3.1479702
            ]
          ]
        ]
      },
      "id": "way/1339006441"
    },
    {
      "type": "Feature",
      "properties": {
        "@id": "way/1339006442",
        "addr:housenumber": "24",
        "addr:street": "Changkat Bukit Bintang",
        "building": "commercial"
      },
      "geometry": {
        "type": "Polygon",
        "coordinates": [
          [
            [
              101.7075984,
              3.1479939
            ],
            [
              101.7074995,
              3.1477821
            ],
            [
              101.7075511,
              3.1477585
            ],
            [
              101.70765,
              3.1479702
            ],
            [
              101.7075984,
              3.1479939
            ]
          ]
        ]
      },
      "id": "way/1339006442"
    },
    {
      "type": "Feature",
      "properties": {
        "@id": "way/1339042931",
        "addr:housenumber": "51",
        "addr:street": "Changkat Bukit Bintang",
        "building": "commercial"
      },
      "geometry": {
        "type": "Polygon",
        "coordinates": [
          [
            [
              101.7080724,
              3.1473412
            ],
            [
              101.7079177,
              3.1470339
            ],
            [
              101.7079746,
              3.1469918
            ],
            [
              101.7081344,
              3.1473111
            ],
            [
              101.7080724,
              3.1473412
            ]
          ]
        ]
      },
      "id": "way/1339042931"
    },
    {
      "type": "Feature",
      "properties": {
        "@id": "way/1339042932",
        "addr:housenumber": "49",
        "addr:street": "Changkat Bukit Bintang",
        "building": "commercial"
      },
      "geometry": {
        "type": "Polygon",
        "coordinates": [
          [
            [
              101.7080169,
              3.1473681
            ],
            [
              101.7078682,
              3.1470706
            ],
            [
              101.7079177,
              3.1470339
            ],
            [
              101.7080724,
              3.1473412
            ],
            [
              101.7080169,
              3.1473681
            ]
          ]
        ]
      },
      "id": "way/1339042932"
    },
    {
      "type": "Feature",
      "properties": {
        "@id": "way/1339042933",
        "addr:housenumber": "47",
        "addr:street": "Changkat Bukit Bintang",
        "building": "commercial"
      },
      "geometry": {
        "type": "Polygon",
        "coordinates": [
          [
            [
              101.7079655,
              3.147393
            ],
            [
              101.7078222,
              3.1471046
            ],
            [
              101.7078682,
              3.1470706
            ],
            [
              101.7080169,
              3.1473681
            ],
            [
              101.7079655,
              3.147393
            ]
          ]
        ]
      },
      "id": "way/1339042933"
    },
    {
      "type": "Feature",
      "properties": {
        "@id": "way/1339042934",
        "addr:housenumber": "45",
        "addr:street": "Changkat Bukit Bintang",
        "building": "commercial"
      },
      "geometry": {
        "type": "Polygon",
        "coordinates": [
          [
            [
              101.7079162,
              3.1474169
            ],
            [
              101.7077782,
              3.1471371
            ],
            [
              101.7078222,
              3.1471046
            ],
            [
              101.7079655,
              3.147393
            ],
            [
              101.7079162,
              3.1474169
            ]
          ]
        ]
      },
      "id": "way/1339042934"
    },
    {
      "type": "Feature",
      "properties": {
        "@id": "way/1339042935",
        "addr:housenumber": "43",
        "addr:street": "Changkat Bukit Bintang",
        "building": "commercial"
      },
      "geometry": {
        "type": "Polygon",
        "coordinates": [
          [
            [
              101.7078676,
              3.1474405
            ],
            [
              101.7077348,
              3.1471692
            ],
            [
              101.7077782,
              3.1471371
            ],
            [
              101.7079162,
              3.1474169
            ],
            [
              101.7078676,
              3.1474405
            ]
          ]
        ]
      },
      "id": "way/1339042935"
    },
    {
      "type": "Feature",
      "properties": {
        "@id": "way/1339042936",
        "addr:housenumber": "41",
        "addr:street": "Changkat Bukit Bintang",
        "building": "commercial"
      },
      "geometry": {
        "type": "Polygon",
        "coordinates": [
          [
            [
              101.7078177,
              3.1474647
            ],
            [
              101.707691,
              3.1472091
            ],
            [
              101.7077348,
              3.1471692
            ],
            [
              101.7078676,
              3.1474405
            ],
            [
              101.7078177,
              3.1474647
            ]
          ]
        ]
      },
      "id": "way/1339042936"
    },
    {
      "type": "Feature",
      "properties": {
        "@id": "way/1339042937",
        "addr:housenumber": "39",
        "addr:street": "Changkat Bukit Bintang",
        "building": "commercial"
      },
      "geometry": {
        "type": "Polygon",
        "coordinates": [
          [
            [
              101.7077657,
              3.1474899
            ],
            [
              101.7076416,
              3.1472332
            ],
            [
              101.707691,
              3.1472091
            ],
            [
              101.7078177,
              3.1474647
            ],
            [
              101.7077657,
              3.1474899
            ]
          ]
        ]
      },
      "id": "way/1339042937"
    },
    {
      "type": "Feature",
      "properties": {
        "@id": "way/1339042938",
        "addr:housenumber": "37",
        "addr:street": "Changkat Bukit Bintang",
        "building": "commercial"
      },
      "geometry": {
        "type": "Polygon",
        "coordinates": [
          [
            [
              101.7077124,
              3.1475158
            ],
            [
              101.7075885,
              3.1472594
            ],
            [
              101.7076416,
              3.1472332
            ],
            [
              101.7077657,
              3.1474899
            ],
            [
              101.7077124,
              3.1475158
            ]
          ]
        ]
      },
      "id": "way/1339042938"
    },
    {
      "type": "Feature",
      "properties": {
        "@id": "way/1339042939",
        "addr:housenumber": "35",
        "addr:street": "Changkat Bukit Bintang",
        "building": "commercial"
      },
      "geometry": {
        "type": "Polygon",
        "coordinates": [
          [
            [
              101.7076591,
              3.1475416
            ],
            [
              101.7075354,
              3.1472855
            ],
            [
              101.7075885,
              3.1472594
            ],
            [
              101.7077124,
              3.1475158
            ],
            [
              101.7076591,
              3.1475416
            ]
          ]
        ]
      },
      "id": "way/1339042939"
    },
    {
      "type": "Feature",
      "properties": {
        "@id": "way/1339042940",
        "addr:housenumber": "33",
        "addr:street": "Changkat Bukit Bintang",
        "building": "commercial"
      },
      "geometry": {
        "type": "Polygon",
        "coordinates": [
          [
            [
              101.7076113,
              3.1475648
            ],
            [
              101.7074881,
              3.1473088
            ],
            [
              101.7075354,
              3.1472855
            ],
            [
              101.7076591,
              3.1475416
            ],
            [
              101.7076113,
              3.1475648
            ]
          ]
        ]
      },
      "id": "way/1339042940"
    },
    {
      "type": "Feature",
      "properties": {
        "@id": "way/1339042941",
        "addr:housenumber": "31",
        "addr:street": "Changkat Bukit Bintang",
        "building": "commercial"
      },
      "geometry": {
        "type": "Polygon",
        "coordinates": [
          [
            [
              101.7075606,
              3.1475894
            ],
            [
              101.7074373,
              3.1473339
            ],
            [
              101.7074881,
              3.1473088
            ],
            [
              101.7076113,
              3.1475648
            ],
            [
              101.7075606,
              3.1475894
            ]
          ]
        ]
      },
      "id": "way/1339042941"
    },
    {
      "type": "Feature",
      "properties": {
        "@id": "way/1339042942",
        "addr:housenumber": "29",
        "addr:street": "Changkat Bukit Bintang",
        "building": "commercial"
      },
      "geometry": {
        "type": "Polygon",
        "coordinates": [
          [
            [
              101.707506,
              3.1476158
            ],
            [
              101.7073828,
              3.1473607
            ],
            [
              101.7074373,
              3.1473339
            ],
            [
              101.7075606,
              3.1475894
            ],
            [
              101.707506,
              3.1476158
            ]
          ]
        ]
      },
      "id": "way/1339042942"
    },
    {
      "type": "Feature",
      "properties": {
        "@id": "way/1339042943",
        "addr:housenumber": "27",
        "addr:street": "Changkat Bukit Bintang",
        "building": "commercial"
      },
      "geometry": {
        "type": "Polygon",
        "coordinates": [
          [
            [
              101.7074583,
              3.147639
            ],
            [
              101.7073352,
              3.1473842
            ],
            [
              101.7073828,
              3.1473607
            ],
            [
              101.707506,
              3.1476158
            ],
            [
              101.7074583,
              3.147639
            ]
          ]
        ]
      },
      "id": "way/1339042943"
    },
    {
      "type": "Feature",
      "properties": {
        "@id": "way/1339042944",
        "addr:housenumber": "6",
        "addr:street": "Lorong Sahabat",
        "building": "commercial"
      },
      "geometry": {
        "type": "Polygon",
        "coordinates": [
          [
            [
              101.7067888,
              3.1477159
            ],
            [
              101.7069928,
              3.1476134
            ],
            [
              101.7070185,
              3.1476644
            ],
            [
              101.7068145,
              3.1477669
            ],
            [
              101.7067888,
              3.1477159
            ]
          ]
        ]
      },
      "id": "way/1339042944"
    },
    {
      "type": "Feature",
      "properties": {
        "@id": "way/1339042945",
        "addr:housenumber": "8",
        "addr:street": "Lorong Sahabat",
        "building": "commercial"
      },
      "geometry": {
        "type": "Polygon",
        "coordinates": [
          [
            [
              101.7067641,
              3.1476669
            ],
            [
              101.7069681,
              3.1475644
            ],
            [
              101.7069928,
              3.1476134
            ],
            [
              101.7067888,
              3.1477159
            ],
            [
              101.7067641,
              3.1476669
            ]
          ]
        ]
      },
      "id": "way/1339042945"
    },
    {
      "type": "Feature",
      "properties": {
        "@id": "way/1339042946",
        "addr:housenumber": "4",
        "addr:street": "Lorong Sahabat",
        "building": "commercial"
      },
      "geometry": {
        "type": "Polygon",
        "coordinates": [
          [
            [
              101.7070445,
              3.1477161
            ],
            [
              101.7070729,
              3.1477725
            ],
            [
              101.7068689,
              3.147875
            ],
            [
              101.7068405,
              3.1478186
            ],
            [
              101.7070445,
              3.1477161
            ]
          ]
        ]
      },
      "id": "way/1339042946"
    },
    {
      "type": "Feature",
      "properties": {
        "@id": "way/1384399255",
        "building": "yes",
        "source": "Bing"
      },
      "geometry": {
        "type": "Polygon",
        "coordinates": [
          [
            [
              101.7113782,
              3.1480173
            ],
            [
              101.7113978,
              3.1483593
            ],
            [
              101.7111875,
              3.1483713
            ],
            [
              101.7111679,
              3.1480268
            ],
            [
              101.7113782,
              3.1480173
            ]
          ]
        ]
      },
      "id": "way/1384399255"
    },
    {
      "type": "Feature",
      "properties": {
        "@id": "way/1388485462",
        "addr:housenumber": "22",
        "addr:street": "Jalan Beremi",
        "building": "residential"
      },
      "geometry": {
        "type": "Polygon",
        "coordinates": [
          [
            [
              101.7101068,
              3.1480789
            ],
            [
              101.7100755,
              3.1480337
            ],
            [
              101.710251,
              3.1479125
            ],
            [
              101.7102823,
              3.1479578
            ],
            [
              101.7101068,
              3.1480789
            ]
          ]
        ]
      },
      "id": "way/1388485462"
    },
    {
      "type": "Feature",
      "properties": {
        "@id": "way/1388485463",
        "addr:housenumber": "1",
        "addr:street": "Jalan Beremi",
        "building": "retail"
      },
      "geometry": {
        "type": "Polygon",
        "coordinates": [
          [
            [
              101.7106265,
              3.1473962
            ],
            [
              101.710596,
              3.1475022
            ],
            [
              101.7103592,
              3.1474322
            ],
            [
              101.7103708,
              3.1473924
            ],
            [
              101.7104403,
              3.1473413
            ],
            [
              101.7106265,
              3.1473962
            ]
          ]
        ]
      },
      "id": "way/1388485463"
    },
    {
      "type": "Feature",
      "properties": {
        "@id": "way/1388485464",
        "addr:housenumber": "3",
        "addr:street": "Jalan Beremi",
        "building": "retail"
      },
      "geometry": {
        "type": "Polygon",
        "coordinates": [
          [
            [
              101.7103592,
              3.1474322
            ],
            [
              101.710596,
              3.1475022
            ],
            [
              101.7105805,
              3.147555
            ],
            [
              101.7103438,
              3.1474852
            ],
            [
              101.7103592,
              3.1474322
            ]
          ]
        ]
      },
      "id": "way/1388485464"
    },
    {
      "type": "Feature",
      "properties": {
        "@id": "way/1388485465",
        "addr:housenumber": "5",
        "addr:street": "Jalan Beremi",
        "building": "retail"
      },
      "geometry": {
        "type": "Polygon",
        "coordinates": [
          [
            [
              101.7105805,
              3.147555
            ],
            [
              101.7105651,
              3.1476079
            ],
            [
              101.7103283,
              3.147538
            ],
            [
              101.7103438,
              3.1474852
            ],
            [
              101.7105805,
              3.147555
            ]
          ]
        ]
      },
      "id": "way/1388485465"
    },
    {
      "type": "Feature",
      "properties": {
        "@id": "way/1388485466",
        "addr:housenumber": "30",
        "addr:street": "Jalan Beremi",
        "building": "commercial"
      },
      "geometry": {
        "type": "Polygon",
        "coordinates": [
          [
            [
              101.7102007,
              3.1482145
            ],
            [
              101.7103762,
              3.1480934
            ],
            [
              101.7104064,
              3.1481135
            ],
            [
              101.7105045,
              3.1481539
            ],
            [
              101.7105153,
              3.1481531
            ],
            [
              101.7105298,
              3.1483854
            ],
            [
              101.7105345,
              3.1484345
            ],
            [
              101.7105014,
              3.1484592
            ],
            [
              101.7103926,
              3.1483692
            ],
            [
              101.7102007,
              3.1482145
            ]
          ]
        ]
      },
      "id": "way/1388485466"
    },
    {
      "type": "Feature",
      "properties": {
        "@id": "way/1388485467",
        "addr:housenumber": "26",
        "addr:street": "Jalan Beremi",
        "building": "residential"
      },
      "geometry": {
        "type": "Polygon",
        "coordinates": [
          [
            [
              101.7103448,
              3.1480481
            ],
            [
              101.7101694,
              3.1481692
            ],
            [
              101.7101381,
              3.1481241
            ],
            [
              101.7103136,
              3.1480029
            ],
            [
              101.7103448,
              3.1480481
            ]
          ]
        ]
      },
      "id": "way/1388485467"
    },
    {
      "type": "Feature",
      "properties": {
        "@id": "way/1388485468",
        "addr:housenumber": "18",
        "addr:street": "Jalan Beremi",
        "building": "residential"
      },
      "geometry": {
        "type": "Polygon",
        "coordinates": [
          [
            [
              101.7102197,
              3.1478674
            ],
            [
              101.7100442,
              3.1479885
            ],
            [
              101.7100123,
              3.1479424
            ],
            [
              101.7101878,
              3.1478212
            ],
            [
              101.7102197,
              3.1478674
            ]
          ]
        ]
      },
      "id": "way/1388485468"
    },
    {
      "type": "Feature",
      "properties": {
        "@id": "way/1388485469",
        "addr:housenumber": "20",
        "addr:street": "Jalan Beremi",
        "building": "residential"
      },
      "geometry": {
        "type": "Polygon",
        "coordinates": [
          [
            [
              101.710251,
              3.1479125
            ],
            [
              101.7100755,
              3.1480337
            ],
            [
              101.7100442,
              3.1479885
            ],
            [
              101.7102197,
              3.1478674
            ],
            [
              101.710251,
              3.1479125
            ]
          ]
        ]
      },
      "id": "way/1388485469"
    },
    {
      "type": "Feature",
      "properties": {
        "@id": "way/1388485470",
        "addr:housenumber": "24",
        "addr:street": "Jalan Beremi",
        "building": "residential"
      },
      "geometry": {
        "type": "Polygon",
        "coordinates": [
          [
            [
              101.7101381,
              3.1481241
            ],
            [
              101.7101068,
              3.1480789
            ],
            [
              101.7102823,
              3.1479578
            ],
            [
              101.7103136,
              3.1480029
            ],
            [
              101.7101381,
              3.1481241
            ]
          ]
        ]
      },
      "id": "way/1388485470"
    },
    {
      "type": "Feature",
      "properties": {
        "@id": "way/1388485471",
        "addr:housenumber": "28",
        "addr:street": "Jalan Beremi",
        "building": "residential"
      },
      "geometry": {
        "type": "Polygon",
        "coordinates": [
          [
            [
              101.7103762,
              3.1480934
            ],
            [
              101.7102007,
              3.1482145
            ],
            [
              101.7101694,
              3.1481692
            ],
            [
              101.7103448,
              3.1480481
            ],
            [
              101.7103762,
              3.1480934
            ]
          ]
        ]
      },
      "id": "way/1388485471"
    },
    {
      "type": "Feature",
      "properties": {
        "@id": "way/1388485475",
        "addr:street": "Jalan Sultan Ismail",
        "building": "retail"
      },
      "geometry": {
        "type": "Polygon",
        "coordinates": [
          [
            [
              101.7108855,
              3.1475874
            ],
            [
              101.7108701,
              3.1476402
            ],
            [
              101.7106329,
              3.1475703
            ],
            [
              101.7106483,
              3.1475174
            ],
            [
              101.7108855,
              3.1475874
            ]
          ]
        ]
      },
      "id": "way/1388485475"
    },
    {
      "type": "Feature",
      "properties": {
        "@id": "way/1388485476",
        "addr:housenumber": "47",
        "addr:street": "Jalan Sultan Ismail",
        "building": "retail"
      },
      "geometry": {
        "type": "Polygon",
        "coordinates": [
          [
            [
              101.7108701,
              3.1476402
            ],
            [
              101.7108546,
              3.1476931
            ],
            [
              101.7106174,
              3.1476232
            ],
            [
              101.7106329,
              3.1475703
            ],
            [
              101.7108701,
              3.1476402
            ]
          ]
        ]
      },
      "id": "way/1388485476"
    },
    {
      "type": "Feature",
      "properties": {
        "@id": "way/1388485477",
        "addr:housenumber": "51",
        "addr:street": "Jalan Sultan Ismail",
        "building": "retail"
      },
      "geometry": {
        "type": "Polygon",
        "coordinates": [
          [
            [
              101.7106793,
              3.1474116
            ],
            [
              101.7108769,
              3.1474699
            ],
            [
              101.7109048,
              3.1475213
            ],
            [
              101.7108855,
              3.1475874
            ],
            [
              101.7106483,
              3.1475174
            ],
            [
              101.7106793,
              3.1474116
            ]
          ]
        ]
      },
      "id": "way/1388485477"
    },
    {
      "type": "Feature",
      "properties": {
        "@id": "way/1409336525",
        "building": "yes"
      },
      "geometry": {
        "type": "Polygon",
        "coordinates": [
          [
            [
              101.7128848,
              3.1447928
            ],
            [
              101.7128922,
              3.1448509
            ],
            [
              101.7128101,
              3.1449577
            ],
            [
              101.7127526,
              3.1449651
            ],
            [
              101.7123991,
              3.1446894
            ],
            [
              101.7122908,
              3.1449498
            ],
            [
              101.7122809,
              3.1449446
            ],
            [
              101.7122559,
              3.1449314
            ],
            [
              101.7121258,
              3.1452391
            ],
            [
              101.7119998,
              3.145183
            ],
            [
              101.7119944,
              3.1451958
            ],
            [
              101.7119568,
              3.14518
            ],
            [
              101.7122177,
              3.1445382
            ],
            [
              101.7121855,
              3.1445247
            ],
            [
              101.7121602,
              3.144514
            ],
            [
              101.7123898,
              3.1439712
            ],
            [
              101.7123983,
              3.1439747
            ],
            [
              101.7124323,
              3.1439891
            ],
            [
              101.7126221,
              3.1440691
            ],
            [
              101.7126499,
              3.1440808
            ],
            [
              101.7124796,
              3.1444834
            ],
            [
              101.7124886,
              3.1444902
            ],
            [
              101.7128848,
              3.1447928
            ]
          ]
        ]
      },
      "id": "way/1409336525"
    },
    {
      "type": "Feature",
      "properties": {
        "@id": "way/1409336526",
        "building": "yes",
        "layer": "1"
      },
      "geometry": {
        "type": "Polygon",
        "coordinates": [
          [
            [
              101.7125122,
              3.1452101
            ],
            [
              101.7125462,
              3.1451668
            ],
            [
              101.7126387,
              3.1452392
            ],
            [
              101.7126391,
              3.1452395
            ],
            [
              101.7126222,
              3.1452611
            ],
            [
              101.7126052,
              3.1452828
            ],
            [
              101.7125122,
              3.1452101
            ]
          ]
        ]
      },
      "id": "way/1409336526"
    },
    {
      "type": "Feature",
      "properties": {
        "@id": "way/1409340693",
        "addr:city": "Kuala Lumpur",
        "addr:housenumber": "25",
        "addr:postcode": "55100",
        "addr:street": "Jalan Bukit Bintang",
        "building": "commercial",
        "building:levels": "4"
      },
      "geometry": {
        "type": "Polygon",
        "coordinates": [
          [
            [
              101.7086251,
              3.144199
            ],
            [
              101.7084441,
              3.1444309
            ],
            [
              101.7084012,
              3.1443975
            ],
            [
              101.7085822,
              3.1441657
            ],
            [
              101.7086251,
              3.144199
            ]
          ]
        ]
      },
      "id": "way/1409340693"
    },
    {
      "type": "Feature",
      "properties": {
        "@id": "way/1409340695",
        "addr:city": "Kuala Lumpur",
        "addr:housenumber": "27",
        "addr:postcode": "55100",
        "addr:street": "Jalan Bukit Bintang",
        "building": "commercial",
        "building:levels": "2"
      },
      "geometry": {
        "type": "Polygon",
        "coordinates": [
          [
            [
              101.7086251,
              3.144199
            ],
            [
              101.7086675,
              3.144232
            ],
            [
              101.7084865,
              3.1444639
            ],
            [
              101.7084441,
              3.1444309
            ],
            [
              101.7086251,
              3.144199
            ]
          ]
        ]
      },
      "id": "way/1409340695"
    },
    {
      "type": "Feature",
      "properties": {
        "@id": "way/1409378391",
        "addr:housenumber": "108",
        "addr:street": "Jalan Bukit Bintang",
        "building": "commercial"
      },
      "geometry": {
        "type": "Polygon",
        "coordinates": [
          [
            [
              101.7104662,
              3.1466052
            ],
            [
              101.7106484,
              3.1463716
            ],
            [
              101.7106917,
              3.1464052
            ],
            [
              101.7105095,
              3.1466388
            ],
            [
              101.7104662,
              3.1466052
            ]
          ]
        ]
      },
      "id": "way/1409378391"
    },
    {
      "type": "Feature",
      "properties": {
        "@id": "way/1409378392",
        "addr:housenumber": "106",
        "addr:street": "Jalan Bukit Bintang",
        "building": "commercial"
      },
      "geometry": {
        "type": "Polygon",
        "coordinates": [
          [
            [
              101.7104228,
              3.1465715
            ],
            [
              101.7104376,
              3.1465526
            ],
            [
              101.7106051,
              3.1463379
            ],
            [
              101.7106484,
              3.1463716
            ],
            [
              101.7104662,
              3.1466052
            ],
            [
              101.7104228,
              3.1465715
            ]
          ]
        ]
      },
      "id": "way/1409378392"
    },
    {
      "type": "Feature",
      "properties": {
        "@id": "way/1409378393",
        "addr:housenumber": "102",
        "addr:street": "Jalan Bukit Bintang",
        "building": "commercial"
      },
      "geometry": {
        "type": "Polygon",
        "coordinates": [
          [
            [
              101.7105618,
              3.1463042
            ],
            [
              101.7103943,
              3.1465189
            ],
            [
              101.7103508,
              3.1464851
            ],
            [
              101.710518,
              3.1462706
            ],
            [
              101.7105618,
              3.1463042
            ]
          ]
        ]
      },
      "id": "way/1409378393"
    },
    {
      "type": "Feature",
      "properties": {
        "@id": "way/1409378394",
        "building": "roof"
      },
      "geometry": {
        "type": "Polygon",
        "coordinates": [
          [
            [
              101.7100388,
              3.1462128
            ],
            [
              101.7100758,
              3.1462415
            ],
            [
              101.7101166,
              3.1462733
            ],
            [
              101.7100861,
              3.1463125
            ],
            [
              101.7100082,
              3.146252
            ],
            [
              101.7100388,
              3.1462128
            ]
          ]
        ]
      },
      "id": "way/1409378394"
    },
    {
      "type": "Feature",
      "properties": {
        "@id": "way/1409378395",
        "addr:housenumber": "90",
        "addr:street": "Jalan Bukit Bintang",
        "building": "commercial"
      },
      "geometry": {
        "type": "Polygon",
        "coordinates": [
          [
            [
              101.7101267,
              3.1463441
            ],
            [
              101.7100861,
              3.1463125
            ],
            [
              101.7101166,
              3.1462733
            ],
            [
              101.7102698,
              3.1460769
            ],
            [
              101.7103104,
              3.1461085
            ],
            [
              101.7101267,
              3.1463441
            ]
          ]
        ]
      },
      "id": "way/1409378395"
    },
    {
      "type": "Feature",
      "properties": {
        "@id": "way/1409378396",
        "addr:city": "Kuala Lumpur",
        "addr:housenumber": "120",
        "addr:postcode": "55100",
        "addr:street": "Jalan Bukit Bintang",
        "building": "commercial",
        "building:levels": "4"
      },
      "geometry": {
        "type": "Polygon",
        "coordinates": [
          [
            [
              101.7107568,
              3.1468866
            ],
            [
              101.7107434,
              3.1468426
            ],
            [
              101.7109786,
              3.1467494
            ],
            [
              101.711014,
              3.1468591
            ],
            [
              101.7107568,
              3.1468866
            ]
          ]
        ]
      },
      "id": "way/1409378396"
    },
    {
      "type": "Feature",
      "properties": {
        "@id": "way/1409378397",
        "addr:city": "Kuala Lumpur",
        "addr:housenumber": "116",
        "addr:postcode": "55100",
        "addr:street": "Jalan Bukit Bintang",
        "building": "commercial",
        "building:levels": "4"
      },
      "geometry": {
        "type": "Polygon",
        "coordinates": [
          [
            [
              101.7107307,
              3.1468031
            ],
            [
              101.7107112,
              3.1467866
            ],
            [
              101.7108451,
              3.1466139
            ],
            [
              101.7109099,
              3.1466646
            ],
            [
              101.7107307,
              3.1468031
            ]
          ]
        ]
      },
      "id": "way/1409378397"
    },
    {
      "type": "Feature",
      "properties": {
        "@id": "way/1409378398",
        "addr:housenumber": "96",
        "addr:street": "Jalan Bukit Bintang",
        "building": "commercial"
      },
      "geometry": {
        "type": "Polygon",
        "coordinates": [
          [
            [
              101.7104332,
              3.1462045
            ],
            [
              101.7102495,
              3.1464396
            ],
            [
              101.7102063,
              3.1464059
            ],
            [
              101.7103899,
              3.1461708
            ],
            [
              101.7104332,
              3.1462045
            ]
          ]
        ]
      },
      "id": "way/1409378398"
    },
    {
      "type": "Feature",
      "properties": {
        "@id": "way/1409378399",
        "addr:housenumber": "104",
        "addr:street": "Jalan Bukit Bintang",
        "building": "commercial"
      },
      "geometry": {
        "type": "Polygon",
        "coordinates": [
          [
            [
              101.7106051,
              3.1463379
            ],
            [
              101.7104376,
              3.1465526
            ],
            [
              101.7103943,
              3.1465189
            ],
            [
              101.7105618,
              3.1463042
            ],
            [
              101.7106051,
              3.1463379
            ]
          ]
        ]
      },
      "id": "way/1409378399"
    },
    {
      "type": "Feature",
      "properties": {
        "@id": "way/1409378400",
        "addr:housenumber": "98",
        "addr:street": "Jalan Bukit Bintang",
        "building": "commercial"
      },
      "geometry": {
        "type": "Polygon",
        "coordinates": [
          [
            [
              101.7104766,
              3.1462383
            ],
            [
              101.710293,
              3.1464734
            ],
            [
              101.7102495,
              3.1464396
            ],
            [
              101.7104332,
              3.1462045
            ],
            [
              101.7104766,
              3.1462383
            ]
          ]
        ]
      },
      "id": "way/1409378400"
    },
    {
      "type": "Feature",
      "properties": {
        "@id": "way/1409378401",
        "addr:city": "Kuala Lumpur",
        "addr:housenumber": "61",
        "addr:postcode": "55100",
        "addr:street": "Jalan Sultan Ismail",
        "building": "commercial",
        "building:levels": "4"
      },
      "geometry": {
        "type": "Polygon",
        "coordinates": [
          [
            [
              101.7109669,
              3.1470948
            ],
            [
              101.7109515,
              3.1471477
            ],
            [
              101.7107553,
              3.1470896
            ],
            [
              101.7107567,
              3.1470326
            ],
            [
              101.7109669,
              3.1470948
            ]
          ]
        ]
      },
      "id": "way/1409378401"
    },
    {
      "type": "Feature",
      "properties": {
        "@id": "way/1409378402",
        "addr:city": "Kuala Lumpur",
        "addr:housenumber": "53",
        "addr:postcode": "55100",
        "addr:street": "Jalan Sultan Ismail",
        "building": "commercial",
        "building:levels": "4"
      },
      "geometry": {
        "type": "Polygon",
        "coordinates": [
          [
            [
              101.7109051,
              3.1473063
            ],
            [
              101.7108974,
              3.1473328
            ],
            [
              101.7108651,
              3.1473476
            ],
            [
              101.7107499,
              3.1473178
            ],
            [
              101.7107512,
              3.1472607
            ],
            [
              101.7109051,
              3.1473063
            ]
          ]
        ]
      },
      "id": "way/1409378402"
    },
    {
      "type": "Feature",
      "properties": {
        "@id": "way/1409378403",
        "addr:city": "Kuala Lumpur",
        "addr:housenumber": "112",
        "addr:postcode": "55100",
        "addr:street": "Jalan Bukit Bintang",
        "building": "commercial",
        "building:levels": "4"
      },
      "geometry": {
        "type": "Polygon",
        "coordinates": [
          [
            [
              101.7107582,
              3.1465466
            ],
            [
              101.7108017,
              3.1465803
            ],
            [
              101.7106677,
              3.1467529
            ],
            [
              101.7106243,
              3.1467193
            ],
            [
              101.7107582,
              3.1465466
            ]
          ]
        ]
      },
      "id": "way/1409378403"
    },
    {
      "type": "Feature",
      "properties": {
        "@id": "way/1409378404",
        "addr:housenumber": "92",
        "addr:street": "Jalan Bukit Bintang",
        "building": "commercial"
      },
      "geometry": {
        "type": "Polygon",
        "coordinates": [
          [
            [
              101.7103497,
              3.1461395
            ],
            [
              101.710166,
              3.1463745
            ],
            [
              101.7101267,
              3.1463441
            ],
            [
              101.7103104,
              3.1461085
            ],
            [
              101.7103497,
              3.1461395
            ]
          ]
        ]
      },
      "id": "way/1409378404"
    },
    {
      "type": "Feature",
      "properties": {
        "@id": "way/1409378405",
        "addr:city": "Kuala Lumpur",
        "addr:housenumber": "57",
        "addr:postcode": "55100",
        "addr:street": "Jalan Sultan Ismail",
        "building": "commercial",
        "building:levels": "4"
      },
      "geometry": {
        "type": "Polygon",
        "coordinates": [
          [
            [
              101.7109206,
              3.1472534
            ],
            [
              101.7107526,
              3.1472037
            ],
            [
              101.710754,
              3.1471466
            ],
            [
              101.710936,
              3.1472005
            ],
            [
              101.7109206,
              3.1472534
            ]
          ]
        ]
      },
      "id": "way/1409378405"
    },
    {
      "type": "Feature",
      "properties": {
        "@id": "way/1409378406",
        "addr:city": "Kuala Lumpur",
        "addr:housenumber": "59",
        "addr:postcode": "55100",
        "addr:street": "Jalan Sultan Ismail",
        "building": "commercial",
        "building:levels": "4"
      },
      "geometry": {
        "type": "Polygon",
        "coordinates": [
          [
            [
              101.7109515,
              3.1471477
            ],
            [
              101.710936,
              3.1472005
            ],
            [
              101.710754,
              3.1471466
            ],
            [
              101.7107553,
              3.1470896
            ],
            [
              101.7109515,
              3.1471477
            ]
          ]
        ]
      },
      "id": "way/1409378406"
    },
    {
      "type": "Feature",
      "properties": {
        "@id": "way/1409378407",
        "addr:housenumber": "94",
        "addr:street": "Jalan Bukit Bintang",
        "building": "commercial"
      },
      "geometry": {
        "type": "Polygon",
        "coordinates": [
          [
            [
              101.7103899,
              3.1461708
            ],
            [
              101.7102063,
              3.1464059
            ],
            [
              101.710166,
              3.1463745
            ],
            [
              101.7103497,
              3.1461395
            ],
            [
              101.7103899,
              3.1461708
            ]
          ]
        ]
      },
      "id": "way/1409378407"
    },
    {
      "type": "Feature",
      "properties": {
        "@id": "way/1409378408",
        "addr:housenumber": "88",
        "addr:street": "Jalan Bukit Bintang",
        "building": "commercial",
        "name": "Wisma Peng Wah"
      },
      "geometry": {
        "type": "Polygon",
        "coordinates": [
          [
            [
              101.7100758,
              3.1462415
            ],
            [
              101.7102289,
              3.1460452
            ],
            [
              101.7102698,
              3.1460769
            ],
            [
              101.7101166,
              3.1462733
            ],
            [
              101.7100758,
              3.1462415
            ]
          ]
        ]
      },
      "id": "way/1409378408"
    },
    {
      "type": "Feature",
      "properties": {
        "@id": "way/1409378409",
        "addr:city": "Kuala Lumpur",
        "addr:housenumber": "63",
        "addr:postcode": "55100",
        "addr:street": "Jalan Sultan Ismail",
        "building": "commercial",
        "building:levels": "4"
      },
      "geometry": {
        "type": "Polygon",
        "coordinates": [
          [
            [
              101.7109824,
              3.1470419
            ],
            [
              101.7109669,
              3.1470948
            ],
            [
              101.7107567,
              3.1470326
            ],
            [
              101.7107581,
              3.1469755
            ],
            [
              101.7109824,
              3.1470419
            ]
          ]
        ]
      },
      "id": "way/1409378409"
    },
    {
      "type": "Feature",
      "properties": {
        "@id": "way/1409378410",
        "addr:city": "Kuala Lumpur",
        "addr:housenumber": "114",
        "addr:postcode": "55100",
        "addr:street": "Jalan Bukit Bintang",
        "building": "commercial",
        "building:levels": "4"
      },
      "geometry": {
        "type": "Polygon",
        "coordinates": [
          [
            [
              101.7108451,
              3.1466139
            ],
            [
              101.7107112,
              3.1467866
            ],
            [
              101.7106677,
              3.1467529
            ],
            [
              101.7108017,
              3.1465803
            ],
            [
              101.7108451,
              3.1466139
            ]
          ]
        ]
      },
      "id": "way/1409378410"
    },
    {
      "type": "Feature",
      "properties": {
        "@id": "way/1409378411",
        "addr:housenumber": "100",
        "addr:street": "Jalan Bukit Bintang",
        "building": "commercial"
      },
      "geometry": {
        "type": "Polygon",
        "coordinates": [
          [
            [
              101.710518,
              3.1462706
            ],
            [
              101.7103508,
              3.1464851
            ],
            [
              101.7103343,
              3.1465056
            ],
            [
              101.710293,
              3.1464734
            ],
            [
              101.7104766,
              3.1462383
            ],
            [
              101.710518,
              3.1462706
            ]
          ]
        ]
      },
      "id": "way/1409378411"
    },
    {
      "type": "Feature",
      "properties": {
        "@id": "way/1409378412",
        "addr:city": "Kuala Lumpur",
        "addr:housenumber": "65",
        "addr:postcode": "55100",
        "addr:street": "Jalan Sultan Ismail",
        "building": "commercial",
        "building:levels": "4"
      },
      "geometry": {
        "type": "Polygon",
        "coordinates": [
          [
            [
              101.7110055,
              3.1469627
            ],
            [
              101.7109824,
              3.1470419
            ],
            [
              101.7107581,
              3.1469755
            ],
            [
              101.7107619,
              3.146933
            ],
            [
              101.7110055,
              3.1469627
            ]
          ]
        ]
      },
      "id": "way/1409378412"
    },
    {
      "type": "Feature",
      "properties": {
        "@id": "way/1409378413",
        "addr:housenumber": "86",
        "addr:street": "Jalan Bukit Bintang",
        "building": "commercial",
        "name": "Wisma Peng Wah"
      },
      "geometry": {
        "type": "Polygon",
        "coordinates": [
          [
            [
              101.7101624,
              3.1460595
            ],
            [
              101.7102289,
              3.1460452
            ],
            [
              101.7100758,
              3.1462415
            ],
            [
              101.7100388,
              3.1462128
            ],
            [
              101.7101624,
              3.1460595
            ]
          ]
        ]
      },
      "id": "way/1409378413"
    },
    {
      "type": "Feature",
      "properties": {
        "@id": "way/1409378414",
        "addr:city": "Kuala Lumpur",
        "addr:housenumber": "55",
        "addr:postcode": "55100",
        "addr:street": "Jalan Sultan Ismail",
        "building": "commercial",
        "building:levels": "4"
      },
      "geometry": {
        "type": "Polygon",
        "coordinates": [
          [
            [
              101.7109206,
              3.1472534
            ],
            [
              101.7109051,
              3.1473063
            ],
            [
              101.7107512,
              3.1472607
            ],
            [
              101.7107526,
              3.1472037
            ],
            [
              101.7109206,
              3.1472534
            ]
          ]
        ]
      },
      "id": "way/1409378414"
    },
    {
      "type": "Feature",
      "properties": {
        "@id": "way/1409378415",
        "addr:city": "Kuala Lumpur",
        "addr:housenumber": "118",
        "addr:postcode": "55100",
        "addr:street": "Jalan Bukit Bintang",
        "building": "commercial",
        "building:levels": "4"
      },
      "geometry": {
        "type": "Polygon",
        "coordinates": [
          [
            [
              101.7109786,
              3.1467494
            ],
            [
              101.7107434,
              3.1468426
            ],
            [
              101.7107307,
              3.1468031
            ],
            [
              101.7109099,
              3.1466646
            ],
            [
              101.7109786,
              3.1467494
            ]
          ]
        ]
      },
      "id": "way/1409378415"
    },
    {
      "type": "Feature",
      "properties": {
        "@id": "way/1409380936",
        "addr:city": "Kuala Lumpur",
        "addr:housenumber": "42",
        "addr:postcode": "55100",
        "addr:street": "Jalan Bukit Bintang",
        "building": "commercial",
        "building:levels": "4"
      },
      "geometry": {
        "type": "Polygon",
        "coordinates": [
          [
            [
              101.7088895,
              3.14528
            ],
            [
              101.7088031,
              3.1452128
            ],
            [
              101.7089496,
              3.1450249
            ],
            [
              101.7089925,
              3.1450582
            ],
            [
              101.709036,
              3.1450921
            ],
            [
              101.7088895,
              3.14528
            ]
          ]
        ]
      },
      "id": "way/1409380936"
    },
    {
      "type": "Feature",
      "properties": {
        "@id": "way/1409380937",
        "addr:housenumber": "4",
        "addr:postcode": "55100",
        "addr:street": "Jalan Bukit Bintang",
        "building": "commercial"
      },
      "geometry": {
        "type": "Polygon",
        "coordinates": [
          [
            [
              101.708218,
              3.1444385
            ],
            [
              101.7080586,
              3.1446494
            ],
            [
              101.7080153,
              3.1446155
            ],
            [
              101.7081748,
              3.1444047
            ],
            [
              101.708218,
              3.1444385
            ]
          ]
        ]
      },
      "id": "way/1409380937"
    },
    {
      "type": "Feature",
      "properties": {
        "@id": "way/1409380938",
        "addr:housenumber": "8",
        "addr:postcode": "55100",
        "addr:street": "Jalan Bukit Bintang",
        "building": "commercial"
      },
      "geometry": {
        "type": "Polygon",
        "coordinates": [
          [
            [
              101.708158,
              3.1446951
            ],
            [
              101.7081147,
              3.1446612
            ],
            [
              101.7082613,
              3.1444723
            ],
            [
              101.7083045,
              3.1445063
            ],
            [
              101.708158,
              3.1446951
            ]
          ]
        ]
      },
      "id": "way/1409380938"
    },
    {
      "type": "Feature",
      "properties": {
        "@id": "way/1409380939",
        "addr:housenumber": "6",
        "addr:postcode": "55100",
        "addr:street": "Jalan Bukit Bintang",
        "building": "commercial"
      },
      "geometry": {
        "type": "Polygon",
        "coordinates": [
          [
            [
              101.708218,
              3.1444385
            ],
            [
              101.7082613,
              3.1444723
            ],
            [
              101.7081147,
              3.1446612
            ],
            [
              101.7081018,
              3.1446832
            ],
            [
              101.7080586,
              3.1446494
            ],
            [
              101.708218,
              3.1444385
            ]
          ]
        ]
      },
      "id": "way/1409380939"
    },
    {
      "type": "Feature",
      "properties": {
        "@id": "way/1409380940",
        "addr:housenumber": "20",
        "addr:postcode": "55100",
        "addr:street": "Jalan Bukit Bintang",
        "building": "commercial"
      },
      "geometry": {
        "type": "Polygon",
        "coordinates": [
          [
            [
              101.7084046,
              3.1449203
            ],
            [
              101.7083613,
              3.1448864
            ],
            [
              101.7085206,
              3.1446758
            ],
            [
              101.7085638,
              3.1447097
            ],
            [
              101.7084046,
              3.1449203
            ]
          ]
        ]
      },
      "id": "way/1409380940"
    },
    {
      "type": "Feature",
      "properties": {
        "@id": "way/1409380941",
        "addr:housenumber": "10",
        "addr:postcode": "55100",
        "addr:street": "Jalan Bukit Bintang",
        "building": "commercial"
      },
      "geometry": {
        "type": "Polygon",
        "coordinates": [
          [
            [
              101.7083045,
              3.1445063
            ],
            [
              101.7083477,
              3.1445401
            ],
            [
              101.7082013,
              3.144729
            ],
            [
              101.708158,
              3.1446951
            ],
            [
              101.7083045,
              3.1445063
            ]
          ]
        ]
      },
      "id": "way/1409380941"
    },
    {
      "type": "Feature",
      "properties": {
        "@id": "way/1409380942",
        "addr:housenumber": "2",
        "addr:postcode": "55100",
        "addr:street": "Jalan Bukit Bintang",
        "building": "commercial"
      },
      "geometry": {
        "type": "Polygon",
        "coordinates": [
          [
            [
              101.7081748,
              3.1444047
            ],
            [
              101.7080153,
              3.1446155
            ],
            [
              101.7079721,
              3.1445816
            ],
            [
              101.7081315,
              3.1443708
            ],
            [
              101.7081748,
              3.1444047
            ]
          ]
        ]
      },
      "id": "way/1409380942"
    },
    {
      "type": "Feature",
      "properties": {
        "@id": "way/1409380943",
        "addr:housenumber": "12",
        "addr:postcode": "55100",
        "addr:street": "Jalan Bukit Bintang",
        "building": "commercial"
      },
      "geometry": {
        "type": "Polygon",
        "coordinates": [
          [
            [
              101.7082315,
              3.1447848
            ],
            [
              101.7081871,
              3.1447522
            ],
            [
              101.7082013,
              3.144729
            ],
            [
              101.7083477,
              3.1445401
            ],
            [
              101.7083909,
              3.144574
            ],
            [
              101.7082315,
              3.1447848
            ]
          ]
        ]
      },
      "id": "way/1409380943"
    },
    {
      "type": "Feature",
      "properties": {
        "@id": "way/1409380944",
        "addr:housenumber": "22",
        "addr:postcode": "55100",
        "addr:street": "Jalan Bukit Bintang",
        "building": "commercial"
      },
      "geometry": {
        "type": "Polygon",
        "coordinates": [
          [
            [
              101.7084479,
              3.1449542
            ],
            [
              101.7084046,
              3.1449203
            ],
            [
              101.7085638,
              3.1447097
            ],
            [
              101.7086071,
              3.1447436
            ],
            [
              101.7084479,
              3.1449542
            ]
          ]
        ]
      },
      "id": "way/1409380944"
    },
    {
      "type": "Feature",
      "properties": {
        "@id": "way/1409380945",
        "addr:housenumber": "24",
        "addr:postcode": "55100",
        "addr:street": "Jalan Bukit Bintang",
        "building": "commercial"
      },
      "geometry": {
        "type": "Polygon",
        "coordinates": [
          [
            [
              101.7084479,
              3.1449542
            ],
            [
              101.7086071,
              3.1447436
            ],
            [
              101.7086503,
              3.1447775
            ],
            [
              101.7084911,
              3.144988
            ],
            [
              101.7084479,
              3.1449542
            ]
          ]
        ]
      },
      "id": "way/1409380945"
    },
    {
      "type": "Feature",
      "properties": {
        "@id": "way/1409380946",
        "addr:housenumber": "14",
        "addr:postcode": "55100",
        "addr:street": "Jalan Bukit Bintang",
        "building": "commercial"
      },
      "geometry": {
        "type": "Polygon",
        "coordinates": [
          [
            [
              101.7082748,
              3.1448187
            ],
            [
              101.7082315,
              3.1447848
            ],
            [
              101.7083909,
              3.144574
            ],
            [
              101.7084342,
              3.144608
            ],
            [
              101.7082748,
              3.1448187
            ]
          ]
        ]
      },
      "id": "way/1409380946"
    },
    {
      "type": "Feature",
      "properties": {
        "@id": "way/1409380947",
        "addr:housenumber": "16",
        "addr:postcode": "55100",
        "addr:street": "Jalan Bukit Bintang",
        "building": "commercial"
      },
      "geometry": {
        "type": "Polygon",
        "coordinates": [
          [
            [
              101.7084774,
              3.1446419
            ],
            [
              101.7083181,
              3.1448526
            ],
            [
              101.7082748,
              3.1448187
            ],
            [
              101.7084342,
              3.144608
            ],
            [
              101.7084774,
              3.1446419
            ]
          ]
        ]
      },
      "id": "way/1409380947"
    },
    {
      "type": "Feature",
      "properties": {
        "@id": "way/1409380948",
        "addr:housenumber": "18",
        "addr:postcode": "55100",
        "addr:street": "Jalan Bukit Bintang",
        "building": "commercial"
      },
      "geometry": {
        "type": "Polygon",
        "coordinates": [
          [
            [
              101.7083181,
              3.1448526
            ],
            [
              101.7084774,
              3.1446419
            ],
            [
              101.7085206,
              3.1446758
            ],
            [
              101.7083613,
              3.1448864
            ],
            [
              101.7083181,
              3.1448526
            ]
          ]
        ]
      },
      "id": "way/1409380948"
    },
    {
      "type": "Feature",
      "properties": {
        "@id": "way/1409380949",
        "addr:housenumber": "48",
        "addr:postcode": "55100",
        "addr:street": "Jalan Bukit Bintang",
        "building": "commercial"
      },
      "geometry": {
        "type": "Polygon",
        "coordinates": [
          [
            [
              101.7090239,
              3.1453846
            ],
            [
              101.7089793,
              3.1453499
            ],
            [
              101.7091259,
              3.145162
            ],
            [
              101.7091705,
              3.1451967
            ],
            [
              101.7090239,
              3.1453846
            ]
          ]
        ]
      },
      "id": "way/1409380949"
    },
    {
      "type": "Feature",
      "properties": {
        "@id": "way/1409380950",
        "addr:housenumber": "50",
        "addr:postcode": "55100",
        "addr:street": "Jalan Bukit Bintang",
        "building": "commercial"
      },
      "geometry": {
        "type": "Polygon",
        "coordinates": [
          [
            [
              101.7092178,
              3.1452335
            ],
            [
              101.7090712,
              3.1454214
            ],
            [
              101.7090239,
              3.1453846
            ],
            [
              101.7091705,
              3.1451967
            ],
            [
              101.7092178,
              3.1452335
            ]
          ]
        ]
      },
      "id": "way/1409380950"
    },
    {
      "type": "Feature",
      "properties": {
        "@id": "way/1409380951",
        "addr:housenumber": "52",
        "addr:postcode": "55100",
        "addr:street": "Jalan Bukit Bintang",
        "building": "commercial"
      },
      "geometry": {
        "type": "Polygon",
        "coordinates": [
          [
            [
              101.7091191,
              3.1454586
            ],
            [
              101.7090712,
              3.1454214
            ],
            [
              101.7092178,
              3.1452335
            ],
            [
              101.7092656,
              3.1452707
            ],
            [
              101.7091191,
              3.1454586
            ]
          ]
        ]
      },
      "id": "way/1409380951"
    },
    {
      "type": "Feature",
      "properties": {
        "@id": "way/1409380952",
        "addr:housenumber": "54",
        "addr:postcode": "55100",
        "addr:street": "Jalan Bukit Bintang",
        "building": "commercial"
      },
      "geometry": {
        "type": "Polygon",
        "coordinates": [
          [
            [
              101.7093106,
              3.1453074
            ],
            [
              101.7091639,
              3.1454945
            ],
            [
              101.7091191,
              3.1454586
            ],
            [
              101.7092656,
              3.1452707
            ],
            [
              101.7093106,
              3.1453074
            ]
          ]
        ]
      },
      "id": "way/1409380952"
    },
    {
      "type": "Feature",
      "properties": {
        "@id": "way/1409380953",
        "addr:housenumber": "56",
        "addr:postcode": "55100",
        "addr:street": "Jalan Bukit Bintang",
        "building": "commercial"
      },
      "geometry": {
        "type": "Polygon",
        "coordinates": [
          [
            [
              101.7092035,
              3.1455254
            ],
            [
              101.7091639,
              3.1454945
            ],
            [
              101.7093106,
              3.1453074
            ],
            [
              101.7093501,
              3.1453382
            ],
            [
              101.7092035,
              3.1455254
            ]
          ]
        ]
      },
      "id": "way/1409380953"
    },
    {
      "type": "Feature",
      "properties": {
        "@id": "way/1409380954",
        "addr:housenumber": "58",
        "addr:postcode": "55100",
        "addr:street": "Jalan Bukit Bintang",
        "building": "commercial"
      },
      "geometry": {
        "type": "Polygon",
        "coordinates": [
          [
            [
              101.7093912,
              3.1453703
            ],
            [
              101.7092445,
              3.1455575
            ],
            [
              101.7092035,
              3.1455254
            ],
            [
              101.7093501,
              3.1453382
            ],
            [
              101.7093912,
              3.1453703
            ]
          ]
        ]
      },
      "id": "way/1409380954"
    },
    {
      "type": "Feature",
      "properties": {
        "@id": "way/1409380955",
        "addr:housenumber": "60",
        "addr:postcode": "55100",
        "addr:street": "Jalan Bukit Bintang",
        "building": "commercial"
      },
      "geometry": {
        "type": "Polygon",
        "coordinates": [
          [
            [
              101.7092872,
              3.145591
            ],
            [
              101.7092445,
              3.1455575
            ],
            [
              101.7093912,
              3.1453703
            ],
            [
              101.7094337,
              3.1454036
            ],
            [
              101.7092872,
              3.145591
            ]
          ]
        ]
      },
      "id": "way/1409380955"
    },
    {
      "type": "Feature",
      "properties": {
        "@id": "way/1409380956",
        "addr:housenumber": "62",
        "addr:postcode": "55100",
        "addr:street": "Jalan Bukit Bintang",
        "building": "commercial"
      },
      "geometry": {
        "type": "Polygon",
        "coordinates": [
          [
            [
              101.7094763,
              3.1454369
            ],
            [
              101.7093298,
              3.1456242
            ],
            [
              101.7092872,
              3.145591
            ],
            [
              101.7094337,
              3.1454036
            ],
            [
              101.7094763,
              3.1454369
            ]
          ]
        ]
      },
      "id": "way/1409380956"
    },
    {
      "type": "Feature",
      "properties": {
        "@id": "way/1409380957",
        "addr:housenumber": "64",
        "addr:postcode": "55100",
        "addr:street": "Jalan Bukit Bintang",
        "building": "commercial"
      },
      "geometry": {
        "type": "Polygon",
        "coordinates": [
          [
            [
              101.7095676,
              3.145508
            ],
            [
              101.7094211,
              3.1456954
            ],
            [
              101.7093298,
              3.1456242
            ],
            [
              101.7094763,
              3.1454369
            ],
            [
              101.7095676,
              3.145508
            ]
          ]
        ]
      },
      "id": "way/1409380957"
    },
    {
      "type": "Feature",
      "properties": {
        "@id": "way/1409380958",
        "addr:city": "Kuala Lumpur",
        "addr:housenumber": "70",
        "addr:postcode": "55100",
        "addr:street": "Jalan Bukit Bintang",
        "building": "commercial",
        "building:levels": "4"
      },
      "geometry": {
        "type": "Polygon",
        "coordinates": [
          [
            [
              101.7095383,
              3.1457931
            ],
            [
              101.7096859,
              3.1456052
            ],
            [
              101.709728,
              3.1456381
            ],
            [
              101.7095816,
              3.145827
            ],
            [
              101.7095383,
              3.1457931
            ]
          ]
        ]
      },
      "id": "way/1409380958"
    },
    {
      "type": "Feature",
      "properties": {
        "@id": "way/1409380959",
        "addr:city": "Kuala Lumpur",
        "addr:housenumber": "68",
        "addr:postcode": "55100",
        "addr:street": "Jalan Bukit Bintang",
        "building": "commercial",
        "building:levels": "4"
      },
      "geometry": {
        "type": "Polygon",
        "coordinates": [
          [
            [
              101.7094951,
              3.1457593
            ],
            [
              101.7096426,
              3.1455713
            ],
            [
              101.7096859,
              3.1456052
            ],
            [
              101.7095383,
              3.1457931
            ],
            [
              101.7094951,
              3.1457593
            ]
          ]
        ]
      },
      "id": "way/1409380959"
    },
    {
      "type": "Feature",
      "properties": {
        "@id": "way/1409380960",
        "addr:city": "Kuala Lumpur",
        "addr:housenumber": "66",
        "addr:postcode": "55100",
        "addr:street": "Jalan Bukit Bintang",
        "building": "commercial",
        "building:levels": "4"
      },
      "geometry": {
        "type": "Polygon",
        "coordinates": [
          [
            [
              101.7094518,
              3.1457254
            ],
            [
              101.7095982,
              3.1455365
            ],
            [
              101.7096426,
              3.1455713
            ],
            [
              101.7094951,
              3.1457593
            ],
            [
              101.7094518,
              3.1457254
            ]
          ]
        ]
      },
      "id": "way/1409380960"
    },
    {
      "type": "Feature",
      "properties": {
        "@id": "way/1409380961",
        "addr:city": "Kuala Lumpur",
        "addr:housenumber": "72",
        "addr:postcode": "55100",
        "addr:street": "Jalan Bukit Bintang",
        "building": "commercial",
        "building:levels": "4"
      },
      "geometry": {
        "type": "Polygon",
        "coordinates": [
          [
            [
              101.7095816,
              3.145827
            ],
            [
              101.709728,
              3.1456381
            ],
            [
              101.7097712,
              3.1456719
            ],
            [
              101.7096248,
              3.1458608
            ],
            [
              101.7095816,
              3.145827
            ]
          ]
        ]
      },
      "id": "way/1409380961"
    },
    {
      "type": "Feature",
      "properties": {
        "@id": "way/1409380962",
        "addr:city": "Kuala Lumpur",
        "addr:housenumber": "46",
        "addr:postcode": "55100",
        "addr:street": "Jalan Bukit Bintang",
        "building": "commercial",
        "building:levels": "4"
      },
      "geometry": {
        "type": "Polygon",
        "coordinates": [
          [
            [
              101.7089793,
              3.1453499
            ],
            [
              101.708933,
              3.1453138
            ],
            [
              101.7090796,
              3.145126
            ],
            [
              101.7091259,
              3.145162
            ],
            [
              101.7089793,
              3.1453499
            ]
          ]
        ]
      },
      "id": "way/1409380962"
    },
    {
      "type": "Feature",
      "properties": {
        "@id": "way/1409380963",
        "addr:city": "Kuala Lumpur",
        "addr:housenumber": "82",
        "addr:postcode": "55100",
        "addr:street": "Jalan Bukit Bintang",
        "building": "commercial",
        "building:levels": "4"
      },
      "geometry": {
        "type": "Polygon",
        "coordinates": [
          [
            [
              101.7099873,
              3.1458411
            ],
            [
              101.7098073,
              3.1460735
            ],
            [
              101.7097641,
              3.1460397
            ],
            [
              101.7099441,
              3.1458072
            ],
            [
              101.7099873,
              3.1458411
            ]
          ]
        ]
      },
      "id": "way/1409380963"
    },
    {
      "type": "Feature",
      "properties": {
        "@id": "way/1409380964",
        "addr:city": "Kuala Lumpur",
        "addr:housenumber": "84",
        "addr:postcode": "55100",
        "addr:street": "Jalan Bukit Bintang",
        "building": "commercial",
        "building:levels": "4"
      },
      "geometry": {
        "type": "Polygon",
        "coordinates": [
          [
            [
              101.7100132,
              3.1458613
            ],
            [
              101.7100204,
              3.1459194
            ],
            [
              101.7098663,
              3.1461196
            ],
            [
              101.7098073,
              3.1460735
            ],
            [
              101.7099873,
              3.1458411
            ],
            [
              101.7100132,
              3.1458613
            ]
          ]
        ]
      },
      "id": "way/1409380964"
    },
    {
      "type": "Feature",
      "properties": {
        "@id": "way/1409380965",
        "addr:city": "Kuala Lumpur",
        "addr:housenumber": "78",
        "addr:postcode": "55100",
        "addr:street": "Jalan Bukit Bintang",
        "building": "commercial",
        "building:levels": "4"
      },
      "geometry": {
        "type": "Polygon",
        "coordinates": [
          [
            [
              101.7099009,
              3.1457734
            ],
            [
              101.7097209,
              3.1460057
            ],
            [
              101.7096777,
              3.145972
            ],
            [
              101.7097113,
              3.1459285
            ],
            [
              101.7098576,
              3.1457396
            ],
            [
              101.7099009,
              3.1457734
            ]
          ]
        ]
      },
      "id": "way/1409380965"
    },
    {
      "type": "Feature",
      "properties": {
        "@id": "way/1409380966",
        "addr:city": "Kuala Lumpur",
        "addr:housename": "Wisma Bukit Bintang",
        "addr:housenumber": "28",
        "addr:postcode": "55100",
        "addr:street": "Jalan Bukit Bintang",
        "building": "commercial",
        "building:levels": "4"
      },
      "geometry": {
        "type": "Polygon",
        "coordinates": [
          [
            [
              101.708708,
              3.1448376
            ],
            [
              101.7089496,
              3.1450249
            ],
            [
              101.7088031,
              3.1452128
            ],
            [
              101.7085617,
              3.1450266
            ],
            [
              101.708708,
              3.1448376
            ]
          ]
        ]
      },
      "id": "way/1409380966"
    },
    {
      "type": "Feature",
      "properties": {
        "@id": "way/1409380967",
        "addr:city": "Kuala Lumpur",
        "addr:housenumber": "80",
        "addr:postcode": "55100",
        "addr:street": "Jalan Bukit Bintang",
        "building": "commercial",
        "building:levels": "4"
      },
      "geometry": {
        "type": "Polygon",
        "coordinates": [
          [
            [
              101.7099441,
              3.1458072
            ],
            [
              101.7097641,
              3.1460397
            ],
            [
              101.7097209,
              3.1460057
            ],
            [
              101.7099009,
              3.1457734
            ],
            [
              101.7099441,
              3.1458072
            ]
          ]
        ]
      },
      "id": "way/1409380967"
    },
    {
      "type": "Feature",
      "properties": {
        "@id": "way/1409380968",
        "addr:city": "Kuala Lumpur",
        "addr:housenumber": "44",
        "addr:postcode": "55100",
        "addr:street": "Jalan Bukit Bintang",
        "building": "commercial",
        "building:levels": "4"
      },
      "geometry": {
        "type": "Polygon",
        "coordinates": [
          [
            [
              101.7088895,
              3.14528
            ],
            [
              101.709036,
              3.1450921
            ],
            [
              101.7090796,
              3.145126
            ],
            [
              101.708933,
              3.1453138
            ],
            [
              101.7088895,
              3.14528
            ]
          ]
        ]
      },
      "id": "way/1409380968"
    },
    {
      "type": "Feature",
      "properties": {
        "@id": "way/1409380969",
        "addr:city": "Kuala Lumpur",
        "addr:housenumber": "74;76",
        "addr:postcode": "55100",
        "addr:street": "Jalan Bukit Bintang",
        "building": "commercial",
        "building:levels": "4"
      },
      "geometry": {
        "type": "Polygon",
        "coordinates": [
          [
            [
              101.7097113,
              3.1459285
            ],
            [
              101.7096248,
              3.1458608
            ],
            [
              101.7097712,
              3.1456719
            ],
            [
              101.7098576,
              3.1457396
            ],
            [
              101.7097113,
              3.1459285
            ]
          ]
        ]
      },
      "id": "way/1409380969"
    },
    {
      "type": "Feature",
      "properties": {
        "@id": "way/1409383852",
        "addr:city": "Kuala Lumpur",
        "addr:housenumber": "83",
        "addr:postcode": "55100",
        "addr:street": "Jalan Bukit Bintang",
        "building": "commercial"
      },
      "geometry": {
        "type": "Polygon",
        "coordinates": [
          [
            [
              101.7098147,
              3.1455089
            ],
            [
              101.7099997,
              3.1452709
            ],
            [
              101.7100424,
              3.1453045
            ],
            [
              101.7098575,
              3.1455425
            ],
            [
              101.7098147,
              3.1455089
            ]
          ]
        ]
      },
      "id": "way/1409383852"
    },
    {
      "type": "Feature",
      "properties": {
        "@id": "way/1409383853",
        "addr:city": "Kuala Lumpur",
        "addr:housenumber": "81",
        "addr:postcode": "55100",
        "addr:street": "Jalan Bukit Bintang",
        "building": "commercial"
      },
      "geometry": {
        "type": "Polygon",
        "coordinates": [
          [
            [
              101.709772,
              3.1454752
            ],
            [
              101.709957,
              3.1452372
            ],
            [
              101.7099997,
              3.1452709
            ],
            [
              101.7098147,
              3.1455089
            ],
            [
              101.709772,
              3.1454752
            ]
          ]
        ]
      },
      "id": "way/1409383853"
    },
    {
      "type": "Feature",
      "properties": {
        "@id": "way/1409383854",
        "addr:city": "Kuala Lumpur",
        "addr:housenumber": "77",
        "addr:postcode": "55100",
        "addr:street": "Jalan Bukit Bintang",
        "building": "commercial"
      },
      "geometry": {
        "type": "Polygon",
        "coordinates": [
          [
            [
              101.7096862,
              3.1454086
            ],
            [
              101.7098712,
              3.1451706
            ],
            [
              101.7099142,
              3.1452036
            ],
            [
              101.7097292,
              3.1454416
            ],
            [
              101.7096862,
              3.1454086
            ]
          ]
        ]
      },
      "id": "way/1409383854"
    },
    {
      "type": "Feature",
      "properties": {
        "@id": "way/1409383855",
        "addr:city": "Kuala Lumpur",
        "addr:housenumber": "75",
        "addr:postcode": "55100",
        "addr:street": "Jalan Bukit Bintang",
        "building": "commercial"
      },
      "geometry": {
        "type": "Polygon",
        "coordinates": [
          [
            [
              101.7096432,
              3.1453746
            ],
            [
              101.7098282,
              3.1451366
            ],
            [
              101.7098712,
              3.1451706
            ],
            [
              101.7096862,
              3.1454086
            ],
            [
              101.7096432,
              3.1453746
            ]
          ]
        ]
      },
      "id": "way/1409383855"
    },
    {
      "type": "Feature",
      "properties": {
        "@id": "way/1409383856",
        "addr:city": "Kuala Lumpur",
        "addr:housenumber": "73",
        "addr:postcode": "55100",
        "addr:street": "Jalan Bukit Bintang",
        "building": "commercial"
      },
      "geometry": {
        "type": "Polygon",
        "coordinates": [
          [
            [
              101.7096012,
              3.1453416
            ],
            [
              101.7097859,
              3.1451034
            ],
            [
              101.7098282,
              3.1451366
            ],
            [
              101.7096432,
              3.1453746
            ],
            [
              101.7096012,
              3.1453416
            ]
          ]
        ]
      },
      "id": "way/1409383856"
    },
    {
      "type": "Feature",
      "properties": {
        "@id": "way/1409383857",
        "addr:city": "Kuala Lumpur",
        "addr:housenumber": "79",
        "addr:postcode": "55100",
        "addr:street": "Jalan Bukit Bintang",
        "building": "commercial"
      },
      "geometry": {
        "type": "Polygon",
        "coordinates": [
          [
            [
              101.7097292,
              3.1454416
            ],
            [
              101.7099142,
              3.1452036
            ],
            [
              101.709957,
              3.1452372
            ],
            [
              101.709772,
              3.1454752
            ],
            [
              101.7097292,
              3.1454416
            ]
          ]
        ]
      },
      "id": "way/1409383857"
    },
    {
      "type": "Feature",
      "properties": {
        "@id": "way/1409383858",
        "addr:city": "Kuala Lumpur",
        "addr:housenumber": "95",
        "addr:postcode": "55100",
        "addr:street": "Jalan Bukit Bintang",
        "building": "yes"
      },
      "geometry": {
        "type": "Polygon",
        "coordinates": [
          [
            [
              101.7102992,
              3.1455056
            ],
            [
              101.7101371,
              3.1457141
            ],
            [
              101.7100943,
              3.1457242
            ],
            [
              101.7100712,
              3.1457106
            ],
            [
              101.7102562,
              3.1454726
            ],
            [
              101.7102992,
              3.1455056
            ]
          ]
        ]
      },
      "id": "way/1409383858"
    },
    {
      "type": "Feature",
      "properties": {
        "@id": "way/1409383859",
        "addr:city": "Kuala Lumpur",
        "addr:housenumber": "57",
        "addr:postcode": "55100",
        "addr:street": "Jalan Bukit Bintang",
        "building": "commercial"
      },
      "geometry": {
        "type": "Polygon",
        "coordinates": [
          [
            [
              101.7094589,
              3.144826
            ],
            [
              101.709516,
              3.144867
            ],
            [
              101.7093191,
              3.1451218
            ],
            [
              101.709305,
              3.1451108
            ],
            [
              101.7092966,
              3.145038
            ],
            [
              101.7094589,
              3.144826
            ]
          ]
        ]
      },
      "id": "way/1409383859"
    },
    {
      "type": "Feature",
      "properties": {
        "@id": "way/1409383860",
        "addr:city": "Kuala Lumpur",
        "addr:housenumber": "71",
        "addr:postcode": "55100",
        "addr:street": "Jalan Bukit Bintang",
        "building": "commercial"
      },
      "geometry": {
        "type": "Polygon",
        "coordinates": [
          [
            [
              101.7097092,
              3.1450176
            ],
            [
              101.7097982,
              3.1450876
            ],
            [
              101.7097859,
              3.1451034
            ],
            [
              101.7096012,
              3.1453416
            ],
            [
              101.7095112,
              3.1452716
            ],
            [
              101.7097092,
              3.1450176
            ]
          ]
        ]
      },
      "id": "way/1409383860"
    },
    {
      "type": "Feature",
      "properties": {
        "@id": "way/1409383861",
        "addr:city": "Kuala Lumpur",
        "addr:housenumber": "61",
        "addr:postcode": "55100",
        "addr:street": "Jalan Bukit Bintang",
        "building": "commercial"
      },
      "geometry": {
        "type": "Polygon",
        "coordinates": [
          [
            [
              101.7095747,
              3.1449131
            ],
            [
              101.7096192,
              3.1449476
            ],
            [
              101.7094222,
              3.1452026
            ],
            [
              101.7093772,
              3.1451672
            ],
            [
              101.7095747,
              3.1449131
            ]
          ]
        ]
      },
      "id": "way/1409383861"
    },
    {
      "type": "Feature",
      "properties": {
        "@id": "way/1409383862",
        "addr:city": "Kuala Lumpur",
        "addr:housenumber": "63",
        "addr:postcode": "55100",
        "addr:street": "Jalan Bukit Bintang",
        "building": "commercial"
      },
      "geometry": {
        "type": "Polygon",
        "coordinates": [
          [
            [
              101.7096642,
              3.1449826
            ],
            [
              101.709466,
              3.1452366
            ],
            [
              101.7094222,
              3.1452026
            ],
            [
              101.7096192,
              3.1449476
            ],
            [
              101.7096642,
              3.1449826
            ]
          ]
        ]
      },
      "id": "way/1409383862"
    },
    {
      "type": "Feature",
      "properties": {
        "@id": "way/1409383863",
        "addr:city": "Kuala Lumpur",
        "addr:housenumber": "59",
        "addr:postcode": "55100",
        "addr:street": "Jalan Bukit Bintang",
        "building": "commercial"
      },
      "geometry": {
        "type": "Polygon",
        "coordinates": [
          [
            [
              101.7093772,
              3.1451672
            ],
            [
              101.7093191,
              3.1451218
            ],
            [
              101.709516,
              3.144867
            ],
            [
              101.7095747,
              3.1449131
            ],
            [
              101.7093772,
              3.1451672
            ]
          ]
        ]
      },
      "id": "way/1409383863"
    },
    {
      "type": "Feature",
      "properties": {
        "@id": "way/1409383864",
        "addr:city": "Kuala Lumpur",
        "addr:housenumber": "65",
        "addr:postcode": "55100",
        "addr:street": "Jalan Bukit Bintang",
        "building": "commercial"
      },
      "geometry": {
        "type": "Polygon",
        "coordinates": [
          [
            [
              101.7096642,
              3.1449826
            ],
            [
              101.7097092,
              3.1450176
            ],
            [
              101.7095112,
              3.1452716
            ],
            [
              101.709466,
              3.1452366
            ],
            [
              101.7096642,
              3.1449826
            ]
          ]
        ]
      },
      "id": "way/1409383864"
    },
    {
      "type": "Feature",
      "properties": {
        "@id": "way/1409383865",
        "addr:city": "Kuala Lumpur",
        "addr:housenumber": "93",
        "addr:postcode": "55100",
        "addr:street": "Jalan Bukit Bintang",
        "building": "commercial"
      },
      "geometry": {
        "type": "Polygon",
        "coordinates": [
          [
            [
              101.7100285,
              3.145677
            ],
            [
              101.7102135,
              3.145439
            ],
            [
              101.7102562,
              3.1454726
            ],
            [
              101.7100712,
              3.1457106
            ],
            [
              101.7100285,
              3.145677
            ]
          ]
        ]
      },
      "id": "way/1409383865"
    },
    {
      "type": "Feature",
      "properties": {
        "@id": "way/1409383866",
        "addr:city": "Kuala Lumpur",
        "addr:housenumber": "91",
        "addr:postcode": "55100",
        "addr:street": "Jalan Bukit Bintang",
        "building": "commercial"
      },
      "geometry": {
        "type": "Polygon",
        "coordinates": [
          [
            [
              101.7099857,
              3.1456434
            ],
            [
              101.7101707,
              3.1454054
            ],
            [
              101.7102135,
              3.145439
            ],
            [
              101.7100285,
              3.145677
            ],
            [
              101.7099857,
              3.1456434
            ]
          ]
        ]
      },
      "id": "way/1409383866"
    },
    {
      "type": "Feature",
      "properties": {
        "@id": "way/1409383867",
        "addr:city": "Kuala Lumpur",
        "addr:housenumber": "89",
        "addr:postcode": "55100",
        "addr:street": "Jalan Bukit Bintang",
        "building": "commercial"
      },
      "geometry": {
        "type": "Polygon",
        "coordinates": [
          [
            [
              101.709943,
              3.1456097
            ],
            [
              101.710128,
              3.1453717
            ],
            [
              101.7101707,
              3.1454054
            ],
            [
              101.7099857,
              3.1456434
            ],
            [
              101.709943,
              3.1456097
            ]
          ]
        ]
      },
      "id": "way/1409383867"
    },
    {
      "type": "Feature",
      "properties": {
        "@id": "way/1409383868",
        "addr:city": "Kuala Lumpur",
        "addr:housenumber": "87",
        "addr:postcode": "55100",
        "addr:street": "Jalan Bukit Bintang",
        "building": "commercial"
      },
      "geometry": {
        "type": "Polygon",
        "coordinates": [
          [
            [
              101.7099002,
              3.1455761
            ],
            [
              101.7100852,
              3.1453381
            ],
            [
              101.710128,
              3.1453717
            ],
            [
              101.709943,
              3.1456097
            ],
            [
              101.7099002,
              3.1455761
            ]
          ]
        ]
      },
      "id": "way/1409383868"
    },
    {
      "type": "Feature",
      "properties": {
        "@id": "way/1409383869",
        "addr:city": "Kuala Lumpur",
        "addr:housenumber": "85",
        "addr:postcode": "55100",
        "addr:street": "Jalan Bukit Bintang",
        "building": "commercial"
      },
      "geometry": {
        "type": "Polygon",
        "coordinates": [
          [
            [
              101.7098575,
              3.1455425
            ],
            [
              101.7100424,
              3.1453045
            ],
            [
              101.7100852,
              3.1453381
            ],
            [
              101.7099002,
              3.1455761
            ],
            [
              101.7098575,
              3.1455425
            ]
          ]
        ]
      },
      "id": "way/1409383869"
    },
    {
      "type": "Feature",
      "properties": {
        "@id": "way/1409384662",
        "addr:city": "Kuala Lumpur",
        "addr:housenumber": "1",
        "addr:street": "Jalan Bukit Bintang",
        "building": "commercial",
        "building:levels": "2"
      },
      "geometry": {
        "type": "Polygon",
        "coordinates": [
          [
            [
              101.7079176,
              3.1436467
            ],
            [
              101.7077742,
              3.1438839
            ],
            [
              101.7077498,
              3.1438635
            ],
            [
              101.7077424,
              3.1438226
            ],
            [
              101.707874,
              3.1436126
            ],
            [
              101.7079176,
              3.1436467
            ]
          ]
        ]
      },
      "id": "way/1409384662"
    },
    {
      "type": "Feature",
      "properties": {
        "@id": "way/1409384663",
        "addr:city": "Kuala Lumpur",
        "addr:housenumber": "7",
        "addr:street": "Jalan Bukit Bintang",
        "building": "commercial",
        "building:levels": "2"
      },
      "geometry": {
        "type": "Polygon",
        "coordinates": [
          [
            [
              101.7080483,
              3.143749
            ],
            [
              101.7079021,
              3.1439839
            ],
            [
              101.707861,
              3.1439517
            ],
            [
              101.7080047,
              3.1437149
            ],
            [
              101.7080483,
              3.143749
            ]
          ]
        ]
      },
      "id": "way/1409384663"
    },
    {
      "type": "Feature",
      "properties": {
        "@id": "way/1409384664",
        "addr:city": "Kuala Lumpur",
        "addr:housenumber": "3",
        "addr:street": "Jalan Bukit Bintang",
        "building": "commercial",
        "building:levels": "2"
      },
      "geometry": {
        "type": "Polygon",
        "coordinates": [
          [
            [
              101.7079611,
              3.1436808
            ],
            [
              101.7078176,
              3.1439178
            ],
            [
              101.7077742,
              3.1438839
            ],
            [
              101.7079176,
              3.1436467
            ],
            [
              101.7079611,
              3.1436808
            ]
          ]
        ]
      },
      "id": "way/1409384664"
    },
    {
      "type": "Feature",
      "properties": {
        "@id": "way/1409384665",
        "addr:city": "Kuala Lumpur",
        "addr:housenumber": "5",
        "addr:street": "Jalan Bukit Bintang",
        "building": "commercial",
        "building:levels": "2"
      },
      "geometry": {
        "type": "Polygon",
        "coordinates": [
          [
            [
              101.7080047,
              3.1437149
            ],
            [
              101.707861,
              3.1439517
            ],
            [
              101.7078176,
              3.1439178
            ],
            [
              101.7079611,
              3.1436808
            ],
            [
              101.7080047,
              3.1437149
            ]
          ]
        ]
      },
      "id": "way/1409384665"
    },
    {
      "type": "Feature",
      "properties": {
        "@id": "way/1409385025",
        "addr:housenumber": "54",
        "addr:street": "Jalan Bintang",
        "building": "commercial"
      },
      "geometry": {
        "type": "Polygon",
        "coordinates": [
          [
            [
              101.7098303,
              3.1446702
            ],
            [
              101.7096705,
              3.1448735
            ],
            [
              101.7096271,
              3.1448395
            ],
            [
              101.7097856,
              3.1446353
            ],
            [
              101.7098303,
              3.1446702
            ]
          ]
        ]
      },
      "id": "way/1409385025"
    },
    {
      "type": "Feature",
      "properties": {
        "@id": "way/1409385026",
        "addr:housenumber": "56",
        "addr:street": "Jalan Bintang",
        "building": "commercial",
        "building:levels": "5"
      },
      "geometry": {
        "type": "Polygon",
        "coordinates": [
          [
            [
              101.7098303,
              3.1446702
            ],
            [
              101.7098751,
              3.1447057
            ],
            [
              101.7097155,
              3.1449103
            ],
            [
              101.7096705,
              3.1448735
            ],
            [
              101.7098303,
              3.1446702
            ]
          ]
        ]
      },
      "id": "way/1409385026"
    },
    {
      "type": "Feature",
      "properties": {
        "@id": "way/1422879719",
        "building": "yes"
      },
      "geometry": {
        "type": "Polygon",
        "coordinates": [
          [
            [
              101.7067896,
              3.1422141
            ],
            [
              101.7066955,
              3.1421482
            ],
            [
              101.706758,
              3.142063
            ],
            [
              101.7068521,
              3.1421288
            ],
            [
              101.7067896,
              3.1422141
            ]
          ]
        ]
      },
      "id": "way/1422879719"
    },
    {
      "type": "Feature",
      "properties": {
        "@id": "way/1422879720",
        "building": "yes"
      },
      "geometry": {
        "type": "Polygon",
        "coordinates": [
          [
            [
              101.7071025,
              3.1422913
            ],
            [
              101.7071699,
              3.1421996
            ],
            [
              101.707343,
              3.1423262
            ],
            [
              101.7072757,
              3.142418
            ],
            [
              101.7071025,
              3.1422913
            ]
          ]
        ]
      },
      "id": "way/1422879720"
    },
    {
      "type": "Feature",
      "properties": {
        "@id": "way/1422879721",
        "building": "yes"
      },
      "geometry": {
        "type": "Polygon",
        "coordinates": [
          [
            [
              101.7072161,
              3.1424893
            ],
            [
              101.7068285,
              3.1422181
            ],
            [
              101.7068805,
              3.142144
            ],
            [
              101.7072681,
              3.1424151
            ],
            [
              101.7072161,
              3.1424893
            ]
          ]
        ]
      },
      "id": "way/1422879721"
    },
    {
      "type": "Feature",
      "properties": {
        "@id": "way/1429457256",
        "addr:housenumber": "206",
        "addr:street": "Jalan Pudu",
        "building": "commercial"
      },
      "geometry": {
        "type": "Polygon",
        "coordinates": [
          [
            [
              101.7079973,
              3.1426638
            ],
            [
              101.7080267,
              3.1426161
            ],
            [
              101.7082745,
              3.1427684
            ],
            [
              101.7082451,
              3.1428161
            ],
            [
              101.7079973,
              3.1426638
            ]
          ]
        ]
      },
      "id": "way/1429457256"
    },
    {
      "type": "Feature",
      "properties": {
        "@id": "way/1429457257",
        "addr:housenumber": "204",
        "addr:street": "Jalan Pudu",
        "building": "commercial"
      },
      "geometry": {
        "type": "Polygon",
        "coordinates": [
          [
            [
              101.7079678,
              3.1427115
            ],
            [
              101.7079973,
              3.1426638
            ],
            [
              101.7082451,
              3.1428161
            ],
            [
              101.7082156,
              3.1428638
            ],
            [
              101.7079678,
              3.1427115
            ]
          ]
        ]
      },
      "id": "way/1429457257"
    },
    {
      "type": "Feature",
      "properties": {
        "@id": "way/1429457258",
        "addr:housenumber": "202",
        "addr:street": "Jalan Pudu",
        "building": "commercial"
      },
      "geometry": {
        "type": "Polygon",
        "coordinates": [
          [
            [
              101.7079384,
              3.1427592
            ],
            [
              101.7079678,
              3.1427115
            ],
            [
              101.7082156,
              3.1428638
            ],
            [
              101.7081862,
              3.1429116
            ],
            [
              101.7079384,
              3.1427592
            ]
          ]
        ]
      },
      "id": "way/1429457258"
    },
    {
      "type": "Feature",
      "properties": {
        "@id": "way/1429457259",
        "addr:housenumber": "200",
        "addr:street": "Jalan Pudu",
        "building": "commercial"
      },
      "geometry": {
        "type": "Polygon",
        "coordinates": [
          [
            [
              101.707909,
              3.142807
            ],
            [
              101.7079384,
              3.1427592
            ],
            [
              101.7081862,
              3.1429116
            ],
            [
              101.7081568,
              3.1429593
            ],
            [
              101.707909,
              3.142807
            ]
          ]
        ]
      },
      "id": "way/1429457259"
    },
    {
      "type": "Feature",
      "properties": {
        "@id": "way/1429457260",
        "addr:housenumber": "198",
        "addr:street": "Jalan Pudu",
        "building": "commercial"
      },
      "geometry": {
        "type": "Polygon",
        "coordinates": [
          [
            [
              101.7078796,
              3.1428547
            ],
            [
              101.707909,
              3.142807
            ],
            [
              101.7081568,
              3.1429593
            ],
            [
              101.7081274,
              3.143007
            ],
            [
              101.7078796,
              3.1428547
            ]
          ]
        ]
      },
      "id": "way/1429457260"
    },
    {
      "type": "Feature",
      "properties": {
        "@id": "way/1429457261",
        "addr:housenumber": "196",
        "addr:street": "Jalan Pudu",
        "building": "commercial"
      },
      "geometry": {
        "type": "Polygon",
        "coordinates": [
          [
            [
              101.7078501,
              3.1429024
            ],
            [
              101.7078796,
              3.1428547
            ],
            [
              101.7081274,
              3.143007
            ],
            [
              101.7080979,
              3.1430547
            ],
            [
              101.7078501,
              3.1429024
            ]
          ]
        ]
      },
      "id": "way/1429457261"
    },
    {
      "type": "Feature",
      "properties": {
        "@id": "way/1429457262",
        "addr:housenumber": "194",
        "addr:street": "Jalan Pudu",
        "building": "commercial"
      },
      "geometry": {
        "type": "Polygon",
        "coordinates": [
          [
            [
              101.7078207,
              3.1429501
            ],
            [
              101.7078501,
              3.1429024
            ],
            [
              101.7080979,
              3.1430547
            ],
            [
              101.7080685,
              3.1431025
            ],
            [
              101.7078207,
              3.1429501
            ]
          ]
        ]
      },
      "id": "way/1429457262"
    },
    {
      "type": "Feature",
      "properties": {
        "@id": "way/1429457263",
        "addr:housenumber": "192",
        "addr:street": "Jalan Pudu",
        "building": "commercial"
      },
      "geometry": {
        "type": "Polygon",
        "coordinates": [
          [
            [
              101.7077913,
              3.1429978
            ],
            [
              101.7078207,
              3.1429501
            ],
            [
              101.7080685,
              3.1431025
            ],
            [
              101.7080391,
              3.1431502
            ],
            [
              101.7077913,
              3.1429978
            ]
          ]
        ]
      },
      "id": "way/1429457263"
    },
    {
      "type": "Feature",
      "properties": {
        "@id": "way/1429457264",
        "addr:housenumber": "190",
        "addr:street": "Jalan Pudu",
        "building": "commercial"
      },
      "geometry": {
        "type": "Polygon",
        "coordinates": [
          [
            [
              101.7077619,
              3.1430456
            ],
            [
              101.7077913,
              3.1429978
            ],
            [
              101.7080391,
              3.1431502
            ],
            [
              101.7080096,
              3.1431979
            ],
            [
              101.7077619,
              3.1430456
            ]
          ]
        ]
      },
      "id": "way/1429457264"
    },
    {
      "type": "Feature",
      "properties": {
        "@id": "way/1429457265",
        "addr:housenumber": "188",
        "addr:street": "Jalan Pudu",
        "building": "commercial"
      },
      "geometry": {
        "type": "Polygon",
        "coordinates": [
          [
            [
              101.7077324,
              3.1430933
            ],
            [
              101.7077619,
              3.1430456
            ],
            [
              101.7080096,
              3.1431979
            ],
            [
              101.7079802,
              3.1432456
            ],
            [
              101.7077324,
              3.1430933
            ]
          ]
        ]
      },
      "id": "way/1429457265"
    },
    {
      "type": "Feature",
      "properties": {
        "@id": "way/1429457266",
        "addr:housenumber": "186",
        "addr:street": "Jalan Pudu",
        "building": "commercial"
      },
      "geometry": {
        "type": "Polygon",
        "coordinates": [
          [
            [
              101.707703,
              3.143141
            ],
            [
              101.7077324,
              3.1430933
            ],
            [
              101.7079802,
              3.1432456
            ],
            [
              101.7079508,
              3.1432933
            ],
            [
              101.707703,
              3.143141
            ]
          ]
        ]
      },
      "id": "way/1429457266"
    },
    {
      "type": "Feature",
      "properties": {
        "@id": "way/1429457267",
        "addr:housenumber": "184",
        "addr:street": "Jalan Pudu",
        "building": "commercial"
      },
      "geometry": {
        "type": "Polygon",
        "coordinates": [
          [
            [
              101.7076736,
              3.1431887
            ],
            [
              101.707703,
              3.143141
            ],
            [
              101.7079508,
              3.1432933
            ],
            [
              101.7079214,
              3.1433411
            ],
            [
              101.7076736,
              3.1431887
            ]
          ]
        ]
      },
      "id": "way/1429457267"
    },
    {
      "type": "Feature",
      "properties": {
        "@id": "way/1429457268",
        "addr:housenumber": "182",
        "addr:street": "Jalan Pudu",
        "building": "commercial"
      },
      "geometry": {
        "type": "Polygon",
        "coordinates": [
          [
            [
              101.7076442,
              3.1432365
            ],
            [
              101.7076736,
              3.1431887
            ],
            [
              101.7079214,
              3.1433411
            ],
            [
              101.7078919,
              3.1433888
            ],
            [
              101.7076442,
              3.1432365
            ]
          ]
        ]
      },
      "id": "way/1429457268"
    },
    {
      "type": "Feature",
      "properties": {
        "@id": "way/1429457269",
        "addr:housenumber": "180",
        "addr:street": "Jalan Pudu",
        "building": "commercial"
      },
      "geometry": {
        "type": "Polygon",
        "coordinates": [
          [
            [
              101.7076147,
              3.1432842
            ],
            [
              101.7076442,
              3.1432365
            ],
            [
              101.7078919,
              3.1433888
            ],
            [
              101.7078625,
              3.1434365
            ],
            [
              101.7076147,
              3.1432842
            ]
          ]
        ]
      },
      "id": "way/1429457269"
    },
    {
      "type": "Feature",
      "properties": {
        "@id": "way/1429457270",
        "addr:housenumber": "178",
        "addr:street": "Jalan Pudu",
        "building": "commercial"
      },
      "geometry": {
        "type": "Polygon",
        "coordinates": [
          [
            [
              101.7075853,
              3.1433319
            ],
            [
              101.7076147,
              3.1432842
            ],
            [
              101.7078625,
              3.1434365
            ],
            [
              101.7078331,
              3.1434842
            ],
            [
              101.7075853,
              3.1433319
            ]
          ]
        ]
      },
      "id": "way/1429457270"
    },
    {
      "type": "Feature",
      "properties": {
        "@id": "way/1429457271",
        "addr:housenumber": "176",
        "addr:street": "Jalan Pudu",
        "building": "commercial"
      },
      "geometry": {
        "type": "Polygon",
        "coordinates": [
          [
            [
              101.7075559,
              3.1433796
            ],
            [
              101.7075853,
              3.1433319
            ],
            [
              101.7078331,
              3.1434842
            ],
            [
              101.7078037,
              3.143532
            ],
            [
              101.7075559,
              3.1433796
            ]
          ]
        ]
      },
      "id": "way/1429457271"
    },
    {
      "type": "Feature",
      "properties": {
        "@id": "way/1429457272",
        "addr:housenumber": "174",
        "addr:street": "Jalan Pudu",
        "building": "commercial"
      },
      "geometry": {
        "type": "Polygon",
        "coordinates": [
          [
            [
              101.7075265,
              3.1434273
            ],
            [
              101.7075559,
              3.1433796
            ],
            [
              101.7078037,
              3.143532
            ],
            [
              101.7077742,
              3.1435797
            ],
            [
              101.7075265,
              3.1434273
            ]
          ]
        ]
      },
      "id": "way/1429457272"
    },
    {
      "type": "Feature",
      "properties": {
        "@id": "way/1429457273",
        "addr:housenumber": "172",
        "addr:street": "Jalan Pudu",
        "building": "commercial"
      },
      "geometry": {
        "type": "Polygon",
        "coordinates": [
          [
            [
              101.707497,
              3.1434751
            ],
            [
              101.7075265,
              3.1434273
            ],
            [
              101.7077742,
              3.1435797
            ],
            [
              101.7077448,
              3.1436274
            ],
            [
              101.707497,
              3.1434751
            ]
          ]
        ]
      },
      "id": "way/1429457273"
    },
    {
      "type": "Feature",
      "properties": {
        "@id": "way/1445753270",
        "building": "yes"
      },
      "geometry": {
        "type": "Polygon",
        "coordinates": [
          [
            [
              101.7082832,
              3.1434922
            ],
            [
              101.708304,
              3.1434605
            ],
            [
              101.7083363,
              3.1434816
            ],
            [
              101.7083155,
              3.1435133
            ],
            [
              101.7082832,
              3.1434922
            ]
          ]
        ]
      },
      "id": "way/1445753270"
    },
    {
      "type": "Feature",
      "properties": {
        "@id": "way/1454595199",
        "building": "apartments",
        "layer": "1"
      },
      "geometry": {
        "type": "Polygon",
        "coordinates": [
          [
            [
              101.7082066,
              3.1431513
            ],
            [
              101.7082956,
              3.1430053
            ],
            [
              101.7089825,
              3.1434229
            ],
            [
              101.7088935,
              3.1435689
            ],
            [
              101.7082066,
              3.1431513
            ]
          ]
        ]
      },
      "id": "way/1454595199"
    },
    {
      "type": "Feature",
      "properties": {
        "@id": "way/1456233943",
        "building": "yes",
        "name": "MRT Intervention Shaft"
      },
      "geometry": {
        "type": "Polygon",
        "coordinates": [
          [
            [
              101.7074526,
              3.1440696
            ],
            [
              101.7073468,
              3.1440241
            ],
            [
              101.7073721,
              3.1439779
            ],
            [
              101.7074743,
              3.1440227
            ],
            [
              101.7074526,
              3.1440696
            ]
          ]
        ]
      },
      "id": "way/1456233943"
    },
    {
      "type": "Feature",
      "properties": {
        "@id": "way/1459987765",
        "building": "bridge",
        "layer": "1",
        "man_made": "bridge"
      },
      "geometry": {
        "type": "Polygon",
        "coordinates": [
          [
            [
              101.7092684,
              3.1440208
            ],
            [
              101.709174,
              3.1441436
            ],
            [
              101.7089948,
              3.1440048
            ],
            [
              101.7090871,
              3.1438834
            ],
            [
              101.7092684,
              3.1440208
            ]
          ]
        ]
      },
      "id": "way/1459987765"
    },
    {
      "type": "Feature",
      "properties": {
        "@id": "way/1464349764",
        "building": "yes"
      },
      "geometry": {
        "type": "Polygon",
        "coordinates": [
          [
            [
              101.7071859,
              3.1446037
            ],
            [
              101.7072764,
              3.1445287
            ],
            [
              101.7073051,
              3.1445633
            ],
            [
              101.7072146,
              3.1446383
            ],
            [
              101.7071859,
              3.1446037
            ]
          ]
        ]
      },
      "id": "way/1464349764"
    },
    {
      "type": "Feature",
      "properties": {
        "@id": "way/1464349765",
        "building": "yes"
      },
      "geometry": {
        "type": "Polygon",
        "coordinates": [
          [
            [
              101.7070149,
              3.1446797
            ],
            [
              101.7069726,
              3.1446254
            ],
            [
              101.7070033,
              3.1446017
            ],
            [
              101.7070455,
              3.1446559
            ],
            [
              101.7070149,
              3.1446797
            ]
          ]
        ]
      },
      "id": "way/1464349765"
    },
    {
      "type": "Feature",
      "properties": {
        "@id": "way/1472932517",
        "building": "roof",
        "layer": "1"
      },
      "geometry": {
        "type": "Polygon",
        "coordinates": [
          [
            [
              101.7094293,
              3.1444046
            ],
            [
              101.7093807,
              3.14437
            ],
            [
              101.7094483,
              3.1442521
            ],
            [
              101.7095022,
              3.1441789
            ],
            [
              101.7095484,
              3.1442159
            ],
            [
              101.7095009,
              3.1442884
            ],
            [
              101.7094403,
              3.1443881
            ],
            [
              101.7094293,
              3.1444046
            ]
          ]
        ]
      },
      "id": "way/1472932517"
    },
    {
      "type": "Feature",
      "properties": {
        "@id": "way/1472932518",
        "building": "roof",
        "layer": "1"
      },
      "geometry": {
        "type": "Polygon",
        "coordinates": [
          [
            [
              101.708931,
              3.144639
            ],
            [
              101.7088791,
              3.1447081
            ],
            [
              101.7088228,
              3.1445951
            ],
            [
              101.7088309,
              3.1445847
            ],
            [
              101.708931,
              3.144639
            ]
          ]
        ]
      },
      "id": "way/1472932518"
    },
    {
      "type": "Feature",
      "properties": {
        "@id": "way/1472932519",
        "building": "roof",
        "layer": "1"
      },
      "geometry": {
        "type": "Polygon",
        "coordinates": [
          [
            [
              101.7092308,
              3.1442519
            ],
            [
              101.7091806,
              3.1443217
            ],
            [
              101.709107,
              3.1442297
            ],
            [
              101.7091409,
              3.144186
            ],
            [
              101.7091636,
              3.144204
            ],
            [
              101.7092308,
              3.1442519
            ]
          ]
        ]
      },
      "id": "way/1472932519"
    },
    {
      "type": "Feature",
      "properties": {
        "@id": "way/1472932742",
        "building": "roof",
        "layer": "1",
        "roof:material": "glass"
      },
      "geometry": {
        "type": "Polygon",
        "coordinates": [
          [
            [
              101.7093972,
              3.1431443
            ],
            [
              101.7094289,
              3.1430928
            ],
            [
              101.7095205,
              3.1431312
            ],
            [
              101.7094794,
              3.1431946
            ],
            [
              101.7093972,
              3.1431443
            ]
          ]
        ]
      },
      "id": "way/1472932742"
    },
    {
      "type": "Feature",
      "properties": {
        "@id": "way/1493807003",
        "addr:housenumber": "14",
        "addr:street": "Lorong Sahabat",
        "building": "yes"
      },
      "geometry": {
        "type": "Polygon",
        "coordinates": [
          [
            [
              101.7067694,
              3.1474343
            ],
            [
              101.7066107,
              3.1475212
            ],
            [
              101.7065804,
              3.1474661
            ],
            [
              101.7066863,
              3.1473916
            ],
            [
              101.7067277,
              3.1473511
            ],
            [
              101.7067694,
              3.1474343
            ]
          ]
        ]
      },
      "id": "way/1493807003"
    },
    {
      "type": "Feature",
      "properties": {
        "@id": "way/1493807004",
        "addr:housenumber": "12",
        "addr:street": "Lorong Sahabat",
        "building": "yes"
      },
      "geometry": {
        "type": "Polygon",
        "coordinates": [
          [
            [
              101.7067997,
              3.1474894
            ],
            [
              101.7066409,
              3.1475763
            ],
            [
              101.7066107,
              3.1475212
            ],
            [
              101.7067694,
              3.1474343
            ],
            [
              101.7067997,
              3.1474894
            ]
          ]
        ]
      },
      "id": "way/1493807004"
    },
    {
      "type": "Feature",
      "properties": {
        "@id": "way/1493807645",
        "addr:housenumber": "15",
        "addr:street": "Jalan Sahabat",
        "building": "yes",
        "building:levels": "4"
      },
      "geometry": {
        "type": "Polygon",
        "coordinates": [
          [
            [
              101.7075795,
              3.1471597
            ],
            [
              101.7073688,
              3.1469455
            ],
            [
              101.7074087,
              3.1469064
            ],
            [
              101.7076194,
              3.1471205
            ],
            [
              101.7075795,
              3.1471597
            ]
          ]
        ]
      },
      "id": "way/1493807645"
    },
    {
      "type": "Feature",
      "properties": {
        "@id": "way/1493807648",
        "building": "yes"
      },
      "geometry": {
        "type": "Polygon",
        "coordinates": [
          [
            [
              101.7066723,
              3.1471144
            ],
            [
              101.7064945,
              3.1468585
            ],
            [
              101.7063743,
              3.1466853
            ],
            [
              101.70656,
              3.1465567
            ],
            [
              101.7069151,
              3.1463108
            ],
            [
              101.7072132,
              3.1467398
            ],
            [
              101.7070203,
              3.1468734
            ],
            [
              101.7066723,
              3.1471144
            ]
          ]
        ]
      },
      "id": "way/1493807648"
    },
    {
      "type": "Feature",
      "properties": {
        "@id": "way/1493808104",
        "addr:housenumber": "14",
        "addr:street": "Tengkat Tong Shin",
        "building": "residential"
      },
      "geometry": {
        "type": "Polygon",
        "coordinates": [
          [
            [
              101.7068482,
              3.1458966
            ],
            [
              101.7070107,
              3.1456873
            ],
            [
              101.7070522,
              3.1457195
            ],
            [
              101.7068897,
              3.1459287
            ],
            [
              101.7068482,
              3.1458966
            ]
          ]
        ]
      },
      "id": "way/1493808104"
    },
    {
      "type": "Feature",
      "properties": {
        "@id": "way/1493808105",
        "addr:housenumber": "12",
        "addr:street": "Tengkat Tong Shin",
        "building": "residential"
      },
      "geometry": {
        "type": "Polygon",
        "coordinates": [
          [
            [
              101.7068064,
              3.1458642
            ],
            [
              101.7069689,
              3.145655
            ],
            [
              101.7070107,
              3.1456873
            ],
            [
              101.7068482,
              3.1458966
            ],
            [
              101.7068064,
              3.1458642
            ]
          ]
        ]
      },
      "id": "way/1493808105"
    },
    {
      "type": "Feature",
      "properties": {
        "@id": "way/1493808106",
        "addr:housenumber": "10",
        "addr:street": "Tengkat Tong Shin",
        "building": "residential"
      },
      "geometry": {
        "type": "Polygon",
        "coordinates": [
          [
            [
              101.7067737,
              3.145838
            ],
            [
              101.7069272,
              3.1456224
            ],
            [
              101.7069689,
              3.145655
            ],
            [
              101.7068064,
              3.1458642
            ],
            [
              101.7067737,
              3.145838
            ]
          ]
        ]
      },
      "id": "way/1493808106"
    },
    {
      "type": "Feature",
      "properties": {
        "@id": "way/1493808107",
        "addr:housenumber": "8",
        "addr:street": "Tengkat Tong Shin",
        "building": "residential"
      },
      "geometry": {
        "type": "Polygon",
        "coordinates": [
          [
            [
              101.7067294,
              3.1458042
            ],
            [
              101.7068855,
              3.14559
            ],
            [
              101.7069272,
              3.1456224
            ],
            [
              101.7067737,
              3.145838
            ],
            [
              101.7067294,
              3.1458042
            ]
          ]
        ]
      },
      "id": "way/1493808107"
    },
    {
      "type": "Feature",
      "properties": {
        "@id": "way/1493808108",
        "addr:housenumber": "6",
        "addr:street": "Tengkat Tong Shin",
        "building": "residential"
      },
      "geometry": {
        "type": "Polygon",
        "coordinates": [
          [
            [
              101.7067172,
              3.1457337
            ],
            [
              101.7068438,
              3.1455576
            ],
            [
              101.7068855,
              3.14559
            ],
            [
              101.7067294,
              3.1458042
            ],
            [
              101.7066937,
              3.1457727
            ],
            [
              101.7067172,
              3.1457337
            ]
          ]
        ]
      },
      "id": "way/1493808108"
    },
    {
      "type": "Feature",
      "properties": {
        "@id": "way/1493808109",
        "addr:housenumber": "4",
        "addr:street": "Tengkat Tong Shin",
        "building": "residential"
      },
      "geometry": {
        "type": "Polygon",
        "coordinates": [
          [
            [
              101.7066769,
              3.1456899
            ],
            [
              101.7068022,
              3.1455252
            ],
            [
              101.7068438,
              3.1455576
            ],
            [
              101.7067172,
              3.1457337
            ],
            [
              101.7066769,
              3.1456899
            ]
          ]
        ]
      },
      "id": "way/1493808109"
    },
    {
      "type": "Feature",
      "properties": {
        "@id": "way/1493808110",
        "addr:housenumber": "22",
        "addr:street": "Tengkat Tong Shin",
        "building": "residential"
      },
      "geometry": {
        "type": "Polygon",
        "coordinates": [
          [
            [
              101.7070186,
              3.1460714
            ],
            [
              101.7072021,
              3.145836
            ],
            [
              101.7072506,
              3.1458737
            ],
            [
              101.7070671,
              3.1461091
            ],
            [
              101.7070186,
              3.1460714
            ]
          ]
        ]
      },
      "id": "way/1493808110"
    },
    {
      "type": "Feature",
      "properties": {
        "@id": "way/1493808111",
        "addr:housenumber": "20",
        "addr:street": "Tengkat Tong Shin",
        "building": "residential"
      },
      "geometry": {
        "type": "Polygon",
        "coordinates": [
          [
            [
              101.7072021,
              3.145836
            ],
            [
              101.7070186,
              3.1460714
            ],
            [
              101.7069695,
              3.1460331
            ],
            [
              101.7071527,
              3.1457973
            ],
            [
              101.7072021,
              3.145836
            ]
          ]
        ]
      },
      "id": "way/1493808111"
    },
    {
      "type": "Feature",
      "properties": {
        "@id": "way/1493808112",
        "addr:housenumber": "16;18",
        "addr:street": "Tengkat Tong Shin",
        "building": "residential"
      },
      "geometry": {
        "type": "Polygon",
        "coordinates": [
          [
            [
              101.7069695,
              3.1460331
            ],
            [
              101.706869,
              3.1459553
            ],
            [
              101.7068897,
              3.1459287
            ],
            [
              101.7070522,
              3.1457195
            ],
            [
              101.7071527,
              3.1457973
            ],
            [
              101.7069695,
              3.1460331
            ]
          ]
        ]
      },
      "id": "way/1493808112"
    },
    {
      "type": "Feature",
      "properties": {
        "@id": "way/1496343541",
        "addr:housenumber": "52",
        "addr:street": "Jalan Bintang",
        "building": "commercial"
      },
      "geometry": {
        "type": "Polygon",
        "coordinates": [
          [
            [
              101.7097349,
              3.1446005
            ],
            [
              101.7097856,
              3.1446353
            ],
            [
              101.7096271,
              3.1448395
            ],
            [
              101.7095796,
              3.1448022
            ],
            [
              101.7097349,
              3.1446005
            ]
          ]
        ]
      },
      "id": "way/1496343541"
    },
    {
      "type": "Feature",
      "properties": {
        "@id": "way/1496343543",
        "building": "retail"
      },
      "geometry": {
        "type": "Polygon",
        "coordinates": [
          [
            [
              101.7092308,
              3.1442519
            ],
            [
              101.7092498,
              3.1442281
            ],
            [
              101.7093333,
              3.1442659
            ],
            [
              101.7093538,
              3.1442873
            ],
            [
              101.7093544,
              3.1443114
            ],
            [
              101.7093418,
              3.1443418
            ],
            [
              101.7093327,
              3.1443352
            ],
            [
              101.7092308,
              3.1442519
            ]
          ]
        ]
      },
      "id": "way/1496343543"
    },
    {
      "type": "Feature",
      "properties": {
        "@id": "way/1496344551",
        "addr:housenumber": "13",
        "addr:street": "Jalan Tong Shin",
        "building": "yes"
      },
      "geometry": {
        "type": "Polygon",
        "coordinates": [
          [
            [
              101.707102,
              3.1451863
            ],
            [
              101.7069453,
              3.1449197
            ],
            [
              101.7070113,
              3.1448819
            ],
            [
              101.7071677,
              3.1451478
            ],
            [
              101.707102,
              3.1451863
            ]
          ]
        ]
      },
      "id": "way/1496344551"
    },
    {
      "type": "Feature",
      "properties": {
        "@id": "way/1496344552",
        "addr:housenumber": "15",
        "addr:street": "Jalan Tong Shin",
        "building": "yes"
      },
      "geometry": {
        "type": "Polygon",
        "coordinates": [
          [
            [
              101.7069453,
              3.1449197
            ],
            [
              101.707102,
              3.1451863
            ],
            [
              101.7070159,
              3.1452368
            ],
            [
              101.7068587,
              3.1449695
            ],
            [
              101.7069453,
              3.1449197
            ]
          ]
        ]
      },
      "id": "way/1496344552"
    },
    {
      "type": "Feature",
      "properties": {
        "@id": "way/1496344553",
        "addr:housenumber": "19",
        "addr:street": "Jalan Tong Shin",
        "building": "yes"
      },
      "geometry": {
        "type": "Polygon",
        "coordinates": [
          [
            [
              101.7070159,
              3.1452368
            ],
            [
              101.7069669,
              3.1452655
            ],
            [
              101.7068095,
              3.1449977
            ],
            [
              101.7068587,
              3.1449695
            ],
            [
              101.7070159,
              3.1452368
            ]
          ]
        ]
      },
      "id": "way/1496344553"
    },
    {
      "type": "Feature",
      "properties": {
        "@id": "way/1496344554",
        "addr:housenumber": "21",
        "addr:street": "Jalan Alor",
        "building": "commercial"
      },
      "geometry": {
        "type": "Polygon",
        "coordinates": [
          [
            [
              101.7083773,
              3.1450176
            ],
            [
              101.7084221,
              3.1450522
            ],
            [
              101.7083034,
              3.1452056
            ],
            [
              101.7082586,
              3.145171
            ],
            [
              101.7083773,
              3.1450176
            ]
          ]
        ]
      },
      "id": "way/1496344554"
    },
    {
      "type": "Feature",
      "properties": {
        "@id": "way/1496344555",
        "addr:housenumber": "19",
        "addr:street": "Jalan Alor",
        "building": "commercial"
      },
      "geometry": {
        "type": "Polygon",
        "coordinates": [
          [
            [
              101.7083325,
              3.144983
            ],
            [
              101.7083773,
              3.1450176
            ],
            [
              101.7082586,
              3.145171
            ],
            [
              101.7082137,
              3.1451364
            ],
            [
              101.7083325,
              3.144983
            ]
          ]
        ]
      },
      "id": "way/1496344555"
    },
    {
      "type": "Feature",
      "properties": {
        "@id": "way/1496344556",
        "addr:housenumber": "17",
        "addr:street": "Jalan Alor",
        "building": "commercial"
      },
      "geometry": {
        "type": "Polygon",
        "coordinates": [
          [
            [
              101.7082876,
              3.1449484
            ],
            [
              101.7083325,
              3.144983
            ],
            [
              101.7082137,
              3.1451364
            ],
            [
              101.7081689,
              3.1451019
            ],
            [
              101.7082876,
              3.1449484
            ]
          ]
        ]
      },
      "id": "way/1496344556"
    },
    {
      "type": "Feature",
      "properties": {
        "@id": "way/1496344557",
        "addr:housenumber": "15",
        "addr:street": "Jalan Alor",
        "building": "commercial"
      },
      "geometry": {
        "type": "Polygon",
        "coordinates": [
          [
            [
              101.7082428,
              3.1449138
            ],
            [
              101.7082876,
              3.1449484
            ],
            [
              101.7081689,
              3.1451019
            ],
            [
              101.7081241,
              3.1450673
            ],
            [
              101.7082428,
              3.1449138
            ]
          ]
        ]
      },
      "id": "way/1496344557"
    },
    {
      "type": "Feature",
      "properties": {
        "@id": "way/1496344558",
        "addr:housenumber": "13",
        "addr:street": "Jalan Alor",
        "building": "commercial"
      },
      "geometry": {
        "type": "Polygon",
        "coordinates": [
          [
            [
              101.708198,
              3.1448793
            ],
            [
              101.7082428,
              3.1449138
            ],
            [
              101.7081241,
              3.1450673
            ],
            [
              101.7080792,
              3.1450327
            ],
            [
              101.708198,
              3.1448793
            ]
          ]
        ]
      },
      "id": "way/1496344558"
    },
    {
      "type": "Feature",
      "properties": {
        "@id": "way/1496344559",
        "addr:housenumber": "11",
        "addr:street": "Jalan Alor",
        "building": "commercial"
      },
      "geometry": {
        "type": "Polygon",
        "coordinates": [
          [
            [
              101.7081531,
              3.1448447
            ],
            [
              101.708198,
              3.1448793
            ],
            [
              101.7080792,
              3.1450327
            ],
            [
              101.7080344,
              3.1449981
            ],
            [
              101.7081531,
              3.1448447
            ]
          ]
        ]
      },
      "id": "way/1496344559"
    },
    {
      "type": "Feature",
      "properties": {
        "@id": "way/1496344560",
        "addr:housenumber": "9",
        "addr:street": "Jalan Alor",
        "building": "commercial"
      },
      "geometry": {
        "type": "Polygon",
        "coordinates": [
          [
            [
              101.7081083,
              3.1448101
            ],
            [
              101.7081531,
              3.1448447
            ],
            [
              101.7080344,
              3.1449981
            ],
            [
              101.7079896,
              3.1449635
            ],
            [
              101.7081083,
              3.1448101
            ]
          ]
        ]
      },
      "id": "way/1496344560"
    },
    {
      "type": "Feature",
      "properties": {
        "@id": "way/1496344561",
        "addr:housenumber": "7",
        "addr:street": "Jalan Alor",
        "building": "commercial"
      },
      "geometry": {
        "type": "Polygon",
        "coordinates": [
          [
            [
              101.7080635,
              3.1447755
            ],
            [
              101.7081083,
              3.1448101
            ],
            [
              101.7079896,
              3.1449635
            ],
            [
              101.7079447,
              3.1449289
            ],
            [
              101.7080635,
              3.1447755
            ]
          ]
        ]
      },
      "id": "way/1496344561"
    },
    {
      "type": "Feature",
      "properties": {
        "@id": "way/1496344562",
        "addr:housenumber": "5",
        "addr:street": "Jalan Alor",
        "building": "commercial"
      },
      "geometry": {
        "type": "Polygon",
        "coordinates": [
          [
            [
              101.7080186,
              3.1447409
            ],
            [
              101.7080635,
              3.1447755
            ],
            [
              101.7079447,
              3.1449289
            ],
            [
              101.7078999,
              3.1448943
            ],
            [
              101.7080186,
              3.1447409
            ]
          ]
        ]
      },
      "id": "way/1496344562"
    },
    {
      "type": "Feature",
      "properties": {
        "@id": "way/1496344563",
        "addr:housenumber": "3",
        "addr:street": "Jalan Alor",
        "building": "commercial"
      },
      "geometry": {
        "type": "Polygon",
        "coordinates": [
          [
            [
              101.7079738,
              3.1447063
            ],
            [
              101.7080186,
              3.1447409
            ],
            [
              101.7078999,
              3.1448943
            ],
            [
              101.7078551,
              3.1448597
            ],
            [
              101.7079738,
              3.1447063
            ]
          ]
        ]
      },
      "id": "way/1496344563"
    },
    {
      "type": "Feature",
      "properties": {
        "@id": "way/1496348717",
        "addr:housenumber": "37",
        "addr:street": "Jalan Sahabat",
        "building": "yes"
      },
      "geometry": {
        "type": "Polygon",
        "coordinates": [
          [
            [
              101.7069167,
              3.1473374
            ],
            [
              101.7070205,
              3.147288
            ],
            [
              101.7070878,
              3.1474292
            ],
            [
              101.706984,
              3.1474786
            ],
            [
              101.7069167,
              3.1473374
            ]
          ]
        ]
      },
      "id": "way/1496348717"
    },
    {
      "type": "Feature",
      "properties": {
        "@id": "way/1496348718",
        "addr:housenumber": "31",
        "addr:street": "Jalan Sahabat",
        "building": "yes"
      },
      "geometry": {
        "type": "Polygon",
        "coordinates": [
          [
            [
              101.7071042,
              3.1472053
            ],
            [
              101.7072505,
              3.1473541
            ],
            [
              101.7072106,
              3.1473932
            ],
            [
              101.7070643,
              3.1472444
            ],
            [
              101.7071042,
              3.1472053
            ]
          ]
        ]
      },
      "id": "way/1496348718"
    },
    {
      "type": "Feature",
      "properties": {
        "@id": "way/1496348721",
        "addr:housenumber": "1",
        "addr:street": "Tengkat Tong Shin",
        "building": "yes"
      },
      "geometry": {
        "type": "Polygon",
        "coordinates": [
          [
            [
              101.707125,
              3.1452771
            ],
            [
              101.7069993,
              3.1454018
            ],
            [
              101.7069713,
              3.1453736
            ],
            [
              101.7069436,
              3.1453295
            ],
            [
              101.7070922,
              3.14525
            ],
            [
              101.707125,
              3.1452771
            ]
          ]
        ]
      },
      "id": "way/1496348721"
    },
    {
      "type": "Feature",
      "properties": {
        "@id": "way/1496348722",
        "addr:housenumber": "5",
        "addr:street": "Tengkat Tong Shin",
        "building": "yes"
      },
      "geometry": {
        "type": "Polygon",
        "coordinates": [
          [
            [
              101.7071605,
              3.1453036
            ],
            [
              101.7071976,
              3.1453316
            ],
            [
              101.7070806,
              3.14548
            ],
            [
              101.7070352,
              3.1454381
            ],
            [
              101.7071605,
              3.1453036
            ]
          ]
        ]
      },
      "id": "way/1496348722"
    },
    {
      "type": "Feature",
      "properties": {
        "@id": "way/1496348723",
        "addr:housenumber": "7",
        "addr:street": "Tengkat Tong Shin",
        "building": "yes"
      },
      "geometry": {
        "type": "Polygon",
        "coordinates": [
          [
            [
              101.7070806,
              3.14548
            ],
            [
              101.7071976,
              3.1453316
            ],
            [
              101.7072421,
              3.1453664
            ],
            [
              101.7071251,
              3.1455148
            ],
            [
              101.7070806,
              3.14548
            ]
          ]
        ]
      },
      "id": "way/1496348723"
    },
    {
      "type": "Feature",
      "properties": {
        "@id": "way/1496348724",
        "addr:housenumber": "32",
        "addr:street": "Tengkat Tong Shin",
        "building": "yes"
      },
      "geometry": {
        "type": "Polygon",
        "coordinates": [
          [
            [
              101.7076243,
              3.1461372
            ],
            [
              101.7074172,
              3.1464085
            ],
            [
              101.7073707,
              3.1463731
            ],
            [
              101.7075777,
              3.1461018
            ],
            [
              101.7076243,
              3.1461372
            ]
          ]
        ]
      },
      "id": "way/1496348724"
    },
    {
      "type": "Feature",
      "properties": {
        "@id": "way/1496348725",
        "addr:housenumber": "36",
        "addr:street": "Tengkat Tong Shin",
        "building": "yes"
      },
      "geometry": {
        "type": "Polygon",
        "coordinates": [
          [
            [
              101.7076738,
              3.1461749
            ],
            [
              101.7077218,
              3.1462115
            ],
            [
              101.7075148,
              3.1464828
            ],
            [
              101.7074667,
              3.1464462
            ],
            [
              101.7076738,
              3.1461749
            ]
          ]
        ]
      },
      "id": "way/1496348725"
    },
    {
      "type": "Feature",
      "properties": {
        "@id": "way/1503393819",
        "building": "ruins"
      },
      "geometry": {
        "type": "Polygon",
        "coordinates": [
          [
            [
              101.7101446,
              3.1450147
            ],
            [
              101.7103034,
              3.1448111
            ],
            [
              101.7105178,
              3.1449778
            ],
            [
              101.7103866,
              3.1451459
            ],
            [
              101.7103229,
              3.1450964
            ],
            [
              101.7102953,
              3.1451319
            ],
            [
              101.7101446,
              3.1450147
            ]
          ]
        ]
      },
      "id": "way/1503393819"
    },
    {
      "type": "Feature",
      "properties": {
        "@id": "way/1503393820",
        "building": "ruins"
      },
      "geometry": {
        "type": "Polygon",
        "coordinates": [
          [
            [
              101.7105692,
              3.14553
            ],
            [
              101.7110707,
              3.1459116
            ],
            [
              101.7108842,
              3.1461559
            ],
            [
              101.7103827,
              3.1457742
            ],
            [
              101.7105692,
              3.14553
            ]
          ]
        ]
      },
      "id": "way/1503393820"
    },
    {
      "type": "Feature",
      "properties": {
        "@id": "way/1507673370",
        "building": "roof",
        "layer": "1"
      },
      "geometry": {
        "type": "Polygon",
        "coordinates": [
          [
            [
              101.7114367,
              3.145343
            ],
            [
              101.7115099,
              3.1453653
            ],
            [
              101.7114138,
              3.1455908
            ],
            [
              101.7113353,
              3.1455336
            ],
            [
              101.7113665,
              3.1455015
            ],
            [
              101.7114074,
              3.1454222
            ],
            [
              101.7114367,
              3.145343
            ]
          ]
        ]
      },
      "id": "way/1507673370"
    },
    {
      "type": "Feature",
      "properties": {
        "@id": "way/1507673371",
        "building": "roof",
        "layer": "1"
      },
      "geometry": {
        "type": "Polygon",
        "coordinates": [
          [
            [
              101.71162,
              3.1448931
            ],
            [
              101.7116932,
              3.1449185
            ],
            [
              101.7115913,
              3.1452102
            ],
            [
              101.7115181,
              3.1451847
            ],
            [
              101.71162,
              3.1448931
            ]
          ]
        ]
      },
      "id": "way/1507673371"
    },
    {
      "type": "Feature",
      "properties": {
        "@id": "way/1507673372",
        "building": "roof",
        "layer": "1"
      },
      "geometry": {
        "type": "Polygon",
        "coordinates": [
          [
            [
              101.7116564,
              3.1448157
            ],
            [
              101.7117368,
              3.1445733
            ],
            [
              101.7118086,
              3.144597
            ],
            [
              101.7117282,
              3.1448394
            ],
            [
              101.7116564,
              3.1448157
            ]
          ]
        ]
      },
      "id": "way/1507673372"
    },
    {
      "type": "Feature",
      "properties": {
        "@id": "way/1508003528",
        "building": "roof",
        "layer": "1"
      },
      "geometry": {
        "type": "Polygon",
        "coordinates": [
          [
            [
              101.7075648,
              3.1453974
            ],
            [
              101.7075964,
              3.145422
            ],
            [
              101.7075198,
              3.1455201
            ],
            [
              101.7074882,
              3.1454955
            ],
            [
              101.7075648,
              3.1453974
            ]
          ]
        ]
      },
      "id": "way/1508003528"
    },
    {
      "type": "Feature",
      "properties": {
        "@id": "way/1508003531",
        "addr:housenumber": "42-52",
        "addr:street": "Jalan Alor",
        "building": "yes",
        "building:levels": "18",
        "name": "Wisma City Tower"
      },
      "geometry": {
        "type": "Polygon",
        "coordinates": [
          [
            [
              101.708375,
              3.1458866
            ],
            [
              101.7080741,
              3.1456428
            ],
            [
              101.7082067,
              3.1454794
            ],
            [
              101.7085283,
              3.1457345
            ],
            [
              101.708375,
              3.1458866
            ]
          ]
        ]
      },
      "id": "way/1508003531"
    },
    {
      "type": "Feature",
      "properties": {
        "@id": "way/1508005127",
        "building": "yes",
        "name": "Pencawang Elektrik Jalan Hicks Jalan Alor",
        "operator": "Tenaga Nasional",
        "operator:wikidata": "Q1584297",
        "power": "substation",
        "substation": "minor_distribution",
        "voltage": "11000"
      },
      "geometry": {
        "type": "Polygon",
        "coordinates": [
          [
            [
              101.7089873,
              3.1464933
            ],
            [
              101.7090362,
              3.1465895
            ],
            [
              101.7089778,
              3.146612
            ],
            [
              101.7089479,
              3.146512
            ],
            [
              101.7089873,
              3.1464933
            ]
          ]
        ]
      },
      "id": "way/1508005127"
    },
    {
      "type": "Feature",
      "properties": {
        "@id": "way/1508014648",
        "building": "yes"
      },
      "geometry": {
        "type": "Polygon",
        "coordinates": [
          [
            [
              101.7108743,
              3.1463108
            ],
            [
              101.7109148,
              3.146262
            ],
            [
              101.711012,
              3.1463424
            ],
            [
              101.7109714,
              3.1463912
            ],
            [
              101.7108743,
              3.1463108
            ]
          ]
        ]
      },
      "id": "way/1508014648"
    },
    {
      "type": "Feature",
      "properties": {
        "@id": "way/1508014654",
        "building": "yes",
        "building:levels": "9",
        "layer": "1"
      },
      "geometry": {
        "type": "Polygon",
        "coordinates": [
          [
            [
              101.7111081,
              3.1459093
            ],
            [
              101.7112419,
              3.1460021
            ],
            [
              101.7111343,
              3.146308
            ],
            [
              101.7110552,
              3.1463228
            ],
            [
              101.7108992,
              3.1462019
            ],
            [
              101.7111081,
              3.1459093
            ]
          ]
        ]
      },
      "id": "way/1508014654"
    },
    {
      "type": "Feature",
      "properties": {
        "@id": "way/1508043005",
        "addr:housenumber": "81",
        "addr:street": "Jalan Alor",
        "building": "yes"
      },
      "geometry": {
        "type": "Polygon",
        "coordinates": [
          [
            [
              101.709651,
              3.1463001
            ],
            [
              101.7097894,
              3.1461261
            ],
            [
              101.7098307,
              3.146158
            ],
            [
              101.7097339,
              3.1462856
            ],
            [
              101.7096711,
              3.1463099
            ],
            [
              101.709651,
              3.1463001
            ]
          ]
        ]
      },
      "id": "way/1508043005"
    },
    {
      "type": "Feature",
      "properties": {
        "@id": "way/1508044197",
        "addr:housenumber": "74",
        "addr:street": "Jalan Alor",
        "building": "retail"
      },
      "geometry": {
        "type": "Polygon",
        "coordinates": [
          [
            [
              101.7087921,
              3.1462001
            ],
            [
              101.7089559,
              3.1460584
            ],
            [
              101.708986,
              3.1461014
            ],
            [
              101.7088215,
              3.1462357
            ],
            [
              101.7087921,
              3.1462001
            ]
          ]
        ]
      },
      "id": "way/1508044197"
    },
    {
      "type": "Feature",
      "properties": {
        "@id": "way/1508044198",
        "addr:housenumber": "15",
        "addr:street": "Tengkat Tong Shin",
        "building": "yes"
      },
      "geometry": {
        "type": "Polygon",
        "coordinates": [
          [
            [
              101.7072587,
              3.1456191
            ],
            [
              101.7073756,
              3.1454707
            ],
            [
              101.7074201,
              3.1455054
            ],
            [
              101.7073032,
              3.1456538
            ],
            [
              101.7072587,
              3.1456191
            ]
          ]
        ]
      },
      "id": "way/1508044198"
    },
    {
      "type": "Feature",
      "properties": {
        "@id": "way/1508044199",
        "addr:housenumber": "13",
        "addr:street": "Tengkat Tong Shin",
        "building": "yes"
      },
      "geometry": {
        "type": "Polygon",
        "coordinates": [
          [
            [
              101.7072142,
              3.1455843
            ],
            [
              101.7073311,
              3.1454359
            ],
            [
              101.7073756,
              3.1454707
            ],
            [
              101.7072587,
              3.1456191
            ],
            [
              101.7072142,
              3.1455843
            ]
          ]
        ]
      },
      "id": "way/1508044199"
    },
    {
      "type": "Feature",
      "properties": {
        "@id": "way/1508044200",
        "addr:housenumber": "11",
        "addr:street": "Tengkat Tong Shin",
        "building": "yes"
      },
      "geometry": {
        "type": "Polygon",
        "coordinates": [
          [
            [
              101.7071697,
              3.1455495
            ],
            [
              101.7072866,
              3.1454011
            ],
            [
              101.7073311,
              3.1454359
            ],
            [
              101.7072142,
              3.1455843
            ],
            [
              101.7071697,
              3.1455495
            ]
          ]
        ]
      },
      "id": "way/1508044200"
    },
    {
      "type": "Feature",
      "properties": {
        "@id": "way/1508044201",
        "addr:housenumber": "9",
        "addr:street": "Tengkat Tong Shin",
        "building": "yes"
      },
      "geometry": {
        "type": "Polygon",
        "coordinates": [
          [
            [
              101.7071251,
              3.1455148
            ],
            [
              101.7072421,
              3.1453664
            ],
            [
              101.7072866,
              3.1454011
            ],
            [
              101.7071697,
              3.1455495
            ],
            [
              101.7071251,
              3.1455148
            ]
          ]
        ]
      },
      "id": "way/1508044201"
    },
    {
      "type": "Feature",
      "properties": {
        "@id": "way/1510841523",
        "addr:housenumber": "38",
        "addr:street": "Jalan Alor",
        "building": "yes",
        "building:levels": "3"
      },
      "geometry": {
        "type": "Polygon",
        "coordinates": [
          [
            [
              101.7081302,
              3.1453733
            ],
            [
              101.7081721,
              3.1454068
            ],
            [
              101.707989,
              3.145635
            ],
            [
              101.7079471,
              3.1456015
            ],
            [
              101.7081302,
              3.1453733
            ]
          ]
        ]
      },
      "id": "way/1510841523"
    },
    {
      "type": "Feature",
      "properties": {
        "@id": "way/1510841524",
        "addr:housenumber": "36",
        "addr:street": "Jalan Alor",
        "building": "yes",
        "building:levels": "3"
      },
      "geometry": {
        "type": "Polygon",
        "coordinates": [
          [
            [
              101.7080884,
              3.1453398
            ],
            [
              101.7081302,
              3.1453733
            ],
            [
              101.7079471,
              3.1456015
            ],
            [
              101.7079052,
              3.145568
            ],
            [
              101.7080884,
              3.1453398
            ]
          ]
        ]
      },
      "id": "way/1510841524"
    },
    {
      "type": "Feature",
      "properties": {
        "@id": "way/1510841525",
        "addr:housenumber": "34",
        "addr:street": "Jalan Alor",
        "building": "yes",
        "building:levels": "3"
      },
      "geometry": {
        "type": "Polygon",
        "coordinates": [
          [
            [
              101.7080465,
              3.1453062
            ],
            [
              101.7080884,
              3.1453398
            ],
            [
              101.7079052,
              3.145568
            ],
            [
              101.7078633,
              3.1455344
            ],
            [
              101.7080465,
              3.1453062
            ]
          ]
        ]
      },
      "id": "way/1510841525"
    },
    {
      "type": "Feature",
      "properties": {
        "@id": "way/1510841526",
        "addr:housenumber": "32",
        "addr:street": "Jalan Alor",
        "building": "yes",
        "building:levels": "3"
      },
      "geometry": {
        "type": "Polygon",
        "coordinates": [
          [
            [
              101.7080046,
              3.1452727
            ],
            [
              101.7080465,
              3.1453062
            ],
            [
              101.7078633,
              3.1455344
            ],
            [
              101.7078214,
              3.1455009
            ],
            [
              101.7080046,
              3.1452727
            ]
          ]
        ]
      },
      "id": "way/1510841526"
    },
    {
      "type": "Feature",
      "properties": {
        "@id": "way/1510841527",
        "addr:housenumber": "30",
        "addr:street": "Jalan Alor",
        "building": "yes",
        "building:levels": "3"
      },
      "geometry": {
        "type": "Polygon",
        "coordinates": [
          [
            [
              101.7079627,
              3.1452392
            ],
            [
              101.7080046,
              3.1452727
            ],
            [
              101.7078214,
              3.1455009
            ],
            [
              101.7077796,
              3.1454674
            ],
            [
              101.7079627,
              3.1452392
            ]
          ]
        ]
      },
      "id": "way/1510841527"
    },
    {
      "type": "Feature",
      "properties": {
        "@id": "way/1510841528",
        "addr:housenumber": "28",
        "addr:street": "Jalan Alor",
        "building": "yes",
        "building:levels": "3"
      },
      "geometry": {
        "type": "Polygon",
        "coordinates": [
          [
            [
              101.7079208,
              3.1452057
            ],
            [
              101.7079627,
              3.1452392
            ],
            [
              101.7077796,
              3.1454674
            ],
            [
              101.7077377,
              3.1454339
            ],
            [
              101.7079208,
              3.1452057
            ]
          ]
        ]
      },
      "id": "way/1510841528"
    },
    {
      "type": "Feature",
      "properties": {
        "@id": "way/1510841529",
        "addr:housenumber": "26",
        "addr:street": "Jalan Alor",
        "building": "yes",
        "building:levels": "3"
      },
      "geometry": {
        "type": "Polygon",
        "coordinates": [
          [
            [
              101.707879,
              3.1451722
            ],
            [
              101.7079208,
              3.1452057
            ],
            [
              101.7077377,
              3.1454339
            ],
            [
              101.7076958,
              3.1454004
            ],
            [
              101.707879,
              3.1451722
            ]
          ]
        ]
      },
      "id": "way/1510841529"
    },
    {
      "type": "Feature",
      "properties": {
        "@id": "way/1510841530",
        "addr:housenumber": "79",
        "addr:street": "Jalan Alor",
        "building": "commercial"
      },
      "geometry": {
        "type": "Polygon",
        "coordinates": [
          [
            [
              101.7097442,
              3.1460909
            ],
            [
              101.7097894,
              3.1461261
            ],
            [
              101.709651,
              3.1463001
            ],
            [
              101.7096087,
              3.1462641
            ],
            [
              101.7097442,
              3.1460909
            ]
          ]
        ]
      },
      "id": "way/1510841530"
    },
    {
      "type": "Feature",
      "properties": {
        "@id": "way/1510841531",
        "addr:housenumber": "77",
        "addr:street": "Jalan Alor",
        "building": "commercial"
      },
      "geometry": {
        "type": "Polygon",
        "coordinates": [
          [
            [
              101.709699,
              3.1460556
            ],
            [
              101.7097442,
              3.1460909
            ],
            [
              101.7096087,
              3.1462641
            ],
            [
              101.7095634,
              3.1462288
            ],
            [
              101.709699,
              3.1460556
            ]
          ]
        ]
      },
      "id": "way/1510841531"
    },
    {
      "type": "Feature",
      "properties": {
        "@id": "way/1510841532",
        "addr:housenumber": "75",
        "addr:street": "Jalan Alor",
        "building": "commercial"
      },
      "geometry": {
        "type": "Polygon",
        "coordinates": [
          [
            [
              101.7096537,
              3.1460203
            ],
            [
              101.709699,
              3.1460556
            ],
            [
              101.7095634,
              3.1462288
            ],
            [
              101.7095182,
              3.1461935
            ],
            [
              101.7096537,
              3.1460203
            ]
          ]
        ]
      },
      "id": "way/1510841532"
    },
    {
      "type": "Feature",
      "properties": {
        "@id": "way/1510841533",
        "addr:housenumber": "73",
        "addr:street": "Jalan Alor",
        "building": "commercial"
      },
      "geometry": {
        "type": "Polygon",
        "coordinates": [
          [
            [
              101.7096085,
              3.145985
            ],
            [
              101.7096537,
              3.1460203
            ],
            [
              101.7095182,
              3.1461935
            ],
            [
              101.709473,
              3.1461582
            ],
            [
              101.7096085,
              3.145985
            ]
          ]
        ]
      },
      "id": "way/1510841533"
    },
    {
      "type": "Feature",
      "properties": {
        "@id": "way/1510841534",
        "addr:housenumber": "71",
        "addr:street": "Jalan Alor",
        "building": "commercial"
      },
      "geometry": {
        "type": "Polygon",
        "coordinates": [
          [
            [
              101.7095633,
              3.1459497
            ],
            [
              101.7096085,
              3.145985
            ],
            [
              101.709473,
              3.1461582
            ],
            [
              101.7094278,
              3.146123
            ],
            [
              101.7095633,
              3.1459497
            ]
          ]
        ]
      },
      "id": "way/1510841534"
    },
    {
      "type": "Feature",
      "properties": {
        "@id": "way/1510841535",
        "addr:housenumber": "69",
        "addr:street": "Jalan Alor",
        "building": "commercial"
      },
      "geometry": {
        "type": "Polygon",
        "coordinates": [
          [
            [
              101.7095181,
              3.1459145
            ],
            [
              101.7095633,
              3.1459497
            ],
            [
              101.7094278,
              3.146123
            ],
            [
              101.7093825,
              3.1460877
            ],
            [
              101.7095181,
              3.1459145
            ]
          ]
        ]
      },
      "id": "way/1510841535"
    },
    {
      "type": "Feature",
      "properties": {
        "@id": "way/1510841536",
        "addr:housenumber": "67",
        "addr:street": "Jalan Alor",
        "building": "commercial"
      },
      "geometry": {
        "type": "Polygon",
        "coordinates": [
          [
            [
              101.7094728,
              3.1458792
            ],
            [
              101.7095181,
              3.1459145
            ],
            [
              101.7093825,
              3.1460877
            ],
            [
              101.7093373,
              3.1460524
            ],
            [
              101.7094728,
              3.1458792
            ]
          ]
        ]
      },
      "id": "way/1510841536"
    },
    {
      "type": "Feature",
      "properties": {
        "@id": "way/1510841537",
        "addr:housenumber": "65",
        "addr:street": "Jalan Alor",
        "building": "commercial"
      },
      "geometry": {
        "type": "Polygon",
        "coordinates": [
          [
            [
              101.7094276,
              3.1458439
            ],
            [
              101.7094728,
              3.1458792
            ],
            [
              101.7093373,
              3.1460524
            ],
            [
              101.7092921,
              3.1460171
            ],
            [
              101.7094276,
              3.1458439
            ]
          ]
        ]
      },
      "id": "way/1510841537"
    },
    {
      "type": "Feature",
      "properties": {
        "@id": "way/1510841538",
        "addr:housenumber": "63",
        "addr:street": "Jalan Alor",
        "building": "commercial"
      },
      "geometry": {
        "type": "Polygon",
        "coordinates": [
          [
            [
              101.7093824,
              3.1458086
            ],
            [
              101.7094276,
              3.1458439
            ],
            [
              101.7092921,
              3.1460171
            ],
            [
              101.7092469,
              3.1459818
            ],
            [
              101.7093824,
              3.1458086
            ]
          ]
        ]
      },
      "id": "way/1510841538"
    },
    {
      "type": "Feature",
      "properties": {
        "@id": "way/1510841539",
        "addr:housenumber": "61",
        "addr:street": "Jalan Alor",
        "building": "commercial"
      },
      "geometry": {
        "type": "Polygon",
        "coordinates": [
          [
            [
              101.7093372,
              3.1457733
            ],
            [
              101.7093824,
              3.1458086
            ],
            [
              101.7092469,
              3.1459818
            ],
            [
              101.7092016,
              3.1459466
            ],
            [
              101.7093372,
              3.1457733
            ]
          ]
        ]
      },
      "id": "way/1510841539"
    },
    {
      "type": "Feature",
      "properties": {
        "@id": "way/1510841540",
        "addr:housenumber": "59",
        "addr:street": "Jalan Alor",
        "building": "commercial"
      },
      "geometry": {
        "type": "Polygon",
        "coordinates": [
          [
            [
              101.7092919,
              3.1457381
            ],
            [
              101.7093372,
              3.1457733
            ],
            [
              101.7092016,
              3.1459466
            ],
            [
              101.7091564,
              3.1459105
            ],
            [
              101.7092919,
              3.1457381
            ]
          ]
        ]
      },
      "id": "way/1510841540"
    },
    {
      "type": "Feature",
      "properties": {
        "@id": "way/1510841541",
        "addr:housenumber": "57",
        "addr:street": "Jalan Alor",
        "building": "commercial"
      },
      "geometry": {
        "type": "Polygon",
        "coordinates": [
          [
            [
              101.7092467,
              3.1457028
            ],
            [
              101.7092919,
              3.1457381
            ],
            [
              101.7091564,
              3.1459105
            ],
            [
              101.7091115,
              3.1458756
            ],
            [
              101.7092467,
              3.1457028
            ]
          ]
        ]
      },
      "id": "way/1510841541"
    },
    {
      "type": "Feature",
      "properties": {
        "@id": "way/1510841542",
        "addr:housenumber": "55",
        "addr:street": "Jalan Alor",
        "building": "commercial"
      },
      "geometry": {
        "type": "Polygon",
        "coordinates": [
          [
            [
              101.7092015,
              3.1456675
            ],
            [
              101.7092467,
              3.1457028
            ],
            [
              101.7091115,
              3.1458756
            ],
            [
              101.7090663,
              3.1458404
            ],
            [
              101.7092015,
              3.1456675
            ]
          ]
        ]
      },
      "id": "way/1510841542"
    },
    {
      "type": "Feature",
      "properties": {
        "@id": "way/1510841543",
        "addr:housenumber": "53",
        "addr:street": "Jalan Alor",
        "building": "commercial"
      },
      "geometry": {
        "type": "Polygon",
        "coordinates": [
          [
            [
              101.7091563,
              3.1456322
            ],
            [
              101.7092015,
              3.1456675
            ],
            [
              101.7090663,
              3.1458404
            ],
            [
              101.7090209,
              3.1458051
            ],
            [
              101.7091563,
              3.1456322
            ]
          ]
        ]
      },
      "id": "way/1510841543"
    },
    {
      "type": "Feature",
      "properties": {
        "@id": "way/1510841544",
        "addr:housenumber": "51",
        "addr:street": "Jalan Alor",
        "building": "commercial"
      },
      "geometry": {
        "type": "Polygon",
        "coordinates": [
          [
            [
              101.709111,
              3.1455969
            ],
            [
              101.7091563,
              3.1456322
            ],
            [
              101.7090209,
              3.1458051
            ],
            [
              101.7089748,
              3.1457692
            ],
            [
              101.709111,
              3.1455969
            ]
          ]
        ]
      },
      "id": "way/1510841544"
    },
    {
      "type": "Feature",
      "properties": {
        "@id": "way/1510841545",
        "addr:housenumber": "49",
        "addr:street": "Jalan Alor",
        "building": "commercial"
      },
      "geometry": {
        "type": "Polygon",
        "coordinates": [
          [
            [
              101.7090658,
              3.1455617
            ],
            [
              101.709111,
              3.1455969
            ],
            [
              101.7089748,
              3.1457692
            ],
            [
              101.7089303,
              3.1457349
            ],
            [
              101.7090658,
              3.1455617
            ]
          ]
        ]
      },
      "id": "way/1510841545"
    },
    {
      "type": "Feature",
      "properties": {
        "@id": "way/1510841546",
        "addr:housenumber": "47",
        "addr:street": "Jalan Alor",
        "building": "commercial"
      },
      "geometry": {
        "type": "Polygon",
        "coordinates": [
          [
            [
              101.7090206,
              3.1455264
            ],
            [
              101.7090658,
              3.1455617
            ],
            [
              101.7089303,
              3.1457349
            ],
            [
              101.7088879,
              3.1457018
            ],
            [
              101.7088851,
              3.1456996
            ],
            [
              101.7090206,
              3.1455264
            ]
          ]
        ]
      },
      "id": "way/1510841546"
    },
    {
      "type": "Feature",
      "properties": {
        "@id": "way/1510841547",
        "addr:housenumber": "45",
        "addr:street": "Jalan Alor",
        "building": "commercial"
      },
      "geometry": {
        "type": "Polygon",
        "coordinates": [
          [
            [
              101.7089754,
              3.1454911
            ],
            [
              101.7090206,
              3.1455264
            ],
            [
              101.7088851,
              3.1456996
            ],
            [
              101.7088398,
              3.1456643
            ],
            [
              101.7089754,
              3.1454911
            ]
          ]
        ]
      },
      "id": "way/1510841547"
    },
    {
      "type": "Feature",
      "properties": {
        "@id": "way/1510841548",
        "addr:housenumber": "43",
        "addr:street": "Jalan Alor",
        "building": "commercial"
      },
      "geometry": {
        "type": "Polygon",
        "coordinates": [
          [
            [
              101.7089298,
              3.1454558
            ],
            [
              101.7089754,
              3.1454911
            ],
            [
              101.7088398,
              3.1456643
            ],
            [
              101.7087936,
              3.1456285
            ],
            [
              101.7089298,
              3.1454558
            ]
          ]
        ]
      },
      "id": "way/1510841548"
    },
    {
      "type": "Feature",
      "properties": {
        "@id": "way/1510841549",
        "addr:housenumber": "41",
        "addr:street": "Jalan Alor",
        "building": "commercial"
      },
      "geometry": {
        "type": "Polygon",
        "coordinates": [
          [
            [
              101.7088852,
              3.1454208
            ],
            [
              101.7089298,
              3.1454558
            ],
            [
              101.7087936,
              3.1456285
            ],
            [
              101.7087488,
              3.1455936
            ],
            [
              101.7088852,
              3.1454208
            ]
          ]
        ]
      },
      "id": "way/1510841549"
    },
    {
      "type": "Feature",
      "properties": {
        "@id": "way/1510841550",
        "addr:housenumber": "39",
        "addr:street": "Jalan Alor",
        "building": "commercial"
      },
      "geometry": {
        "type": "Polygon",
        "coordinates": [
          [
            [
              101.7088402,
              3.1453854
            ],
            [
              101.7088852,
              3.1454208
            ],
            [
              101.7087488,
              3.1455936
            ],
            [
              101.708704,
              3.1455581
            ],
            [
              101.7088402,
              3.1453854
            ]
          ]
        ]
      },
      "id": "way/1510841550"
    },
    {
      "type": "Feature",
      "properties": {
        "@id": "way/1510841551",
        "addr:housenumber": "37",
        "addr:street": "Jalan Alor",
        "building": "commercial"
      },
      "geometry": {
        "type": "Polygon",
        "coordinates": [
          [
            [
              101.7087945,
              3.14535
            ],
            [
              101.7088402,
              3.1453854
            ],
            [
              101.708704,
              3.1455581
            ],
            [
              101.7086589,
              3.1455232
            ],
            [
              101.7087945,
              3.14535
            ]
          ]
        ]
      },
      "id": "way/1510841551"
    },
    {
      "type": "Feature",
      "properties": {
        "@id": "way/1510841552",
        "addr:housenumber": "35",
        "addr:street": "Jalan Alor",
        "building": "commercial"
      },
      "geometry": {
        "type": "Polygon",
        "coordinates": [
          [
            [
              101.7087492,
              3.1453147
            ],
            [
              101.7087945,
              3.14535
            ],
            [
              101.7086589,
              3.1455232
            ],
            [
              101.7086137,
              3.1454879
            ],
            [
              101.7087492,
              3.1453147
            ]
          ]
        ]
      },
      "id": "way/1510841552"
    },
    {
      "type": "Feature",
      "properties": {
        "@id": "way/1510841553",
        "addr:housenumber": "33",
        "addr:street": "Jalan Alor",
        "building": "commercial"
      },
      "geometry": {
        "type": "Polygon",
        "coordinates": [
          [
            [
              101.708704,
              3.1452794
            ],
            [
              101.7087492,
              3.1453147
            ],
            [
              101.7086137,
              3.1454879
            ],
            [
              101.7085684,
              3.1454526
            ],
            [
              101.708704,
              3.1452794
            ]
          ]
        ]
      },
      "id": "way/1510841553"
    },
    {
      "type": "Feature",
      "properties": {
        "@id": "way/1510841554",
        "addr:housenumber": "31",
        "addr:street": "Jalan Alor",
        "building": "commercial"
      },
      "geometry": {
        "type": "Polygon",
        "coordinates": [
          [
            [
              101.7086588,
              3.1452442
            ],
            [
              101.708704,
              3.1452794
            ],
            [
              101.7085684,
              3.1454526
            ],
            [
              101.7085233,
              3.1454174
            ],
            [
              101.7086588,
              3.1452442
            ]
          ]
        ]
      },
      "id": "way/1510841554"
    },
    {
      "type": "Feature",
      "properties": {
        "@id": "way/1510841555",
        "addr:housenumber": "29",
        "addr:street": "Jalan Alor",
        "building": "commercial"
      },
      "geometry": {
        "type": "Polygon",
        "coordinates": [
          [
            [
              101.7086136,
              3.1452089
            ],
            [
              101.7086588,
              3.1452442
            ],
            [
              101.7085233,
              3.1454174
            ],
            [
              101.708478,
              3.1453821
            ],
            [
              101.7086136,
              3.1452089
            ]
          ]
        ]
      },
      "id": "way/1510841555"
    },
    {
      "type": "Feature",
      "properties": {
        "@id": "way/1510841556",
        "addr:housenumber": "27",
        "addr:street": "Jalan Alor",
        "building": "commercial"
      },
      "geometry": {
        "type": "Polygon",
        "coordinates": [
          [
            [
              101.7085683,
              3.1451736
            ],
            [
              101.7086136,
              3.1452089
            ],
            [
              101.708478,
              3.1453821
            ],
            [
              101.7084331,
              3.1453468
            ],
            [
              101.7084328,
              3.1453468
            ],
            [
              101.7085683,
              3.1451736
            ]
          ]
        ]
      },
      "id": "way/1510841556"
    },
    {
      "type": "Feature",
      "properties": {
        "@id": "way/1510841557",
        "addr:housenumber": "25",
        "addr:street": "Jalan Alor",
        "building": "commercial"
      },
      "geometry": {
        "type": "Polygon",
        "coordinates": [
          [
            [
              101.7085231,
              3.1451383
            ],
            [
              101.7085683,
              3.1451736
            ],
            [
              101.7084328,
              3.1453468
            ],
            [
              101.7083876,
              3.1453115
            ],
            [
              101.7085231,
              3.1451383
            ]
          ]
        ]
      },
      "id": "way/1510841557"
    },
    {
      "type": "Feature",
      "properties": {
        "@id": "way/1511005724",
        "addr:housenumber": "43",
        "addr:street": "Tengkat Tong Shin",
        "building": "yes"
      },
      "geometry": {
        "type": "Polygon",
        "coordinates": [
          [
            [
              101.7080366,
              3.1460065
            ],
            [
              101.7080811,
              3.1460418
            ],
            [
              101.7079683,
              3.1461833
            ],
            [
              101.7079238,
              3.1461479
            ],
            [
              101.7080366,
              3.1460065
            ]
          ]
        ]
      },
      "id": "way/1511005724"
    },
    {
      "type": "Feature",
      "properties": {
        "@id": "way/1511005725",
        "addr:housenumber": "41",
        "addr:street": "Tengkat Tong Shin",
        "building": "yes"
      },
      "geometry": {
        "type": "Polygon",
        "coordinates": [
          [
            [
              101.7079921,
              3.1459711
            ],
            [
              101.7080366,
              3.1460065
            ],
            [
              101.7079238,
              3.1461479
            ],
            [
              101.7078793,
              3.1461125
            ],
            [
              101.7079921,
              3.1459711
            ]
          ]
        ]
      },
      "id": "way/1511005725"
    },
    {
      "type": "Feature",
      "properties": {
        "@id": "way/1511005726",
        "addr:housenumber": "39",
        "addr:street": "Tengkat Tong Shin",
        "building": "yes"
      },
      "geometry": {
        "type": "Polygon",
        "coordinates": [
          [
            [
              101.7079477,
              3.1459358
            ],
            [
              101.7079921,
              3.1459711
            ],
            [
              101.7078793,
              3.1461125
            ],
            [
              101.7078349,
              3.1460772
            ],
            [
              101.7079477,
              3.1459358
            ]
          ]
        ]
      },
      "id": "way/1511005726"
    },
    {
      "type": "Feature",
      "properties": {
        "@id": "way/1511005727",
        "addr:housenumber": "37",
        "addr:street": "Tengkat Tong Shin",
        "building": "yes"
      },
      "geometry": {
        "type": "Polygon",
        "coordinates": [
          [
            [
              101.7079032,
              3.1459004
            ],
            [
              101.7079477,
              3.1459358
            ],
            [
              101.7078349,
              3.1460772
            ],
            [
              101.7077904,
              3.1460418
            ],
            [
              101.7079032,
              3.1459004
            ]
          ]
        ]
      },
      "id": "way/1511005727"
    },
    {
      "type": "Feature",
      "properties": {
        "@id": "way/1511005728",
        "addr:housenumber": "35",
        "addr:street": "Tengkat Tong Shin",
        "building": "yes"
      },
      "geometry": {
        "type": "Polygon",
        "coordinates": [
          [
            [
              101.7078587,
              3.145865
            ],
            [
              101.7079032,
              3.1459004
            ],
            [
              101.7077904,
              3.1460418
            ],
            [
              101.7077459,
              3.1460065
            ],
            [
              101.7078587,
              3.145865
            ]
          ]
        ]
      },
      "id": "way/1511005728"
    },
    {
      "type": "Feature",
      "properties": {
        "@id": "way/1511005729",
        "addr:housenumber": "31",
        "addr:street": "Tengkat Tong Shin",
        "building": "yes"
      },
      "geometry": {
        "type": "Polygon",
        "coordinates": [
          [
            [
              101.707741,
              3.1457686
            ],
            [
              101.7077818,
              3.1458003
            ],
            [
              101.7076725,
              3.1459407
            ],
            [
              101.7076317,
              3.145909
            ],
            [
              101.707741,
              3.1457686
            ]
          ]
        ]
      },
      "id": "way/1511005729"
    },
    {
      "type": "Feature",
      "properties": {
        "@id": "way/1511005730",
        "addr:housenumber": "29",
        "addr:street": "Tengkat Tong Shin",
        "building": "yes"
      },
      "geometry": {
        "type": "Polygon",
        "coordinates": [
          [
            [
              101.7077001,
              3.1457369
            ],
            [
              101.707741,
              3.1457686
            ],
            [
              101.7076317,
              3.145909
            ],
            [
              101.7075908,
              3.1458773
            ],
            [
              101.7077001,
              3.1457369
            ]
          ]
        ]
      },
      "id": "way/1511005730"
    },
    {
      "type": "Feature",
      "properties": {
        "@id": "way/1511005731",
        "addr:housenumber": "27",
        "addr:street": "Tengkat Tong Shin",
        "building": "yes"
      },
      "geometry": {
        "type": "Polygon",
        "coordinates": [
          [
            [
              101.7076593,
              3.1457052
            ],
            [
              101.7077001,
              3.1457369
            ],
            [
              101.7075908,
              3.1458773
            ],
            [
              101.70755,
              3.1458456
            ],
            [
              101.7076593,
              3.1457052
            ]
          ]
        ]
      },
      "id": "way/1511005731"
    },
    {
      "type": "Feature",
      "properties": {
        "@id": "way/1511005732",
        "addr:housenumber": "25",
        "addr:street": "Tengkat Tong Shin",
        "building": "yes"
      },
      "geometry": {
        "type": "Polygon",
        "coordinates": [
          [
            [
              101.7076184,
              3.1456735
            ],
            [
              101.7076593,
              3.1457052
            ],
            [
              101.70755,
              3.1458456
            ],
            [
              101.7075091,
              3.1458139
            ],
            [
              101.7076184,
              3.1456735
            ]
          ]
        ]
      },
      "id": "way/1511005732"
    },
    {
      "type": "Feature",
      "properties": {
        "@id": "way/1511005733",
        "addr:housenumber": "23",
        "addr:street": "Tengkat Tong Shin",
        "building": "yes"
      },
      "geometry": {
        "type": "Polygon",
        "coordinates": [
          [
            [
              101.7075776,
              3.1456418
            ],
            [
              101.7076184,
              3.1456735
            ],
            [
              101.7075091,
              3.1458139
            ],
            [
              101.7074683,
              3.1457822
            ],
            [
              101.7075776,
              3.1456418
            ]
          ]
        ]
      },
      "id": "way/1511005733"
    },
    {
      "type": "Feature",
      "properties": {
        "@id": "way/1511005734",
        "addr:housenumber": "21",
        "addr:street": "Tengkat Tong Shin",
        "building": "yes"
      },
      "geometry": {
        "type": "Polygon",
        "coordinates": [
          [
            [
              101.7075367,
              3.1456101
            ],
            [
              101.7075776,
              3.1456418
            ],
            [
              101.7074683,
              3.1457822
            ],
            [
              101.7074274,
              3.1457505
            ],
            [
              101.7075367,
              3.1456101
            ]
          ]
        ]
      },
      "id": "way/1511005734"
    },
    {
      "type": "Feature",
      "properties": {
        "@id": "way/1511005735",
        "addr:housenumber": "19",
        "addr:street": "Tengkat Tong Shin",
        "building": "yes"
      },
      "geometry": {
        "type": "Polygon",
        "coordinates": [
          [
            [
              101.7074959,
              3.1455784
            ],
            [
              101.7075367,
              3.1456101
            ],
            [
              101.7074274,
              3.1457505
            ],
            [
              101.7073866,
              3.1457188
            ],
            [
              101.7074959,
              3.1455784
            ]
          ]
        ]
      },
      "id": "way/1511005735"
    },
    {
      "type": "Feature",
      "properties": {
        "@id": "way/1511006956",
        "addr:housenumber": "29",
        "addr:street": "Jalan Sahabat",
        "building": "yes",
        "building:levels": "4"
      },
      "geometry": {
        "type": "Polygon",
        "coordinates": [
          [
            [
              101.7071415,
              3.1471687
            ],
            [
              101.7072879,
              3.1473174
            ],
            [
              101.7072505,
              3.1473541
            ],
            [
              101.7071042,
              3.1472053
            ],
            [
              101.7071415,
              3.1471687
            ]
          ]
        ]
      },
      "id": "way/1511006956"
    },
    {
      "type": "Feature",
      "properties": {
        "@id": "way/1511006957",
        "addr:housenumber": "27",
        "addr:street": "Jalan Sahabat",
        "building": "yes",
        "building:levels": "4"
      },
      "geometry": {
        "type": "Polygon",
        "coordinates": [
          [
            [
              101.7071789,
              3.147132
            ],
            [
              101.7073253,
              3.1472807
            ],
            [
              101.7072879,
              3.1473174
            ],
            [
              101.7071415,
              3.1471687
            ],
            [
              101.7071789,
              3.147132
            ]
          ]
        ]
      },
      "id": "way/1511006957"
    },
    {
      "type": "Feature",
      "properties": {
        "@id": "way/1511006958",
        "addr:housenumber": "25",
        "addr:street": "Jalan Sahabat",
        "building": "yes",
        "building:levels": "4"
      },
      "geometry": {
        "type": "Polygon",
        "coordinates": [
          [
            [
              101.7072163,
              3.1470953
            ],
            [
              101.7073626,
              3.1472441
            ],
            [
              101.7073253,
              3.1472807
            ],
            [
              101.7071789,
              3.147132
            ],
            [
              101.7072163,
              3.1470953
            ]
          ]
        ]
      },
      "id": "way/1511006958"
    },
    {
      "type": "Feature",
      "properties": {
        "@id": "way/1511006959",
        "addr:housenumber": "23",
        "addr:street": "Jalan Sahabat",
        "building": "yes",
        "building:levels": "4"
      },
      "geometry": {
        "type": "Polygon",
        "coordinates": [
          [
            [
              101.7072537,
              3.1470587
            ],
            [
              101.7074,
              3.1472074
            ],
            [
              101.7073626,
              3.1472441
            ],
            [
              101.7072163,
              3.1470953
            ],
            [
              101.7072537,
              3.1470587
            ]
          ]
        ]
      },
      "id": "way/1511006959"
    },
    {
      "type": "Feature",
      "properties": {
        "@id": "way/1511006960",
        "addr:housenumber": "21",
        "addr:street": "Jalan Sahabat",
        "building": "yes",
        "building:levels": "4"
      },
      "geometry": {
        "type": "Polygon",
        "coordinates": [
          [
            [
              101.707291,
              3.147022
            ],
            [
              101.7074374,
              3.1471707
            ],
            [
              101.7074,
              3.1472074
            ],
            [
              101.7072537,
              3.1470587
            ],
            [
              101.707291,
              3.147022
            ]
          ]
        ]
      },
      "id": "way/1511006960"
    },
    {
      "type": "Feature",
      "properties": {
        "@id": "way/1511006961",
        "addr:housenumber": "19",
        "addr:street": "Jalan Sahabat",
        "building": "yes",
        "building:levels": "4"
      },
      "geometry": {
        "type": "Polygon",
        "coordinates": [
          [
            [
              101.7073284,
              3.1469854
            ],
            [
              101.7074747,
              3.1471341
            ],
            [
              101.7074374,
              3.1471707
            ],
            [
              101.707291,
              3.147022
            ],
            [
              101.7073284,
              3.1469854
            ]
          ]
        ]
      },
      "id": "way/1511006961"
    },
    {
      "type": "Feature",
      "properties": {
        "@id": "way/1520280662",
        "building": "shed"
      },
      "geometry": {
        "type": "Polygon",
        "coordinates": [
          [
            [
              101.7098174,
              3.1463958
            ],
            [
              101.7097332,
              3.1465063
            ],
            [
              101.7097041,
              3.1464842
            ],
            [
              101.7097582,
              3.1464133
            ],
            [
              101.7097709,
              3.146423
            ],
            [
              101.7098011,
              3.1463834
            ],
            [
              101.7098174,
              3.1463958
            ]
          ]
        ]
      },
      "id": "way/1520280662"
    },
    {
      "type": "Feature",
      "properties": {
        "@id": "way/1520477620",
        "building": "yes"
      },
      "geometry": {
        "type": "Polygon",
        "coordinates": [
          [
            [
              101.7077399,
              3.1466157
            ],
            [
              101.7077054,
              3.1465777
            ],
            [
              101.7078642,
              3.1464338
            ],
            [
              101.7078988,
              3.1464718
            ],
            [
              101.7077399,
              3.1466157
            ]
          ]
        ]
      },
      "id": "way/1520477620"
    },
    {
      "type": "Feature",
      "properties": {
        "@id": "way/1520477621",
        "addr:housenumber": "52",
        "addr:street": "Tengkat Tong Shin",
        "building": "yes"
      },
      "geometry": {
        "type": "Polygon",
        "coordinates": [
          [
            [
              101.7079412,
              3.1468391
            ],
            [
              101.7081579,
              3.146654
            ],
            [
              101.7082025,
              3.1466952
            ],
            [
              101.7079749,
              3.146881
            ],
            [
              101.7079412,
              3.1468391
            ]
          ]
        ]
      },
      "id": "way/1520477621"
    },
    {
      "type": "Feature",
      "properties": {
        "@id": "way/1520477622",
        "addr:housenumber": "50",
        "addr:street": "Tengkat Tong Shin",
        "building": "yes"
      },
      "geometry": {
        "type": "Polygon",
        "coordinates": [
          [
            [
              101.7079052,
              3.1467972
            ],
            [
              101.7081138,
              3.1466132
            ],
            [
              101.7081579,
              3.146654
            ],
            [
              101.7079412,
              3.1468391
            ],
            [
              101.7079052,
              3.1467972
            ]
          ]
        ]
      },
      "id": "way/1520477622"
    },
    {
      "type": "Feature",
      "properties": {
        "@id": "way/1520477623",
        "addr:housenumber": "48",
        "addr:street": "Tengkat Tong Shin",
        "building": "yes"
      },
      "geometry": {
        "type": "Polygon",
        "coordinates": [
          [
            [
              101.7078688,
              3.146754
            ],
            [
              101.7080739,
              3.1465763
            ],
            [
              101.7081138,
              3.1466132
            ],
            [
              101.7079052,
              3.1467972
            ],
            [
              101.7078688,
              3.146754
            ]
          ]
        ]
      },
      "id": "way/1520477623"
    },
    {
      "type": "Feature",
      "properties": {
        "@id": "way/1520477624",
        "addr:housenumber": "46",
        "addr:street": "Tengkat Tong Shin",
        "building": "yes"
      },
      "geometry": {
        "type": "Polygon",
        "coordinates": [
          [
            [
              101.7078375,
              3.1467182
            ],
            [
              101.7080287,
              3.1465346
            ],
            [
              101.7080739,
              3.1465763
            ],
            [
              101.7078688,
              3.146754
            ],
            [
              101.7078375,
              3.1467182
            ]
          ]
        ]
      },
      "id": "way/1520477624"
    },
    {
      "type": "Feature",
      "properties": {
        "@id": "way/1520477625",
        "addr:housenumber": "44",
        "addr:street": "Tengkat Tong Shin",
        "building": "yes"
      },
      "geometry": {
        "type": "Polygon",
        "coordinates": [
          [
            [
              101.7077887,
              3.1466679
            ],
            [
              101.7079895,
              3.1464983
            ],
            [
              101.7080287,
              3.1465346
            ],
            [
              101.7078375,
              3.1467182
            ],
            [
              101.7077887,
              3.1466679
            ]
          ]
        ]
      },
      "id": "way/1520477625"
    },
    {
      "type": "Feature",
      "properties": {
        "@id": "way/1520596859",
        "building": "hotel",
        "layer": "1"
      },
      "geometry": {
        "type": "Polygon",
        "coordinates": [
          [
            [
              101.7082182,
              3.1472691
            ],
            [
              101.7081511,
              3.1471329
            ],
            [
              101.7083416,
              3.1470492
            ],
            [
              101.7083211,
              3.1469966
            ],
            [
              101.7081521,
              3.1468041
            ],
            [
              101.7082644,
              3.1467175
            ],
            [
              101.708407,
              3.1468975
            ],
            [
              101.70848,
              3.1469936
            ],
            [
              101.7084949,
              3.1470112
            ],
            [
              101.7085042,
              3.1470299
            ],
            [
              101.7085199,
              3.1470619
            ],
            [
              101.7085196,
              3.1470763
            ],
            [
              101.7085186,
              3.147091
            ],
            [
              101.7085126,
              3.1471056
            ],
            [
              101.708507,
              3.1471195
            ],
            [
              101.7085031,
              3.147125
            ],
            [
              101.7084988,
              3.1471305
            ],
            [
              101.7084907,
              3.1471411
            ],
            [
              101.7084836,
              3.1471478
            ],
            [
              101.7084562,
              3.1471626
            ],
            [
              101.7084293,
              3.1471743
            ],
            [
              101.7082182,
              3.1472691
            ]
          ]
        ]
      },
      "id": "way/1520596859"
    },
    {
      "type": "Feature",
      "properties": {
        "@id": "way/1520601407",
        "addr:housenumber": "74",
        "addr:street": "Changkat Bukit Bintang",
        "building": "yes"
      },
      "geometry": {
        "type": "Polygon",
        "coordinates": [
          [
            [
              101.7100656,
              3.1465801
            ],
            [
              101.71003,
              3.1466237
            ],
            [
              101.7098411,
              3.14647
            ],
            [
              101.7098767,
              3.1464263
            ],
            [
              101.7100656,
              3.1465801
            ]
          ]
        ]
      },
      "id": "way/1520601407"
    },
    {
      "type": "Feature",
      "properties": {
        "@id": "way/1524513983",
        "addr:housenumber": "96",
        "addr:street": "Changkat Bukit Bintang",
        "building": "yes"
      },
      "geometry": {
        "type": "Polygon",
        "coordinates": [
          [
            [
              101.7097157,
              3.1468894
            ],
            [
              101.7096779,
              3.1467372
            ],
            [
              101.7097227,
              3.1467122
            ],
            [
              101.7097593,
              3.1468687
            ],
            [
              101.7097157,
              3.1468894
            ]
          ]
        ]
      },
      "id": "way/1524513983"
    },
    {
      "type": "Feature",
      "properties": {
        "@id": "way/1524513984",
        "addr:housenumber": "65",
        "addr:street": "Changkat Bukit Bintang",
        "building": "yes"
      },
      "geometry": {
        "type": "Polygon",
        "coordinates": [
          [
            [
              101.709048,
              3.1466345
            ],
            [
              101.7091441,
              3.1468046
            ],
            [
              101.7090779,
              3.1468302
            ],
            [
              101.7090064,
              3.1466415
            ],
            [
              101.709048,
              3.1466345
            ]
          ]
        ]
      },
      "id": "way/1524513984"
    },
    {
      "type": "Feature",
      "properties": {
        "@id": "way/1524513985",
        "addr:housenumber": "79",
        "addr:street": "Changkat Bukit Bintang",
        "building": "yes"
      },
      "geometry": {
        "type": "Polygon",
        "coordinates": [
          [
            [
              101.7094483,
              3.1466285
            ],
            [
              101.7093291,
              3.1464438
            ],
            [
              101.7093693,
              3.1464077
            ],
            [
              101.7094201,
              3.1464483
            ],
            [
              101.7095249,
              3.1465371
            ],
            [
              101.7094856,
              3.1465905
            ],
            [
              101.7094483,
              3.1466285
            ]
          ]
        ]
      },
      "id": "way/1524513985"
    },
    {
      "type": "Feature",
      "properties": {
        "@id": "way/1524513986",
        "addr:housenumber": "90",
        "addr:street": "Jalan Alor",
        "building": "yes"
      },
      "geometry": {
        "type": "Polygon",
        "coordinates": [
          [
            [
              101.7090722,
              3.1465168
            ],
            [
              101.7092805,
              3.1463462
            ],
            [
              101.7092899,
              3.1463385
            ],
            [
              101.7093275,
              3.1463843
            ],
            [
              101.7091098,
              3.1465625
            ],
            [
              101.7090722,
              3.1465168
            ]
          ]
        ]
      },
      "id": "way/1524513986"
    },
    {
      "type": "Feature",
      "properties": {
        "@id": "way/1526715390",
        "building": "roof",
        "layer": "1"
      },
      "geometry": {
        "type": "Polygon",
        "coordinates": [
          [
            [
              101.7085382,
              3.1457191
            ],
            [
              101.7085283,
              3.1457345
            ],
            [
              101.7082067,
              3.1454794
            ],
            [
              101.7082584,
              3.1454135
            ],
            [
              101.7085792,
              3.1456686
            ],
            [
              101.7085382,
              3.1457191
            ]
          ]
        ]
      },
      "id": "way/1526715390"
    },
    {
      "type": "Feature",
      "properties": {
        "@id": "way/1526780150",
        "addr:housenumber": "56",
        "addr:street": "Jalan Alor",
        "building": "retail"
      },
      "geometry": {
        "type": "Polygon",
        "coordinates": [
          [
            [
              101.7084377,
              3.1459341
            ],
            [
              101.708375,
              3.1458866
            ],
            [
              101.7085283,
              3.1457345
            ],
            [
              101.7085382,
              3.1457191
            ],
            [
              101.7085821,
              3.1457546
            ],
            [
              101.7084377,
              3.1459341
            ]
          ]
        ]
      },
      "id": "way/1526780150"
    },
    {
      "type": "Feature",
      "properties": {
        "@id": "way/1530958669",
        "addr:housenumber": "63",
        "addr:street": "Changkat Bukit Bintang",
        "building": "yes"
      },
      "geometry": {
        "type": "Polygon",
        "coordinates": [
          [
            [
              101.7088931,
              3.146692
            ],
            [
              101.7089451,
              3.1466683
            ],
            [
              101.7090377,
              3.1468692
            ],
            [
              101.7089856,
              3.1468929
            ],
            [
              101.7088931,
              3.146692
            ]
          ]
        ]
      },
      "id": "way/1530958669"
    },
    {
      "type": "Feature",
      "properties": {
        "@id": "way/1530958670",
        "addr:housenumber": "61",
        "addr:street": "Changkat Bukit Bintang",
        "building": "yes"
      },
      "geometry": {
        "type": "Polygon",
        "coordinates": [
          [
            [
              101.708841,
              3.1467157
            ],
            [
              101.7088931,
              3.146692
            ],
            [
              101.7089856,
              3.1468929
            ],
            [
              101.7089336,
              3.1469166
            ],
            [
              101.708841,
              3.1467157
            ]
          ]
        ]
      },
      "id": "way/1530958670"
    },
    {
      "type": "Feature",
      "properties": {
        "@id": "way/1530958671",
        "addr:housenumber": "59",
        "addr:street": "Changkat Bukit Bintang",
        "building": "yes"
      },
      "geometry": {
        "type": "Polygon",
        "coordinates": [
          [
            [
              101.7087889,
              3.1467394
            ],
            [
              101.708841,
              3.1467157
            ],
            [
              101.7089336,
              3.1469166
            ],
            [
              101.7088815,
              3.1469403
            ],
            [
              101.7087889,
              3.1467394
            ]
          ]
        ]
      },
      "id": "way/1530958671"
    },
    {
      "type": "Feature",
      "properties": {
        "@id": "way/1530958672",
        "addr:housenumber": "57",
        "addr:street": "Changkat Bukit Bintang",
        "building": "yes"
      },
      "geometry": {
        "type": "Polygon",
        "coordinates": [
          [
            [
              101.7087369,
              3.1467631
            ],
            [
              101.7087889,
              3.1467394
            ],
            [
              101.7088815,
              3.1469403
            ],
            [
              101.7088295,
              3.146964
            ],
            [
              101.7087369,
              3.1467631
            ]
          ]
        ]
      },
      "id": "way/1530958672"
    },
    {
      "type": "Feature",
      "properties": {
        "@id": "way/1530958673",
        "addr:housenumber": "55",
        "addr:street": "Changkat Bukit Bintang",
        "building": "yes"
      },
      "geometry": {
        "type": "Polygon",
        "coordinates": [
          [
            [
              101.7086848,
              3.1467869
            ],
            [
              101.7087369,
              3.1467631
            ],
            [
              101.7088295,
              3.146964
            ],
            [
              101.7087774,
              3.1469877
            ],
            [
              101.7086848,
              3.1467869
            ]
          ]
        ]
      },
      "id": "way/1530958673"
    },
    {
      "type": "Feature",
      "properties": {
        "@id": "way/1539476548",
        "addr:housenumber": "19",
        "addr:street": "Jalan Berangan",
        "building": "yes"
      },
      "geometry": {
        "type": "Polygon",
        "coordinates": [
          [
            [
              101.7080069,
              3.1480974
            ],
            [
              101.7079132,
              3.1479019
            ],
            [
              101.7079614,
              3.1478791
            ],
            [
              101.708055,
              3.1480746
            ],
            [
              101.7080069,
              3.1480974
            ]
          ]
        ]
      },
      "id": "way/1539476548"
    },
    {
      "type": "Feature",
      "properties": {
        "@id": "way/1539476549",
        "addr:housenumber": "17",
        "addr:street": "Jalan Berangan",
        "building": "yes"
      },
      "geometry": {
        "type": "Polygon",
        "coordinates": [
          [
            [
              101.7079587,
              3.1481201
            ],
            [
              101.707865,
              3.1479246
            ],
            [
              101.7079132,
              3.1479019
            ],
            [
              101.7080069,
              3.1480974
            ],
            [
              101.7079587,
              3.1481201
            ]
          ]
        ]
      },
      "id": "way/1539476549"
    },
    {
      "type": "Feature",
      "properties": {
        "@id": "way/1539476550",
        "addr:housenumber": "15",
        "addr:street": "Jalan Berangan",
        "building": "yes"
      },
      "geometry": {
        "type": "Polygon",
        "coordinates": [
          [
            [
              101.7079105,
              3.1481429
            ],
            [
              101.7078168,
              3.1479474
            ],
            [
              101.707865,
              3.1479246
            ],
            [
              101.7079587,
              3.1481201
            ],
            [
              101.7079105,
              3.1481429
            ]
          ]
        ]
      },
      "id": "way/1539476550"
    },
    {
      "type": "Feature",
      "properties": {
        "@id": "way/1539476551",
        "addr:housenumber": "13",
        "addr:street": "Jalan Berangan",
        "building": "yes"
      },
      "geometry": {
        "type": "Polygon",
        "coordinates": [
          [
            [
              101.7078623,
              3.1481657
            ],
            [
              101.7077686,
              3.1479701
            ],
            [
              101.7078168,
              3.1479474
            ],
            [
              101.7079105,
              3.1481429
            ],
            [
              101.7078623,
              3.1481657
            ]
          ]
        ]
      },
      "id": "way/1539476551"
    },
    {
      "type": "Feature",
      "properties": {
        "@id": "way/1539476552",
        "addr:housenumber": "11",
        "addr:street": "Jalan Berangan",
        "building": "yes"
      },
      "geometry": {
        "type": "Polygon",
        "coordinates": [
          [
            [
              101.7078141,
              3.1481884
            ],
            [
              101.7077204,
              3.1479929
            ],
            [
              101.7077686,
              3.1479701
            ],
            [
              101.7078623,
              3.1481657
            ],
            [
              101.7078141,
              3.1481884
            ]
          ]
        ]
      },
      "id": "way/1539476552"
    },
    {
      "type": "Feature",
      "properties": {
        "@id": "way/1539476553",
        "addr:housenumber": "9",
        "addr:street": "Jalan Berangan",
        "building": "yes"
      },
      "geometry": {
        "type": "Polygon",
        "coordinates": [
          [
            [
              101.7077659,
              3.1482112
            ],
            [
              101.7076723,
              3.1480156
            ],
            [
              101.7077204,
              3.1479929
            ],
            [
              101.7078141,
              3.1481884
            ],
            [
              101.7077659,
              3.1482112
            ]
          ]
        ]
      },
      "id": "way/1539476553"
    },
    {
      "type": "Feature",
      "properties": {
        "@id": "way/1539476554",
        "addr:housenumber": "7",
        "addr:street": "Jalan Berangan",
        "building": "yes"
      },
      "geometry": {
        "type": "Polygon",
        "coordinates": [
          [
            [
              101.7077178,
              3.1482339
            ],
            [
              101.7076241,
              3.1480384
            ],
            [
              101.7076723,
              3.1480156
            ],
            [
              101.7077659,
              3.1482112
            ],
            [
              101.7077178,
              3.1482339
            ]
          ]
        ]
      },
      "id": "way/1539476554"
    },
    {
      "type": "Feature",
      "properties": {
        "@id": "way/1539503537",
        "building": "roof",
        "layer": "1"
      },
      "geometry": {
        "type": "Polygon",
        "coordinates": [
          [
            [
              101.7073602,
              3.1420392
            ],
            [
              101.707727,
              3.1422975
            ],
            [
              101.7076965,
              3.1423406
            ],
            [
              101.7073297,
              3.1420824
            ],
            [
              101.7073602,
              3.1420392
            ]
          ]
        ]
      },
      "id": "way/1539503537"
    },
    {
      "type": "Feature",
      "properties": {
        "@id": "way/1540059251",
        "building": "roof",
        "layer": "1"
      },
      "geometry": {
        "type": "Polygon",
        "coordinates": [
          [
            [
              101.7093836,
              3.146319
            ],
            [
              101.7093592,
              3.1463491
            ],
            [
              101.7090658,
              3.1461113
            ],
            [
              101.7090903,
              3.1460812
            ],
            [
              101.7093836,
              3.146319
            ]
          ]
        ]
      },
      "id": "way/1540059251"
    },
    {
      "type": "Feature",
      "properties": {
        "@id": "way/1540059252",
        "addr:housenumber": "88",
        "addr:street": "Jalan Alor",
        "building": "retail"
      },
      "geometry": {
        "type": "Polygon",
        "coordinates": [
          [
            [
              101.7090391,
              3.1464764
            ],
            [
              101.7092399,
              3.146312
            ],
            [
              101.7092474,
              3.1463059
            ],
            [
              101.7092805,
              3.1463462
            ],
            [
              101.7090722,
              3.1465168
            ],
            [
              101.7090391,
              3.1464764
            ]
          ]
        ]
      },
      "id": "way/1540059252"
    },
    {
      "type": "Feature",
      "properties": {
        "@id": "way/1540059253",
        "addr:housenumber": "86",
        "addr:street": "Jalan Alor",
        "building": "retail"
      },
      "geometry": {
        "type": "Polygon",
        "coordinates": [
          [
            [
              101.7090032,
              3.1464327
            ],
            [
              101.7091935,
              3.146277
            ],
            [
              101.709204,
              3.1462683
            ],
            [
              101.7092399,
              3.146312
            ],
            [
              101.7090391,
              3.1464764
            ],
            [
              101.7090032,
              3.1464327
            ]
          ]
        ]
      },
      "id": "way/1540059253"
    },
    {
      "type": "Feature",
      "properties": {
        "@id": "way/1540059254",
        "addr:housenumber": "84",
        "addr:street": "Jalan Alor",
        "building": "retail"
      },
      "geometry": {
        "type": "Polygon",
        "coordinates": [
          [
            [
              101.708958,
              3.146402
            ],
            [
              101.7091525,
              3.1462428
            ],
            [
              101.7091602,
              3.1462365
            ],
            [
              101.7091935,
              3.146277
            ],
            [
              101.7090032,
              3.1464327
            ],
            [
              101.7089912,
              3.1464425
            ],
            [
              101.708958,
              3.146402
            ]
          ]
        ]
      },
      "id": "way/1540059254"
    },
    {
      "type": "Feature",
      "properties": {
        "@id": "way/1540059255",
        "addr:housenumber": "82",
        "addr:street": "Jalan Alor",
        "building": "retail"
      },
      "geometry": {
        "type": "Polygon",
        "coordinates": [
          [
            [
              101.7089236,
              3.1463602
            ],
            [
              101.7091106,
              3.1462071
            ],
            [
              101.7091181,
              3.146201
            ],
            [
              101.7091525,
              3.1462428
            ],
            [
              101.708958,
              3.146402
            ],
            [
              101.7089236,
              3.1463602
            ]
          ]
        ]
      },
      "id": "way/1540059255"
    },
    {
      "type": "Feature",
      "properties": {
        "@id": "way/1540059256",
        "addr:housenumber": "80",
        "addr:street": "Jalan Alor",
        "building": "retail"
      },
      "geometry": {
        "type": "Polygon",
        "coordinates": [
          [
            [
              101.7088901,
              3.1463194
            ],
            [
              101.7090701,
              3.146172
            ],
            [
              101.7090771,
              3.1461664
            ],
            [
              101.7091106,
              3.1462071
            ],
            [
              101.7089236,
              3.1463602
            ],
            [
              101.7088901,
              3.1463194
            ]
          ]
        ]
      },
      "id": "way/1540059256"
    },
    {
      "type": "Feature",
      "properties": {
        "@id": "way/1540059257",
        "addr:housenumber": "78",
        "addr:street": "Jalan Alor",
        "building": "retail"
      },
      "geometry": {
        "type": "Polygon",
        "coordinates": [
          [
            [
              101.708854,
              3.1462754
            ],
            [
              101.7090255,
              3.146135
            ],
            [
              101.709034,
              3.146128
            ],
            [
              101.7090701,
              3.146172
            ],
            [
              101.7088901,
              3.1463194
            ],
            [
              101.708854,
              3.1462754
            ]
          ]
        ]
      },
      "id": "way/1540059257"
    },
    {
      "type": "Feature",
      "properties": {
        "@id": "way/1540059258",
        "addr:housenumber": "76",
        "addr:street": "Jalan Alor",
        "building": "retail"
      },
      "geometry": {
        "type": "Polygon",
        "coordinates": [
          [
            [
              101.7088215,
              3.1462357
            ],
            [
              101.708986,
              3.1461014
            ],
            [
              101.7089927,
              3.146095
            ],
            [
              101.7090255,
              3.146135
            ],
            [
              101.708854,
              3.1462754
            ],
            [
              101.7088215,
              3.1462357
            ]
          ]
        ]
      },
      "id": "way/1540059258"
    },
    {
      "type": "Feature",
      "properties": {
        "@id": "way/1540059259",
        "addr:housenumber": "70",
        "addr:street": "Jalan Alor",
        "building": "retail"
      },
      "geometry": {
        "type": "Polygon",
        "coordinates": [
          [
            [
              101.7088541,
              3.1459754
            ],
            [
              101.7088962,
              3.1460097
            ],
            [
              101.7087519,
              3.1461892
            ],
            [
              101.7087097,
              3.146155
            ],
            [
              101.7088541,
              3.1459754
            ]
          ]
        ]
      },
      "id": "way/1540059259"
    },
    {
      "type": "Feature",
      "properties": {
        "@id": "way/1540059260",
        "addr:housenumber": "68",
        "addr:street": "Jalan Alor",
        "building": "retail"
      },
      "geometry": {
        "type": "Polygon",
        "coordinates": [
          [
            [
              101.7088095,
              3.1459393
            ],
            [
              101.7088541,
              3.1459754
            ],
            [
              101.7087097,
              3.146155
            ],
            [
              101.7086651,
              3.1461188
            ],
            [
              101.7088095,
              3.1459393
            ]
          ]
        ]
      },
      "id": "way/1540059260"
    },
    {
      "type": "Feature",
      "properties": {
        "@id": "way/1540059261",
        "addr:housenumber": "66",
        "addr:street": "Jalan Alor",
        "building": "retail"
      },
      "geometry": {
        "type": "Polygon",
        "coordinates": [
          [
            [
              101.7087641,
              3.1459024
            ],
            [
              101.7088095,
              3.1459393
            ],
            [
              101.7086651,
              3.1461188
            ],
            [
              101.7086197,
              3.1460819
            ],
            [
              101.7087641,
              3.1459024
            ]
          ]
        ]
      },
      "id": "way/1540059261"
    },
    {
      "type": "Feature",
      "properties": {
        "@id": "way/1540059262",
        "addr:housenumber": "64",
        "addr:street": "Jalan Alor",
        "building": "retail"
      },
      "geometry": {
        "type": "Polygon",
        "coordinates": [
          [
            [
              101.7087165,
              3.1458637
            ],
            [
              101.7087641,
              3.1459024
            ],
            [
              101.7086197,
              3.1460819
            ],
            [
              101.7085721,
              3.1460433
            ],
            [
              101.7087165,
              3.1458637
            ]
          ]
        ]
      },
      "id": "way/1540059262"
    },
    {
      "type": "Feature",
      "properties": {
        "@id": "way/1540059263",
        "addr:housenumber": "62",
        "addr:street": "Jalan Alor",
        "building": "retail"
      },
      "geometry": {
        "type": "Polygon",
        "coordinates": [
          [
            [
              101.7086719,
              3.1458275
            ],
            [
              101.7087165,
              3.1458637
            ],
            [
              101.7085721,
              3.1460433
            ],
            [
              101.7085275,
              3.1460071
            ],
            [
              101.7086719,
              3.1458275
            ]
          ]
        ]
      },
      "id": "way/1540059263"
    },
    {
      "type": "Feature",
      "properties": {
        "@id": "way/1540059264",
        "addr:housenumber": "72",
        "addr:street": "Jalan Alor",
        "building": "retail"
      },
      "geometry": {
        "type": "Polygon",
        "coordinates": [
          [
            [
              101.7087519,
              3.1461892
            ],
            [
              101.7088962,
              3.1460097
            ],
            [
              101.7089559,
              3.1460584
            ],
            [
              101.7087921,
              3.1462001
            ],
            [
              101.7087795,
              3.1462113
            ],
            [
              101.7087519,
              3.1461892
            ]
          ]
        ]
      },
      "id": "way/1540059264"
    },
    {
      "type": "Feature",
      "properties": {
        "@id": "way/1540059265",
        "addr:housenumber": "60",
        "addr:street": "Jalan Alor",
        "building": "retail"
      },
      "geometry": {
        "type": "Polygon",
        "coordinates": [
          [
            [
              101.7086265,
              3.1457906
            ],
            [
              101.7086719,
              3.1458275
            ],
            [
              101.7085275,
              3.1460071
            ],
            [
              101.7084821,
              3.1459702
            ],
            [
              101.7086265,
              3.1457906
            ]
          ]
        ]
      },
      "id": "way/1540059265"
    },
    {
      "type": "Feature",
      "properties": {
        "@id": "way/1540160434",
        "building": "shed"
      },
      "geometry": {
        "type": "Polygon",
        "coordinates": [
          [
            [
              101.7086851,
              3.1463268
            ],
            [
              101.7087072,
              3.1463048
            ],
            [
              101.7087464,
              3.1463442
            ],
            [
              101.7087243,
              3.1463661
            ],
            [
              101.7086851,
              3.1463268
            ]
          ]
        ]
      },
      "id": "way/1540160434"
    },
    {
      "type": "Feature",
      "properties": {
        "@id": "way/1540181816",
        "building": "roof",
        "layer": "1"
      },
      "geometry": {
        "type": "Polygon",
        "coordinates": [
          [
            [
              101.7083585,
              3.1453492
            ],
            [
              101.7083134,
              3.1453139
            ],
            [
              101.7083429,
              3.1452763
            ],
            [
              101.7083876,
              3.1453115
            ],
            [
              101.7083596,
              3.1453477
            ],
            [
              101.7083585,
              3.1453492
            ]
          ]
        ]
      },
      "id": "way/1540181816"
    },
    {
      "type": "Feature",
      "properties": {
        "@id": "way/1540181817",
        "building": "roof",
        "layer": "1"
      },
      "geometry": {
        "type": "Polygon",
        "coordinates": [
          [
            [
              101.7084487,
              3.1454197
            ],
            [
              101.7083596,
              3.1453477
            ],
            [
              101.7083876,
              3.1453115
            ],
            [
              101.7084331,
              3.1453468
            ],
            [
              101.708478,
              3.1453821
            ],
            [
              101.7084487,
              3.1454197
            ]
          ]
        ]
      },
      "id": "way/1540181817"
    },
    {
      "type": "Feature",
      "properties": {
        "@id": "way/1540181818",
        "building": "roof",
        "layer": "1"
      },
      "geometry": {
        "type": "Polygon",
        "coordinates": [
          [
            [
              101.7085389,
              3.1454902
            ],
            [
              101.7084487,
              3.1454197
            ],
            [
              101.708478,
              3.1453821
            ],
            [
              101.7085233,
              3.1454174
            ],
            [
              101.7085684,
              3.1454526
            ],
            [
              101.7085389,
              3.1454902
            ]
          ]
        ]
      },
      "id": "way/1540181818"
    },
    {
      "type": "Feature",
      "properties": {
        "@id": "way/1540181819",
        "building": "roof",
        "layer": "1"
      },
      "geometry": {
        "type": "Polygon",
        "coordinates": [
          [
            [
              101.7086742,
              3.1455959
            ],
            [
              101.7085389,
              3.1454902
            ],
            [
              101.7085684,
              3.1454526
            ],
            [
              101.7086137,
              3.1454879
            ],
            [
              101.7086586,
              3.1455231
            ],
            [
              101.7087037,
              3.1455583
            ],
            [
              101.7086742,
              3.1455959
            ]
          ]
        ]
      },
      "id": "way/1540181819"
    },
    {
      "type": "Feature",
      "properties": {
        "@id": "way/1540181820",
        "building": "roof",
        "layer": "1"
      },
      "geometry": {
        "type": "Polygon",
        "coordinates": [
          [
            [
              101.7087193,
              3.1456312
            ],
            [
              101.7086742,
              3.1455959
            ],
            [
              101.7087037,
              3.1455583
            ],
            [
              101.7087488,
              3.1455936
            ],
            [
              101.7087193,
              3.1456312
            ]
          ]
        ]
      },
      "id": "way/1540181820"
    },
    {
      "type": "Feature",
      "properties": {
        "@id": "way/1540181821",
        "building": "roof",
        "layer": "1"
      },
      "geometry": {
        "type": "Polygon",
        "coordinates": [
          [
            [
              101.7087488,
              3.1455936
            ],
            [
              101.7087936,
              3.1456285
            ],
            [
              101.7087635,
              3.1456667
            ],
            [
              101.7087193,
              3.1456312
            ],
            [
              101.7087488,
              3.1455936
            ]
          ]
        ]
      },
      "id": "way/1540181821"
    },
    {
      "type": "Feature",
      "properties": {
        "@id": "way/1540181822",
        "building": "roof",
        "layer": "1"
      },
      "geometry": {
        "type": "Polygon",
        "coordinates": [
          [
            [
              101.7089456,
              3.1458066
            ],
            [
              101.7087635,
              3.1456667
            ],
            [
              101.7087936,
              3.1456285
            ],
            [
              101.7088398,
              3.1456643
            ],
            [
              101.7088879,
              3.1457018
            ],
            [
              101.7089303,
              3.1457349
            ],
            [
              101.7089748,
              3.1457692
            ],
            [
              101.7089456,
              3.1458066
            ]
          ]
        ]
      },
      "id": "way/1540181822"
    },
    {
      "type": "Feature",
      "properties": {
        "@id": "way/1540181823",
        "building": "roof",
        "layer": "1"
      },
      "geometry": {
        "type": "Polygon",
        "coordinates": [
          [
            [
              101.7091564,
              3.1459105
            ],
            [
              101.7091272,
              3.1459479
            ],
            [
              101.7089456,
              3.1458066
            ],
            [
              101.7089748,
              3.1457692
            ],
            [
              101.7090209,
              3.1458051
            ],
            [
              101.7090663,
              3.1458404
            ],
            [
              101.7091115,
              3.1458756
            ],
            [
              101.7091564,
              3.1459105
            ]
          ]
        ]
      },
      "id": "way/1540181823"
    },
    {
      "type": "Feature",
      "properties": {
        "@id": "way/1540181824",
        "building": "roof",
        "layer": "1"
      },
      "geometry": {
        "type": "Polygon",
        "coordinates": [
          [
            [
              101.7096087,
              3.1462641
            ],
            [
              101.709651,
              3.1463001
            ],
            [
              101.7096206,
              3.1463384
            ],
            [
              101.7095757,
              3.1463029
            ],
            [
              101.7096087,
              3.1462641
            ]
          ]
        ]
      },
      "id": "way/1540181824"
    },
    {
      "type": "Feature",
      "properties": {
        "@id": "way/1540181825",
        "building": "roof",
        "layer": "1"
      },
      "geometry": {
        "type": "Polygon",
        "coordinates": [
          [
            [
              101.7095634,
              3.1462288
            ],
            [
              101.7096087,
              3.1462641
            ],
            [
              101.7095757,
              3.1463029
            ],
            [
              101.7095309,
              3.1462673
            ],
            [
              101.7095634,
              3.1462288
            ]
          ]
        ]
      },
      "id": "way/1540181825"
    },
    {
      "type": "Feature",
      "properties": {
        "@id": "way/1540181826",
        "building": "roof",
        "layer": "1"
      },
      "geometry": {
        "type": "Polygon",
        "coordinates": [
          [
            [
              101.7094278,
              3.146123
            ],
            [
              101.709473,
              3.1461582
            ],
            [
              101.7095182,
              3.1461935
            ],
            [
              101.7095634,
              3.1462288
            ],
            [
              101.7095309,
              3.1462673
            ],
            [
              101.7094412,
              3.1461963
            ],
            [
              101.7093963,
              3.1461607
            ],
            [
              101.7094278,
              3.146123
            ]
          ]
        ]
      },
      "id": "way/1540181826"
    },
    {
      "type": "Feature",
      "properties": {
        "@id": "way/1540181827",
        "building": "roof",
        "layer": "1"
      },
      "geometry": {
        "type": "Polygon",
        "coordinates": [
          [
            [
              101.7093373,
              3.1460524
            ],
            [
              101.7093825,
              3.1460877
            ],
            [
              101.7094278,
              3.146123
            ],
            [
              101.7093963,
              3.1461607
            ],
            [
              101.7093066,
              3.1460896
            ],
            [
              101.7093373,
              3.1460524
            ]
          ]
        ]
      },
      "id": "way/1540181827"
    },
    {
      "type": "Feature",
      "properties": {
        "@id": "way/1540181828",
        "building": "roof",
        "layer": "1"
      },
      "geometry": {
        "type": "Polygon",
        "coordinates": [
          [
            [
              101.7092921,
              3.1460171
            ],
            [
              101.7093373,
              3.1460524
            ],
            [
              101.7093066,
              3.1460896
            ],
            [
              101.7092618,
              3.1460541
            ],
            [
              101.7092921,
              3.1460171
            ]
          ]
        ]
      },
      "id": "way/1540181828"
    },
    {
      "type": "Feature",
      "properties": {
        "@id": "way/1540181829",
        "building": "roof",
        "layer": "1"
      },
      "geometry": {
        "type": "Polygon",
        "coordinates": [
          [
            [
              101.7091564,
              3.1459105
            ],
            [
              101.7092016,
              3.1459466
            ],
            [
              101.7092469,
              3.1459818
            ],
            [
              101.7092921,
              3.1460171
            ],
            [
              101.7092618,
              3.1460541
            ],
            [
              101.7091272,
              3.1459479
            ],
            [
              101.7091564,
              3.1459105
            ]
          ]
        ]
      },
      "id": "way/1540181829"
    },
    {
      "type": "Feature",
      "properties": {
        "@id": "way/1540181830",
        "building": "roof",
        "layer": "1"
      },
      "geometry": {
        "type": "Polygon",
        "coordinates": [
          [
            [
              101.709651,
              3.1463001
            ],
            [
              101.7096711,
              3.1463099
            ],
            [
              101.7097339,
              3.1462856
            ],
            [
              101.7096612,
              3.1463714
            ],
            [
              101.7096206,
              3.1463384
            ],
            [
              101.709651,
              3.1463001
            ]
          ]
        ]
      },
      "id": "way/1540181830"
    },
    {
      "type": "Feature",
      "properties": {
        "@id": "way/1540182705",
        "addr:housenumber": "8",
        "addr:street": "Jalan Rembia",
        "building": "yes"
      },
      "geometry": {
        "type": "Polygon",
        "coordinates": [
          [
            [
              101.7086924,
              3.1465015
            ],
            [
              101.7087928,
              3.1467109
            ],
            [
              101.7087432,
              3.1467346
            ],
            [
              101.7086429,
              3.1465252
            ],
            [
              101.7086924,
              3.1465015
            ]
          ]
        ]
      },
      "id": "way/1540182705"
    },
    {
      "type": "Feature",
      "properties": {
        "@id": "way/1540182706",
        "addr:housenumber": "12",
        "addr:street": "Jalan Rembia",
        "building": "yes"
      },
      "geometry": {
        "type": "Polygon",
        "coordinates": [
          [
            [
              101.7088392,
              3.1466887
            ],
            [
              101.7087389,
              3.1464793
            ],
            [
              101.7087838,
              3.1464578
            ],
            [
              101.7087904,
              3.1464715
            ],
            [
              101.7088841,
              3.1466672
            ],
            [
              101.7088392,
              3.1466887
            ]
          ]
        ]
      },
      "id": "way/1540182706"
    },
    {
      "type": "Feature",
      "properties": {
        "@id": "way/1540182707",
        "addr:housenumber": "13",
        "addr:street": "Jalan Rembia",
        "building": "yes"
      },
      "geometry": {
        "type": "Polygon",
        "coordinates": [
          [
            [
              101.7086076,
              3.1462841
            ],
            [
              101.7084483,
              3.1461387
            ],
            [
              101.7084866,
              3.1460969
            ],
            [
              101.7086459,
              3.1462424
            ],
            [
              101.7086076,
              3.1462841
            ]
          ]
        ]
      },
      "id": "way/1540182707"
    },
    {
      "type": "Feature",
      "properties": {
        "@id": "way/1540182708",
        "addr:housenumber": "11",
        "addr:street": "Jalan Rembia",
        "building": "yes"
      },
      "geometry": {
        "type": "Polygon",
        "coordinates": [
          [
            [
              101.7085693,
              3.1463259
            ],
            [
              101.70841,
              3.1461804
            ],
            [
              101.7084483,
              3.1461387
            ],
            [
              101.7086076,
              3.1462841
            ],
            [
              101.7085693,
              3.1463259
            ]
          ]
        ]
      },
      "id": "way/1540182708"
    },
    {
      "type": "Feature",
      "properties": {
        "@id": "way/1540182709",
        "addr:housenumber": "9",
        "addr:street": "Jalan Rembia",
        "building": "yes"
      },
      "geometry": {
        "type": "Polygon",
        "coordinates": [
          [
            [
              101.7085311,
              3.1463677
            ],
            [
              101.7083718,
              3.1462222
            ],
            [
              101.70841,
              3.1461804
            ],
            [
              101.7085693,
              3.1463259
            ],
            [
              101.7085311,
              3.1463677
            ]
          ]
        ]
      },
      "id": "way/1540182709"
    },
    {
      "type": "Feature",
      "properties": {
        "@id": "way/1540182710",
        "addr:housenumber": "7",
        "addr:street": "Jalan Rembia",
        "building": "yes"
      },
      "geometry": {
        "type": "Polygon",
        "coordinates": [
          [
            [
              101.7084928,
              3.1464095
            ],
            [
              101.7083335,
              3.146264
            ],
            [
              101.7083718,
              3.1462222
            ],
            [
              101.7085311,
              3.1463677
            ],
            [
              101.7084928,
              3.1464095
            ]
          ]
        ]
      },
      "id": "way/1540182710"
    },
    {
      "type": "Feature",
      "properties": {
        "@id": "way/1540182711",
        "addr:housenumber": "5",
        "addr:street": "Jalan Rembia",
        "building": "yes"
      },
      "geometry": {
        "type": "Polygon",
        "coordinates": [
          [
            [
              101.7084545,
              3.1464512
            ],
            [
              101.7082952,
              3.1463058
            ],
            [
              101.7083335,
              3.146264
            ],
            [
              101.7084928,
              3.1464095
            ],
            [
              101.7084545,
              3.1464512
            ]
          ]
        ]
      },
      "id": "way/1540182711"
    },
    {
      "type": "Feature",
      "properties": {
        "@id": "way/1540182712",
        "addr:housenumber": "3",
        "addr:street": "Jalan Rembia",
        "building": "yes"
      },
      "geometry": {
        "type": "Polygon",
        "coordinates": [
          [
            [
              101.7084162,
              3.146493
            ],
            [
              101.708257,
              3.1463476
            ],
            [
              101.7082952,
              3.1463058
            ],
            [
              101.7084545,
              3.1464512
            ],
            [
              101.7084162,
              3.146493
            ]
          ]
        ]
      },
      "id": "way/1540182712"
    },
    {
      "type": "Feature",
      "properties": {
        "@id": "way/1540183522",
        "building": "roof",
        "layer": "1"
      },
      "geometry": {
        "type": "Polygon",
        "coordinates": [
          [
            [
              101.7094044,
              3.1463783
            ],
            [
              101.7094297,
              3.1463467
            ],
            [
              101.7095586,
              3.1464496
            ],
            [
              101.7095084,
              3.1465123
            ],
            [
              101.7094409,
              3.1464585
            ],
            [
              101.7094659,
              3.1464274
            ],
            [
              101.7094044,
              3.1463783
            ]
          ]
        ]
      },
      "id": "way/1540183522"
    },
    {
      "type": "Feature",
      "properties": {
        "@id": "way/1540183523",
        "building": "yes"
      },
      "geometry": {
        "type": "Polygon",
        "coordinates": [
          [
            [
              101.7094201,
              3.1464483
            ],
            [
              101.7093693,
              3.1464077
            ],
            [
              101.7093874,
              3.146385
            ],
            [
              101.7094383,
              3.1464256
            ],
            [
              101.7094201,
              3.1464483
            ]
          ]
        ]
      },
      "id": "way/1540183523"
    },
    {
      "type": "Feature",
      "properties": {
        "@id": "way/1540183524",
        "addr:housenumber": "77",
        "addr:street": "Changkat Bukit Bintang",
        "building": "yes"
      },
      "geometry": {
        "type": "Polygon",
        "coordinates": [
          [
            [
              101.7092841,
              3.1464787
            ],
            [
              101.7093291,
              3.1464438
            ],
            [
              101.7094483,
              3.1466285
            ],
            [
              101.7094011,
              3.1466631
            ],
            [
              101.7092841,
              3.1464787
            ]
          ]
        ]
      },
      "id": "way/1540183524"
    },
    {
      "type": "Feature",
      "properties": {
        "@id": "way/1540183525",
        "addr:housenumber": "75",
        "addr:street": "Changkat Bukit Bintang",
        "building": "yes"
      },
      "geometry": {
        "type": "Polygon",
        "coordinates": [
          [
            [
              101.709239,
              3.1465136
            ],
            [
              101.7092841,
              3.1464787
            ],
            [
              101.7094011,
              3.1466631
            ],
            [
              101.7093522,
              3.1466958
            ],
            [
              101.709239,
              3.1465136
            ]
          ]
        ]
      },
      "id": "way/1540183525"
    },
    {
      "type": "Feature",
      "properties": {
        "@id": "way/1540183526",
        "addr:housenumber": "73",
        "addr:street": "Changkat Bukit Bintang",
        "building": "yes"
      },
      "geometry": {
        "type": "Polygon",
        "coordinates": [
          [
            [
              101.709194,
              3.1465485
            ],
            [
              101.709239,
              3.1465136
            ],
            [
              101.7093522,
              3.1466958
            ],
            [
              101.709302,
              3.1467263
            ],
            [
              101.709194,
              3.1465485
            ]
          ]
        ]
      },
      "id": "way/1540183526"
    },
    {
      "type": "Feature",
      "properties": {
        "@id": "way/1540183527",
        "addr:housenumber": "71",
        "addr:street": "Changkat Bukit Bintang",
        "building": "yes"
      },
      "geometry": {
        "type": "Polygon",
        "coordinates": [
          [
            [
              101.709149,
              3.1465833
            ],
            [
              101.709194,
              3.1465485
            ],
            [
              101.709302,
              3.1467263
            ],
            [
              101.7092505,
              3.1467546
            ],
            [
              101.709149,
              3.1465833
            ]
          ]
        ]
      },
      "id": "way/1540183527"
    },
    {
      "type": "Feature",
      "properties": {
        "@id": "way/1540183528",
        "addr:housenumber": "69",
        "addr:street": "Changkat Bukit Bintang",
        "building": "yes"
      },
      "geometry": {
        "type": "Polygon",
        "coordinates": [
          [
            [
              101.7091013,
              3.1466146
            ],
            [
              101.709149,
              3.1465833
            ],
            [
              101.7092505,
              3.1467546
            ],
            [
              101.7091979,
              3.1467807
            ],
            [
              101.7091013,
              3.1466146
            ]
          ]
        ]
      },
      "id": "way/1540183528"
    },
    {
      "type": "Feature",
      "properties": {
        "@id": "way/1540184036",
        "building": "roof"
      },
      "geometry": {
        "type": "Polygon",
        "coordinates": [
          [
            [
              101.7096779,
              3.1467372
            ],
            [
              101.7096569,
              3.1466603
            ],
            [
              101.7096978,
              3.1466127
            ],
            [
              101.7097227,
              3.1467122
            ],
            [
              101.7096779,
              3.1467372
            ]
          ]
        ]
      },
      "id": "way/1540184036"
    },
    {
      "type": "Feature",
      "properties": {
        "@id": "way/1540184037",
        "building": "roof"
      },
      "geometry": {
        "type": "Polygon",
        "coordinates": [
          [
            [
              101.7096384,
              3.1467605
            ],
            [
              101.7096243,
              3.1466945
            ],
            [
              101.7096569,
              3.1466603
            ],
            [
              101.7096779,
              3.1467372
            ],
            [
              101.7096384,
              3.1467605
            ]
          ]
        ]
      },
      "id": "way/1540184037"
    },
    {
      "type": "Feature",
      "properties": {
        "@id": "way/1540184038",
        "building": "roof"
      },
      "geometry": {
        "type": "Polygon",
        "coordinates": [
          [
            [
              101.7095309,
              3.1467607
            ],
            [
              101.7095784,
              3.1467305
            ],
            [
              101.7095897,
              3.1467878
            ],
            [
              101.7095409,
              3.1468151
            ],
            [
              101.7095309,
              3.1467607
            ]
          ]
        ]
      },
      "id": "way/1540184038"
    },
    {
      "type": "Feature",
      "properties": {
        "@id": "way/1540184039",
        "addr:housenumber": "94",
        "addr:street": "Changkat Bukit Bintang",
        "building": "yes"
      },
      "geometry": {
        "type": "Polygon",
        "coordinates": [
          [
            [
              101.7096384,
              3.1467605
            ],
            [
              101.7096779,
              3.1467372
            ],
            [
              101.7097157,
              3.1468894
            ],
            [
              101.7096745,
              3.1469094
            ],
            [
              101.7096384,
              3.1467605
            ]
          ]
        ]
      },
      "id": "way/1540184039"
    },
    {
      "type": "Feature",
      "properties": {
        "@id": "way/1540184040",
        "addr:housenumber": "92",
        "addr:street": "Changkat Bukit Bintang",
        "building": "yes"
      },
      "geometry": {
        "type": "Polygon",
        "coordinates": [
          [
            [
              101.7095897,
              3.1467878
            ],
            [
              101.7096384,
              3.1467605
            ],
            [
              101.7096745,
              3.1469094
            ],
            [
              101.7096238,
              3.1469334
            ],
            [
              101.7095897,
              3.1467878
            ]
          ]
        ]
      },
      "id": "way/1540184040"
    },
    {
      "type": "Feature",
      "properties": {
        "@id": "way/1540184041",
        "addr:housenumber": "90",
        "addr:street": "Changkat Bukit Bintang",
        "building": "yes"
      },
      "geometry": {
        "type": "Polygon",
        "coordinates": [
          [
            [
              101.7095409,
              3.1468151
            ],
            [
              101.7095897,
              3.1467878
            ],
            [
              101.7096238,
              3.1469334
            ],
            [
              101.7095732,
              3.1469575
            ],
            [
              101.7095409,
              3.1468151
            ]
          ]
        ]
      },
      "id": "way/1540184041"
    },
    {
      "type": "Feature",
      "properties": {
        "@id": "way/1540383365",
        "addr:housenumber": "69",
        "addr:street": "Jalan Berangan",
        "building": "yes"
      },
      "geometry": {
        "type": "Polygon",
        "coordinates": [
          [
            [
              101.7095538,
              3.1470376
            ],
            [
              101.7096148,
              3.1470101
            ],
            [
              101.7096177,
              3.1471996
            ],
            [
              101.7095617,
              3.1472015
            ],
            [
              101.7095538,
              3.1470376
            ]
          ]
        ]
      },
      "id": "way/1540383365"
    },
    {
      "type": "Feature",
      "properties": {
        "@id": "way/1540730538",
        "addr:housenumber": "81",
        "addr:street": "Jalan Berangan",
        "building": "yes"
      },
      "geometry": {
        "type": "Polygon",
        "coordinates": [
          [
            [
              101.7099431,
              3.1472016
            ],
            [
              101.7099401,
              3.1469862
            ],
            [
              101.7099974,
              3.1469854
            ],
            [
              101.7100005,
              3.1472008
            ],
            [
              101.7099431,
              3.1472016
            ]
          ]
        ]
      },
      "id": "way/1540730538"
    },
    {
      "type": "Feature",
      "properties": {
        "@id": "way/1540730539",
        "addr:housenumber": "79",
        "addr:street": "Jalan Berangan",
        "building": "yes"
      },
      "geometry": {
        "type": "Polygon",
        "coordinates": [
          [
            [
              101.7098858,
              3.1472024
            ],
            [
              101.7098827,
              3.146987
            ],
            [
              101.7099401,
              3.1469862
            ],
            [
              101.7099431,
              3.1472016
            ],
            [
              101.7098858,
              3.1472024
            ]
          ]
        ]
      },
      "id": "way/1540730539"
    },
    {
      "type": "Feature",
      "properties": {
        "@id": "way/1541212612",
        "addr:housenumber": "75",
        "addr:street": "Jalan Berangan",
        "building": "yes"
      },
      "geometry": {
        "type": "Polygon",
        "coordinates": [
          [
            [
              101.7097424,
              3.1469525
            ],
            [
              101.7097976,
              3.1469277
            ],
            [
              101.7098073,
              3.1471939
            ],
            [
              101.7097419,
              3.1471952
            ],
            [
              101.7097424,
              3.1469525
            ]
          ]
        ]
      },
      "id": "way/1541212612"
    },
    {
      "type": "Feature",
      "properties": {
        "@id": "way/1541212613",
        "addr:housenumber": "73",
        "addr:street": "Jalan Berangan",
        "building": "yes"
      },
      "geometry": {
        "type": "Polygon",
        "coordinates": [
          [
            [
              101.7096776,
              3.1469817
            ],
            [
              101.7097424,
              3.1469525
            ],
            [
              101.7097419,
              3.1471952
            ],
            [
              101.7096825,
              3.1471977
            ],
            [
              101.7096776,
              3.1469817
            ]
          ]
        ]
      },
      "id": "way/1541212613"
    },
    {
      "type": "Feature",
      "properties": {
        "@id": "way/1541212614",
        "addr:housenumber": "71",
        "addr:street": "Jalan Berangan",
        "building": "yes"
      },
      "geometry": {
        "type": "Polygon",
        "coordinates": [
          [
            [
              101.7096148,
              3.1470101
            ],
            [
              101.7096776,
              3.1469817
            ],
            [
              101.7096825,
              3.1471977
            ],
            [
              101.7096177,
              3.1471996
            ],
            [
              101.7096148,
              3.1470101
            ]
          ]
        ]
      },
      "id": "way/1541212614"
    },
    {
      "type": "Feature",
      "properties": {
        "@id": "way/1541269113",
        "addr:housenumber": "6",
        "addr:street": "Jalan Beremi",
        "building": "yes"
      },
      "geometry": {
        "type": "Polygon",
        "coordinates": [
          [
            [
              101.7099203,
              3.1474785
            ],
            [
              101.7099526,
              3.1475291
            ],
            [
              101.7098106,
              3.1476197
            ],
            [
              101.7097782,
              3.147569
            ],
            [
              101.7099203,
              3.1474785
            ]
          ]
        ]
      },
      "id": "way/1541269113"
    },
    {
      "type": "Feature",
      "properties": {
        "@id": "way/1541269114",
        "addr:housenumber": "63",
        "addr:street": "Jalan Berangan",
        "building": "yes"
      },
      "geometry": {
        "type": "Polygon",
        "coordinates": [
          [
            [
              101.7094211,
              3.1472692
            ],
            [
              101.7093439,
              3.1471434
            ],
            [
              101.7094035,
              3.147107
            ],
            [
              101.7094806,
              3.1472328
            ],
            [
              101.7094211,
              3.1472692
            ]
          ]
        ]
      },
      "id": "way/1541269114"
    },
    {
      "type": "Feature",
      "properties": {
        "@id": "way/1541269115",
        "addr:housenumber": "61",
        "addr:street": "Jalan Berangan",
        "building": "yes"
      },
      "geometry": {
        "type": "Polygon",
        "coordinates": [
          [
            [
              101.7093682,
              3.1473013
            ],
            [
              101.7092911,
              3.1471754
            ],
            [
              101.7093439,
              3.1471434
            ],
            [
              101.7094211,
              3.1472692
            ],
            [
              101.7093682,
              3.1473013
            ]
          ]
        ]
      },
      "id": "way/1541269115"
    },
    {
      "type": "Feature",
      "properties": {
        "@id": "way/1541269116",
        "addr:housenumber": "59",
        "addr:street": "Jalan Berangan",
        "building": "yes"
      },
      "geometry": {
        "type": "Polygon",
        "coordinates": [
          [
            [
              101.7093131,
              3.1473346
            ],
            [
              101.7092359,
              3.1472088
            ],
            [
              101.7092911,
              3.1471754
            ],
            [
              101.7093682,
              3.1473013
            ],
            [
              101.7093131,
              3.1473346
            ]
          ]
        ]
      },
      "id": "way/1541269116"
    },
    {
      "type": "Feature",
      "properties": {
        "@id": "way/1541269117",
        "building": "yes"
      },
      "geometry": {
        "type": "Polygon",
        "coordinates": [
          [
            [
              101.7093131,
              3.1473346
            ],
            [
              101.709248,
              3.1473762
            ],
            [
              101.7091943,
              3.1472343
            ],
            [
              101.7092359,
              3.1472088
            ],
            [
              101.7093131,
              3.1473346
            ]
          ]
        ]
      },
      "id": "way/1541269117"
    },
    {
      "type": "Feature",
      "properties": {
        "@id": "way/1541271292",
        "addr:housenumber": "31",
        "addr:street": "Jalan Berangan",
        "building": "yes"
      },
      "geometry": {
        "type": "Polygon",
        "coordinates": [
          [
            [
              101.7082745,
              3.1477449
            ],
            [
              101.7083257,
              3.1477212
            ],
            [
              101.7084106,
              3.1479041
            ],
            [
              101.7083594,
              3.1479278
            ],
            [
              101.7082745,
              3.1477449
            ]
          ]
        ]
      },
      "id": "way/1541271292"
    },
    {
      "type": "Feature",
      "properties": {
        "@id": "way/1541271293",
        "addr:housenumber": "29",
        "addr:street": "Jalan Berangan",
        "building": "yes"
      },
      "geometry": {
        "type": "Polygon",
        "coordinates": [
          [
            [
              101.7082233,
              3.1477685
            ],
            [
              101.7082745,
              3.1477449
            ],
            [
              101.7083594,
              3.1479278
            ],
            [
              101.7083082,
              3.1479515
            ],
            [
              101.7082233,
              3.1477685
            ]
          ]
        ]
      },
      "id": "way/1541271293"
    },
    {
      "type": "Feature",
      "properties": {
        "@id": "way/1541271294",
        "addr:housenumber": "27",
        "addr:street": "Jalan Berangan",
        "building": "yes"
      },
      "geometry": {
        "type": "Polygon",
        "coordinates": [
          [
            [
              101.7081721,
              3.1477922
            ],
            [
              101.7082233,
              3.1477685
            ],
            [
              101.7083082,
              3.1479515
            ],
            [
              101.708257,
              3.1479751
            ],
            [
              101.7081721,
              3.1477922
            ]
          ]
        ]
      },
      "id": "way/1541271294"
    },
    {
      "type": "Feature",
      "properties": {
        "@id": "way/1541271295",
        "addr:housenumber": "25",
        "addr:street": "Jalan Berangan",
        "building": "yes"
      },
      "geometry": {
        "type": "Polygon",
        "coordinates": [
          [
            [
              101.7081209,
              3.1478159
            ],
            [
              101.7081721,
              3.1477922
            ],
            [
              101.708257,
              3.1479751
            ],
            [
              101.7082058,
              3.1479988
            ],
            [
              101.7081209,
              3.1478159
            ]
          ]
        ]
      },
      "id": "way/1541271295"
    },
    {
      "type": "Feature",
      "properties": {
        "@id": "way/1541271296",
        "addr:housenumber": "23",
        "addr:street": "Jalan Berangan",
        "building": "yes"
      },
      "geometry": {
        "type": "Polygon",
        "coordinates": [
          [
            [
              101.7080697,
              3.1478396
            ],
            [
              101.7081209,
              3.1478159
            ],
            [
              101.7082058,
              3.1479988
            ],
            [
              101.7081546,
              3.1480225
            ],
            [
              101.7080697,
              3.1478396
            ]
          ]
        ]
      },
      "id": "way/1541271296"
    },
    {
      "type": "Feature",
      "properties": {
        "@id": "way/1541271297",
        "addr:housenumber": "21",
        "addr:street": "Jalan Berangan",
        "building": "yes"
      },
      "geometry": {
        "type": "Polygon",
        "coordinates": [
          [
            [
              101.7080186,
              3.1478633
            ],
            [
              101.7080697,
              3.1478396
            ],
            [
              101.7081546,
              3.1480225
            ],
            [
              101.7081035,
              3.1480462
            ],
            [
              101.7080186,
              3.1478633
            ]
          ]
        ]
      },
      "id": "way/1541271297"
    },
    {
      "type": "Feature",
      "properties": {
        "@id": "way/1541271298",
        "addr:housenumber": "34",
        "addr:street": "Jalan Berangan",
        "building": "yes"
      },
      "geometry": {
        "type": "Polygon",
        "coordinates": [
          [
            [
              101.7085935,
              3.1483055
            ],
            [
              101.7085004,
              3.1480908
            ],
            [
              101.7084767,
              3.1480505
            ],
            [
              101.7085337,
              3.148019
            ],
            [
              101.7085764,
              3.1480292
            ],
            [
              101.7086849,
              3.148266
            ],
            [
              101.7085935,
              3.1483055
            ]
          ]
        ]
      },
      "id": "way/1541271298"
    },
    {
      "type": "Feature",
      "properties": {
        "@id": "way/1541271299",
        "addr:housenumber": "32",
        "addr:street": "Jalan Berangan",
        "building": "retail"
      },
      "geometry": {
        "type": "Polygon",
        "coordinates": [
          [
            [
              101.7085431,
              3.1483273
            ],
            [
              101.70845,
              3.1481126
            ],
            [
              101.7085004,
              3.1480908
            ],
            [
              101.7085935,
              3.1483055
            ],
            [
              101.7085431,
              3.1483273
            ]
          ]
        ]
      },
      "id": "way/1541271299"
    },
    {
      "type": "Feature",
      "properties": {
        "@id": "way/1541271300",
        "addr:housenumber": "30",
        "addr:street": "Jalan Berangan",
        "building": "retail"
      },
      "geometry": {
        "type": "Polygon",
        "coordinates": [
          [
            [
              101.7084927,
              3.1483491
            ],
            [
              101.7083997,
              3.1481344
            ],
            [
              101.70845,
              3.1481126
            ],
            [
              101.7085431,
              3.1483273
            ],
            [
              101.7084927,
              3.1483491
            ]
          ]
        ]
      },
      "id": "way/1541271300"
    },
    {
      "type": "Feature",
      "properties": {
        "@id": "way/1541271301",
        "addr:housenumber": "28",
        "addr:street": "Jalan Berangan",
        "building": "retail"
      },
      "geometry": {
        "type": "Polygon",
        "coordinates": [
          [
            [
              101.7084424,
              3.1483708
            ],
            [
              101.7083493,
              3.1481561
            ],
            [
              101.7083997,
              3.1481344
            ],
            [
              101.7084927,
              3.1483491
            ],
            [
              101.7084424,
              3.1483708
            ]
          ]
        ]
      },
      "id": "way/1541271301"
    },
    {
      "type": "Feature",
      "properties": {
        "@id": "way/1541271302",
        "addr:housenumber": "26",
        "addr:street": "Jalan Berangan",
        "building": "retail"
      },
      "geometry": {
        "type": "Polygon",
        "coordinates": [
          [
            [
              101.708392,
              3.1483926
            ],
            [
              101.7082989,
              3.1481779
            ],
            [
              101.7083493,
              3.1481561
            ],
            [
              101.7084424,
              3.1483708
            ],
            [
              101.708392,
              3.1483926
            ]
          ]
        ]
      },
      "id": "way/1541271302"
    },
    {
      "type": "Feature",
      "properties": {
        "@id": "way/1541271303",
        "addr:housenumber": "24",
        "addr:street": "Jalan Berangan",
        "building": "retail"
      },
      "geometry": {
        "type": "Polygon",
        "coordinates": [
          [
            [
              101.7083416,
              3.1484144
            ],
            [
              101.7082486,
              3.1481997
            ],
            [
              101.7082989,
              3.1481779
            ],
            [
              101.708392,
              3.1483926
            ],
            [
              101.7083416,
              3.1484144
            ]
          ]
        ]
      },
      "id": "way/1541271303"
    },
    {
      "type": "Feature",
      "properties": {
        "@id": "way/1541271304",
        "addr:housenumber": "22",
        "addr:street": "Jalan Berangan",
        "building": "retail"
      },
      "geometry": {
        "type": "Polygon",
        "coordinates": [
          [
            [
              101.7082913,
              3.1484361
            ],
            [
              101.7081982,
              3.1482214
            ],
            [
              101.7082486,
              3.1481997
            ],
            [
              101.7083416,
              3.1484144
            ],
            [
              101.7082913,
              3.1484361
            ]
          ]
        ]
      },
      "id": "way/1541271304"
    },
    {
      "type": "Feature",
      "properties": {
        "@id": "way/1541271305",
        "addr:housenumber": "20",
        "addr:street": "Jalan Berangan",
        "building": "retail"
      },
      "geometry": {
        "type": "Polygon",
        "coordinates": [
          [
            [
              101.7082409,
              3.1484579
            ],
            [
              101.7081478,
              3.1482432
            ],
            [
              101.7081982,
              3.1482214
            ],
            [
              101.7082913,
              3.1484361
            ],
            [
              101.7082409,
              3.1484579
            ]
          ]
        ]
      },
      "id": "way/1541271305"
    },
    {
      "type": "Feature",
      "properties": {
        "@id": "way/1544379745",
        "addr:housenumber": "37",
        "addr:street": "Jalan Berangan",
        "building": "yes"
      },
      "geometry": {
        "type": "Polygon",
        "coordinates": [
          [
            [
              101.7087289,
              3.1477242
            ],
            [
              101.708635,
              3.1475516
            ],
            [
              101.7086909,
              3.1475199
            ],
            [
              101.7087736,
              3.1476735
            ],
            [
              101.7087855,
              3.1476935
            ],
            [
              101.7087289,
              3.1477242
            ]
          ]
        ]
      },
      "id": "way/1544379745"
    },
    {
      "type": "Feature",
      "properties": {
        "@id": "way/1544379746",
        "addr:housenumber": "55",
        "addr:street": "Jalan Berangan",
        "building": "yes"
      },
      "geometry": {
        "type": "Polygon",
        "coordinates": [
          [
            [
              101.7090881,
              3.1473065
            ],
            [
              101.7091664,
              3.1472642
            ],
            [
              101.7092181,
              3.1474333
            ],
            [
              101.7091708,
              3.1474601
            ],
            [
              101.7090881,
              3.1473065
            ]
          ]
        ]
      },
      "id": "way/1544379746"
    },
    {
      "type": "Feature",
      "properties": {
        "@id": "way/1544379747",
        "addr:housenumber": "53",
        "addr:street": "Jalan Berangan",
        "building": "yes"
      },
      "geometry": {
        "type": "Polygon",
        "coordinates": [
          [
            [
              101.7090401,
              3.1473323
            ],
            [
              101.7090881,
              3.1473065
            ],
            [
              101.7091708,
              3.1474601
            ],
            [
              101.7091229,
              3.1474858
            ],
            [
              101.7090401,
              3.1473323
            ]
          ]
        ]
      },
      "id": "way/1544379747"
    },
    {
      "type": "Feature",
      "properties": {
        "@id": "way/1544379748",
        "addr:housenumber": "51",
        "addr:street": "Jalan Berangan",
        "building": "yes"
      },
      "geometry": {
        "type": "Polygon",
        "coordinates": [
          [
            [
              101.7089922,
              3.147358
            ],
            [
              101.7090401,
              3.1473323
            ],
            [
              101.7091229,
              3.1474858
            ],
            [
              101.7090749,
              3.1475116
            ],
            [
              101.7089922,
              3.147358
            ]
          ]
        ]
      },
      "id": "way/1544379748"
    },
    {
      "type": "Feature",
      "properties": {
        "@id": "way/1544379749",
        "addr:housenumber": "49",
        "addr:street": "Jalan Berangan",
        "building": "yes"
      },
      "geometry": {
        "type": "Polygon",
        "coordinates": [
          [
            [
              101.7089442,
              3.1473838
            ],
            [
              101.7089922,
              3.147358
            ],
            [
              101.7090749,
              3.1475116
            ],
            [
              101.709027,
              3.1475374
            ],
            [
              101.7089442,
              3.1473838
            ]
          ]
        ]
      },
      "id": "way/1544379749"
    },
    {
      "type": "Feature",
      "properties": {
        "@id": "way/1544379750",
        "addr:housenumber": "47",
        "addr:street": "Jalan Berangan",
        "building": "yes"
      },
      "geometry": {
        "type": "Polygon",
        "coordinates": [
          [
            [
              101.7088963,
              3.1474096
            ],
            [
              101.7089442,
              3.1473838
            ],
            [
              101.709027,
              3.1475374
            ],
            [
              101.708979,
              3.1475631
            ],
            [
              101.7088963,
              3.1474096
            ]
          ]
        ]
      },
      "id": "way/1544379750"
    },
    {
      "type": "Feature",
      "properties": {
        "@id": "way/1544395729",
        "building": "roof",
        "layer": "1"
      },
      "geometry": {
        "type": "Polygon",
        "coordinates": [
          [
            [
              101.7088165,
              3.1481414
            ],
            [
              101.7088808,
              3.1483021
            ],
            [
              101.7089321,
              3.1482804
            ],
            [
              101.7089524,
              3.1483293
            ],
            [
              101.7088851,
              3.1483578
            ],
            [
              101.708826,
              3.1483203
            ],
            [
              101.708763,
              3.1481683
            ],
            [
              101.7088165,
              3.1481414
            ]
          ]
        ]
      },
      "id": "way/1544395729"
    },
    {
      "type": "Feature",
      "properties": {
        "@id": "way/1544395730",
        "addr:housenumber": "48",
        "addr:street": "Jalan Berangan",
        "building": "yes"
      },
      "geometry": {
        "type": "Polygon",
        "coordinates": [
          [
            [
              101.7089865,
              3.1477854
            ],
            [
              101.7090347,
              3.1477576
            ],
            [
              101.7091217,
              3.1479081
            ],
            [
              101.7090735,
              3.1479359
            ],
            [
              101.7089865,
              3.1477854
            ]
          ]
        ]
      },
      "id": "way/1544395730"
    },
    {
      "type": "Feature",
      "properties": {
        "@id": "way/1544395731",
        "addr:housenumber": "46",
        "addr:street": "Jalan Berangan",
        "building": "yes"
      },
      "geometry": {
        "type": "Polygon",
        "coordinates": [
          [
            [
              101.7089384,
              3.1478132
            ],
            [
              101.7089865,
              3.1477854
            ],
            [
              101.7090735,
              3.1479359
            ],
            [
              101.7090253,
              3.1479637
            ],
            [
              101.7089384,
              3.1478132
            ]
          ]
        ]
      },
      "id": "way/1544395731"
    },
    {
      "type": "Feature",
      "properties": {
        "@id": "way/1544395732",
        "addr:housenumber": "44",
        "addr:street": "Jalan Berangan",
        "building": "yes"
      },
      "geometry": {
        "type": "Polygon",
        "coordinates": [
          [
            [
              101.7088902,
              3.1478409
            ],
            [
              101.7089384,
              3.1478132
            ],
            [
              101.7090253,
              3.1479637
            ],
            [
              101.7089772,
              3.1479914
            ],
            [
              101.7088902,
              3.1478409
            ]
          ]
        ]
      },
      "id": "way/1544395732"
    },
    {
      "type": "Feature",
      "properties": {
        "@id": "way/1544395733",
        "addr:housenumber": "42",
        "addr:street": "Jalan Berangan",
        "building": "yes"
      },
      "geometry": {
        "type": "Polygon",
        "coordinates": [
          [
            [
              101.708842,
              3.1478687
            ],
            [
              101.7088902,
              3.1478409
            ],
            [
              101.7089772,
              3.1479914
            ],
            [
              101.708929,
              3.1480192
            ],
            [
              101.708842,
              3.1478687
            ]
          ]
        ]
      },
      "id": "way/1544395733"
    },
    {
      "type": "Feature",
      "properties": {
        "@id": "way/1544395734",
        "addr:housenumber": "40",
        "addr:street": "Jalan Berangan",
        "building": "yes"
      },
      "geometry": {
        "type": "Polygon",
        "coordinates": [
          [
            [
              101.7087938,
              3.1478965
            ],
            [
              101.708842,
              3.1478687
            ],
            [
              101.708929,
              3.1480192
            ],
            [
              101.7088808,
              3.148047
            ],
            [
              101.7087938,
              3.1478965
            ]
          ]
        ]
      },
      "id": "way/1544395734"
    },
    {
      "type": "Feature",
      "properties": {
        "@id": "way/1544395739",
        "addr:housenumber": "2",
        "addr:street": "Jalan Bedara",
        "building": "yes",
        "building:levels": "4"
      },
      "geometry": {
        "type": "Polygon",
        "coordinates": [
          [
            [
              101.7091663,
              3.1477653
            ],
            [
              101.7091347,
              3.147713
            ],
            [
              101.7092857,
              3.1476219
            ],
            [
              101.7093173,
              3.1476741
            ],
            [
              101.7091663,
              3.1477653
            ]
          ]
        ]
      },
      "id": "way/1544395739"
    },
    {
      "type": "Feature",
      "properties": {
        "@id": "way/1545111661",
        "building": "construction"
      },
      "geometry": {
        "type": "Polygon",
        "coordinates": [
          [
            [
              101.7086477,
              3.1420119
            ],
            [
              101.7088566,
              3.1417401
            ],
            [
              101.7093124,
              3.1420894
            ],
            [
              101.7091035,
              3.1423612
            ],
            [
              101.7086477,
              3.1420119
            ]
          ]
        ]
      },
      "id": "way/1545111661"
    },
    {
      "type": "Feature",
      "properties": {
        "@id": "way/1546054076",
        "addr:housenumber": "14",
        "addr:street": "Jalan Angsoka",
        "building": "yes"
      },
      "geometry": {
        "type": "Polygon",
        "coordinates": [
          [
            [
              101.708865,
              3.1481158
            ],
            [
              101.7089321,
              3.1482804
            ],
            [
              101.7088808,
              3.1483021
            ],
            [
              101.7088165,
              3.1481414
            ],
            [
              101.708865,
              3.1481158
            ]
          ]
        ]
      },
      "id": "way/1546054076"
    },
    {
      "type": "Feature",
      "properties": {
        "@id": "way/1546054077",
        "addr:housenumber": "12",
        "addr:street": "Jalan Angsoka",
        "building": "yes"
      },
      "geometry": {
        "type": "Polygon",
        "coordinates": [
          [
            [
              101.7089136,
              3.1480903
            ],
            [
              101.7089835,
              3.1482586
            ],
            [
              101.7089321,
              3.1482804
            ],
            [
              101.708865,
              3.1481158
            ],
            [
              101.7089136,
              3.1480903
            ]
          ]
        ]
      },
      "id": "way/1546054077"
    },
    {
      "type": "Feature",
      "properties": {
        "@id": "way/1546054078",
        "addr:housenumber": "10",
        "addr:street": "Jalan Angsoka",
        "building": "yes"
      },
      "geometry": {
        "type": "Polygon",
        "coordinates": [
          [
            [
              101.7089621,
              3.1480648
            ],
            [
              101.7090348,
              3.1482369
            ],
            [
              101.7089835,
              3.1482586
            ],
            [
              101.7089136,
              3.1480903
            ],
            [
              101.7089621,
              3.1480648
            ]
          ]
        ]
      },
      "id": "way/1546054078"
    },
    {
      "type": "Feature",
      "properties": {
        "@id": "way/1546054079",
        "addr:housenumber": "8",
        "addr:street": "Jalan Angsoka",
        "building": "yes"
      },
      "geometry": {
        "type": "Polygon",
        "coordinates": [
          [
            [
              101.7090107,
              3.1480392
            ],
            [
              101.7090861,
              3.1482152
            ],
            [
              101.7090348,
              3.1482369
            ],
            [
              101.7089621,
              3.1480648
            ],
            [
              101.7090107,
              3.1480392
            ]
          ]
        ]
      },
      "id": "way/1546054079"
    },
    {
      "type": "Feature",
      "properties": {
        "@id": "way/1546054080",
        "addr:housenumber": "6",
        "addr:street": "Jalan Angsoka",
        "building": "yes"
      },
      "geometry": {
        "type": "Polygon",
        "coordinates": [
          [
            [
              101.7090592,
              3.1480137
            ],
            [
              101.7091375,
              3.1481935
            ],
            [
              101.7090861,
              3.1482152
            ],
            [
              101.7090107,
              3.1480392
            ],
            [
              101.7090592,
              3.1480137
            ]
          ]
        ]
      },
      "id": "way/1546054080"
    },
    {
      "type": "Feature",
      "properties": {
        "@id": "way/1546054081",
        "addr:housenumber": "4",
        "addr:street": "Jalan Angsoka",
        "building": "yes"
      },
      "geometry": {
        "type": "Polygon",
        "coordinates": [
          [
            [
              101.7091078,
              3.1479881
            ],
            [
              101.7091888,
              3.1481718
            ],
            [
              101.7091375,
              3.1481935
            ],
            [
              101.7090592,
              3.1480137
            ],
            [
              101.7091078,
              3.1479881
            ]
          ]
        ]
      },
      "id": "way/1546054081"
    },
    {
      "type": "Feature",
      "properties": {
        "@id": "way/1546059418",
        "building": "roof",
        "layer": "1"
      },
      "geometry": {
        "type": "Polygon",
        "coordinates": [
          [
            [
              101.7094536,
              3.1475112
            ],
            [
              101.7094399,
              3.1474886
            ],
            [
              101.7094609,
              3.1474758
            ],
            [
              101.7094494,
              3.1474569
            ],
            [
              101.7095816,
              3.1473765
            ],
            [
              101.7096069,
              3.1474181
            ],
            [
              101.7094536,
              3.1475112
            ]
          ]
        ]
      },
      "id": "way/1546059418"
    },
    {
      "type": "Feature",
      "properties": {
        "@id": "way/1546059419",
        "addr:housenumber": "19",
        "addr:street": "Jalan Bedara",
        "building": "yes"
      },
      "geometry": {
        "type": "Polygon",
        "coordinates": [
          [
            [
              101.7097279,
              3.1479612
            ],
            [
              101.7098812,
              3.1478681
            ],
            [
              101.7099116,
              3.1479182
            ],
            [
              101.7097584,
              3.1480113
            ],
            [
              101.7097279,
              3.1479612
            ]
          ]
        ]
      },
      "id": "way/1546059419"
    },
    {
      "type": "Feature",
      "properties": {
        "@id": "way/1546059420",
        "addr:housenumber": "17",
        "addr:street": "Jalan Bedara",
        "building": "yes"
      },
      "geometry": {
        "type": "Polygon",
        "coordinates": [
          [
            [
              101.7096974,
              3.1479112
            ],
            [
              101.7098507,
              3.1478181
            ],
            [
              101.7098812,
              3.1478681
            ],
            [
              101.7097279,
              3.1479612
            ],
            [
              101.7096974,
              3.1479112
            ]
          ]
        ]
      },
      "id": "way/1546059420"
    },
    {
      "type": "Feature",
      "properties": {
        "@id": "way/1546059421",
        "addr:housenumber": "15",
        "addr:street": "Jalan Bedara",
        "building": "yes"
      },
      "geometry": {
        "type": "Polygon",
        "coordinates": [
          [
            [
              101.709667,
              3.1478612
            ],
            [
              101.7098202,
              3.1477681
            ],
            [
              101.7098507,
              3.1478181
            ],
            [
              101.7096974,
              3.1479112
            ],
            [
              101.709667,
              3.1478612
            ]
          ]
        ]
      },
      "id": "way/1546059421"
    },
    {
      "type": "Feature",
      "properties": {
        "@id": "way/1546059422",
        "addr:housenumber": "13",
        "addr:street": "Jalan Bedara",
        "building": "yes"
      },
      "geometry": {
        "type": "Polygon",
        "coordinates": [
          [
            [
              101.7096365,
              3.1478112
            ],
            [
              101.7097897,
              3.1477181
            ],
            [
              101.7098202,
              3.1477681
            ],
            [
              101.709667,
              3.1478612
            ],
            [
              101.7096365,
              3.1478112
            ]
          ]
        ]
      },
      "id": "way/1546059422"
    },
    {
      "type": "Feature",
      "properties": {
        "@id": "way/1546059423",
        "addr:housenumber": "11",
        "addr:street": "Jalan Bedara",
        "building": "yes"
      },
      "geometry": {
        "type": "Polygon",
        "coordinates": [
          [
            [
              101.709606,
              3.1477612
            ],
            [
              101.7097593,
              3.1476681
            ],
            [
              101.7097897,
              3.1477181
            ],
            [
              101.7096365,
              3.1478112
            ],
            [
              101.709606,
              3.1477612
            ]
          ]
        ]
      },
      "id": "way/1546059423"
    },
    {
      "type": "Feature",
      "properties": {
        "@id": "way/1546059424",
        "addr:housenumber": "9",
        "addr:street": "Jalan Bedara",
        "building": "yes"
      },
      "geometry": {
        "type": "Polygon",
        "coordinates": [
          [
            [
              101.7095755,
              3.1477112
            ],
            [
              101.7097288,
              3.1476181
            ],
            [
              101.7097593,
              3.1476681
            ],
            [
              101.709606,
              3.1477612
            ],
            [
              101.7095755,
              3.1477112
            ]
          ]
        ]
      },
      "id": "way/1546059424"
    },
    {
      "type": "Feature",
      "properties": {
        "@id": "way/1546059425",
        "addr:housenumber": "7",
        "addr:street": "Jalan Bedara",
        "building": "yes"
      },
      "geometry": {
        "type": "Polygon",
        "coordinates": [
          [
            [
              101.7095451,
              3.1476612
            ],
            [
              101.7096983,
              3.1475681
            ],
            [
              101.7097288,
              3.1476181
            ],
            [
              101.7095755,
              3.1477112
            ],
            [
              101.7095451,
              3.1476612
            ]
          ]
        ]
      },
      "id": "way/1546059425"
    },
    {
      "type": "Feature",
      "properties": {
        "@id": "way/1546059426",
        "addr:housenumber": "5",
        "addr:street": "Jalan Bedara",
        "building": "yes"
      },
      "geometry": {
        "type": "Polygon",
        "coordinates": [
          [
            [
              101.7095146,
              3.1476112
            ],
            [
              101.7096678,
              3.1475181
            ],
            [
              101.7096983,
              3.1475681
            ],
            [
              101.7095451,
              3.1476612
            ],
            [
              101.7095146,
              3.1476112
            ]
          ]
        ]
      },
      "id": "way/1546059426"
    },
    {
      "type": "Feature",
      "properties": {
        "@id": "way/1546059427",
        "addr:housenumber": "3",
        "addr:street": "Jalan Bedara",
        "building": "yes"
      },
      "geometry": {
        "type": "Polygon",
        "coordinates": [
          [
            [
              101.7094841,
              3.1475612
            ],
            [
              101.7096374,
              3.1474681
            ],
            [
              101.7096678,
              3.1475181
            ],
            [
              101.7095146,
              3.1476112
            ],
            [
              101.7094841,
              3.1475612
            ]
          ]
        ]
      },
      "id": "way/1546059427"
    },
    {
      "type": "Feature",
      "properties": {
        "@id": "way/1546059428",
        "building": "shed"
      },
      "geometry": {
        "type": "Polygon",
        "coordinates": [
          [
            [
              101.709585,
              3.1480231
            ],
            [
              101.7095278,
              3.1479289
            ],
            [
              101.7095521,
              3.1479142
            ],
            [
              101.7096093,
              3.1480084
            ],
            [
              101.709585,
              3.1480231
            ]
          ]
        ]
      },
      "id": "way/1546059428"
    },
    {
      "type": "Feature",
      "properties": {
        "@id": "way/1546059429",
        "addr:housenumber": "16",
        "addr:street": "Jalan Bedara",
        "building": "yes",
        "building:levels": "4"
      },
      "geometry": {
        "type": "Polygon",
        "coordinates": [
          [
            [
              101.7094926,
              3.1479635
            ],
            [
              101.7095218,
              3.1480117
            ],
            [
              101.7093708,
              3.1481029
            ],
            [
              101.7093416,
              3.1480547
            ],
            [
              101.7094926,
              3.1479635
            ]
          ]
        ]
      },
      "id": "way/1546059429"
    },
    {
      "type": "Feature",
      "properties": {
        "@id": "way/1546059430",
        "addr:housenumber": "14",
        "addr:street": "Jalan Bedara",
        "building": "yes",
        "building:levels": "4"
      },
      "geometry": {
        "type": "Polygon",
        "coordinates": [
          [
            [
              101.7094633,
              3.1479153
            ],
            [
              101.7094926,
              3.1479635
            ],
            [
              101.7093416,
              3.1480547
            ],
            [
              101.7093124,
              3.1480064
            ],
            [
              101.7094633,
              3.1479153
            ]
          ]
        ]
      },
      "id": "way/1546059430"
    },
    {
      "type": "Feature",
      "properties": {
        "@id": "way/1546059431",
        "addr:housenumber": "12",
        "addr:street": "Jalan Bedara",
        "building": "yes",
        "building:levels": "4"
      },
      "geometry": {
        "type": "Polygon",
        "coordinates": [
          [
            [
              101.7094341,
              3.147867
            ],
            [
              101.7094633,
              3.1479153
            ],
            [
              101.7093124,
              3.1480064
            ],
            [
              101.7092832,
              3.1479582
            ],
            [
              101.7094341,
              3.147867
            ]
          ]
        ]
      },
      "id": "way/1546059431"
    },
    {
      "type": "Feature",
      "properties": {
        "@id": "way/1546059432",
        "addr:housenumber": "10",
        "addr:street": "Jalan Bedara",
        "building": "yes",
        "building:levels": "4"
      },
      "geometry": {
        "type": "Polygon",
        "coordinates": [
          [
            [
              101.7094049,
              3.1478188
            ],
            [
              101.7094341,
              3.147867
            ],
            [
              101.7092832,
              3.1479582
            ],
            [
              101.7092539,
              3.14791
            ],
            [
              101.7094049,
              3.1478188
            ]
          ]
        ]
      },
      "id": "way/1546059432"
    },
    {
      "type": "Feature",
      "properties": {
        "@id": "way/1546059433",
        "addr:housenumber": "8",
        "addr:street": "Jalan Bedara",
        "building": "yes",
        "building:levels": "4"
      },
      "geometry": {
        "type": "Polygon",
        "coordinates": [
          [
            [
              101.7093757,
              3.1477706
            ],
            [
              101.7094049,
              3.1478188
            ],
            [
              101.7092539,
              3.14791
            ],
            [
              101.7092247,
              3.1478618
            ],
            [
              101.7093757,
              3.1477706
            ]
          ]
        ]
      },
      "id": "way/1546059433"
    },
    {
      "type": "Feature",
      "properties": {
        "@id": "way/1546059434",
        "addr:housenumber": "6",
        "addr:street": "Jalan Bedara",
        "building": "yes",
        "building:levels": "4"
      },
      "geometry": {
        "type": "Polygon",
        "coordinates": [
          [
            [
              101.7093465,
              3.1477223
            ],
            [
              101.7093757,
              3.1477706
            ],
            [
              101.7092247,
              3.1478618
            ],
            [
              101.7091955,
              3.1478135
            ],
            [
              101.7093465,
              3.1477223
            ]
          ]
        ]
      },
      "id": "way/1546059434"
    },
    {
      "type": "Feature",
      "properties": {
        "@id": "way/1546068657",
        "addr:housenumber": "35",
        "addr:street": "Jalan Bedara",
        "building": "yes"
      },
      "geometry": {
        "type": "Polygon",
        "coordinates": [
          [
            [
              101.7101431,
              3.1482289
            ],
            [
              101.7101737,
              3.1482698
            ],
            [
              101.7100554,
              3.1483791
            ],
            [
              101.7100224,
              3.1483363
            ],
            [
              101.7101431,
              3.1482289
            ]
          ]
        ]
      },
      "id": "way/1546068657"
    },
    {
      "type": "Feature",
      "properties": {
        "@id": "way/1546068658",
        "addr:housenumber": "33",
        "addr:street": "Jalan Bedara",
        "building": "yes"
      },
      "geometry": {
        "type": "Polygon",
        "coordinates": [
          [
            [
              101.7101125,
              3.148188
            ],
            [
              101.7101431,
              3.1482289
            ],
            [
              101.7100224,
              3.1483363
            ],
            [
              101.7099894,
              3.1482935
            ],
            [
              101.7101125,
              3.148188
            ]
          ]
        ]
      },
      "id": "way/1546068658"
    },
    {
      "type": "Feature",
      "properties": {
        "@id": "way/1546068659",
        "addr:housenumber": "31",
        "addr:street": "Jalan Bedara",
        "building": "yes"
      },
      "geometry": {
        "type": "Polygon",
        "coordinates": [
          [
            [
              101.7100819,
              3.1481471
            ],
            [
              101.7101125,
              3.148188
            ],
            [
              101.7099894,
              3.1482935
            ],
            [
              101.7099565,
              3.1482508
            ],
            [
              101.7100819,
              3.1481471
            ]
          ]
        ]
      },
      "id": "way/1546068659"
    },
    {
      "type": "Feature",
      "properties": {
        "@id": "way/1546068660",
        "addr:housenumber": "29",
        "addr:street": "Jalan Bedara",
        "building": "yes"
      },
      "geometry": {
        "type": "Polygon",
        "coordinates": [
          [
            [
              101.7100512,
              3.1481061
            ],
            [
              101.7100819,
              3.1481471
            ],
            [
              101.7099565,
              3.1482508
            ],
            [
              101.7099235,
              3.148208
            ],
            [
              101.7100512,
              3.1481061
            ]
          ]
        ]
      },
      "id": "way/1546068660"
    },
    {
      "type": "Feature",
      "properties": {
        "@id": "way/1546068661",
        "addr:housenumber": "27",
        "addr:street": "Jalan Bedara",
        "building": "yes"
      },
      "geometry": {
        "type": "Polygon",
        "coordinates": [
          [
            [
              101.7100206,
              3.1480652
            ],
            [
              101.7100512,
              3.1481061
            ],
            [
              101.7099235,
              3.148208
            ],
            [
              101.7098905,
              3.1481653
            ],
            [
              101.7100206,
              3.1480652
            ]
          ]
        ]
      },
      "id": "way/1546068661"
    },
    {
      "type": "Feature",
      "properties": {
        "@id": "way/1546068662",
        "addr:housenumber": "25",
        "addr:street": "Jalan Bedara",
        "building": "yes"
      },
      "geometry": {
        "type": "Polygon",
        "coordinates": [
          [
            [
              101.70999,
              3.1480243
            ],
            [
              101.7100206,
              3.1480652
            ],
            [
              101.7098905,
              3.1481653
            ],
            [
              101.7098576,
              3.1481225
            ],
            [
              101.70999,
              3.1480243
            ]
          ]
        ]
      },
      "id": "way/1546068662"
    },
    {
      "type": "Feature",
      "properties": {
        "@id": "way/1546068663",
        "addr:housenumber": "23",
        "addr:street": "Jalan Bedara",
        "building": "yes"
      },
      "geometry": {
        "type": "Polygon",
        "coordinates": [
          [
            [
              101.7099594,
              3.1479834
            ],
            [
              101.70999,
              3.1480243
            ],
            [
              101.7098576,
              3.1481225
            ],
            [
              101.7098246,
              3.1480797
            ],
            [
              101.7099594,
              3.1479834
            ]
          ]
        ]
      },
      "id": "way/1546068663"
    },
    {
      "type": "Feature",
      "properties": {
        "@id": "way/1546068669",
        "addr:housenumber": "37",
        "addr:street": "Jalan Bedara",
        "building": "yes"
      },
      "geometry": {
        "type": "Polygon",
        "coordinates": [
          [
            [
              101.7101737,
              3.1482698
            ],
            [
              101.7102061,
              3.1482992
            ],
            [
              101.7101052,
              3.1484232
            ],
            [
              101.7100554,
              3.1483791
            ],
            [
              101.7101737,
              3.1482698
            ]
          ]
        ]
      },
      "id": "way/1546068669"
    },
    {
      "type": "Feature",
      "properties": {
        "@id": "way/1546068671",
        "building": "roof",
        "layer": "1"
      },
      "geometry": {
        "type": "Polygon",
        "coordinates": [
          [
            [
              101.7094843,
              3.1482693
            ],
            [
              101.7094537,
              3.1482299
            ],
            [
              101.7096005,
              3.1481315
            ],
            [
              101.7096466,
              3.1481835
            ],
            [
              101.7094843,
              3.1482693
            ]
          ]
        ]
      },
      "id": "way/1546068671"
    },
    {
      "type": "Feature",
      "properties": {
        "@id": "way/1546068675",
        "addr:housenumber": "22",
        "addr:street": "Jalan Bedara",
        "building": "yes"
      },
      "geometry": {
        "type": "Polygon",
        "coordinates": [
          [
            [
              101.7095724,
              3.1483821
            ],
            [
              101.7097181,
              3.1482655
            ],
            [
              101.7097528,
              3.1483088
            ],
            [
              101.7096071,
              3.1484253
            ],
            [
              101.7095724,
              3.1483821
            ]
          ]
        ]
      },
      "id": "way/1546068675"
    },
    {
      "type": "Feature",
      "properties": {
        "@id": "way/1546068676",
        "addr:housenumber": "20",
        "addr:street": "Jalan Bedara",
        "building": "yes"
      },
      "geometry": {
        "type": "Polygon",
        "coordinates": [
          [
            [
              101.7095377,
              3.1483388
            ],
            [
              101.7096834,
              3.1482223
            ],
            [
              101.7097181,
              3.1482655
            ],
            [
              101.7095724,
              3.1483821
            ],
            [
              101.7095377,
              3.1483388
            ]
          ]
        ]
      },
      "id": "way/1546068676"
    },
    {
      "type": "Feature",
      "properties": {
        "@id": "way/1546169349",
        "addr:housenumber": "16",
        "addr:street": "Jalan Beremi",
        "building": "yes"
      },
      "geometry": {
        "type": "Polygon",
        "coordinates": [
          [
            [
              101.7100821,
              3.1477317
            ],
            [
              101.7101145,
              3.1477824
            ],
            [
              101.7099725,
              3.1478729
            ],
            [
              101.7099401,
              3.1478223
            ],
            [
              101.7100821,
              3.1477317
            ]
          ]
        ]
      },
      "id": "way/1546169349"
    },
    {
      "type": "Feature",
      "properties": {
        "@id": "way/1546169350",
        "addr:housenumber": "14",
        "addr:street": "Jalan Beremi",
        "building": "yes"
      },
      "geometry": {
        "type": "Polygon",
        "coordinates": [
          [
            [
              101.7100498,
              3.1476811
            ],
            [
              101.7100821,
              3.1477317
            ],
            [
              101.7099401,
              3.1478223
            ],
            [
              101.7099077,
              3.1477716
            ],
            [
              101.7100498,
              3.1476811
            ]
          ]
        ]
      },
      "id": "way/1546169350"
    },
    {
      "type": "Feature",
      "properties": {
        "@id": "way/1546169351",
        "addr:housenumber": "12",
        "addr:street": "Jalan Beremi",
        "building": "yes"
      },
      "geometry": {
        "type": "Polygon",
        "coordinates": [
          [
            [
              101.7100174,
              3.1476304
            ],
            [
              101.7100498,
              3.1476811
            ],
            [
              101.7099077,
              3.1477716
            ],
            [
              101.7098754,
              3.147721
            ],
            [
              101.7100174,
              3.1476304
            ]
          ]
        ]
      },
      "id": "way/1546169351"
    },
    {
      "type": "Feature",
      "properties": {
        "@id": "way/1546169352",
        "addr:housenumber": "10",
        "addr:street": "Jalan Beremi",
        "building": "yes"
      },
      "geometry": {
        "type": "Polygon",
        "coordinates": [
          [
            [
              101.709985,
              3.1475798
            ],
            [
              101.7100174,
              3.1476304
            ],
            [
              101.7098754,
              3.147721
            ],
            [
              101.709843,
              3.1476703
            ],
            [
              101.709985,
              3.1475798
            ]
          ]
        ]
      },
      "id": "way/1546169352"
    },
    {
      "type": "Feature",
      "properties": {
        "@id": "way/1546169353",
        "addr:housenumber": "8",
        "addr:street": "Jalan Beremi",
        "building": "yes"
      },
      "geometry": {
        "type": "Polygon",
        "coordinates": [
          [
            [
              101.7099526,
              3.1475291
            ],
            [
              101.709985,
              3.1475798
            ],
            [
              101.709843,
              3.1476703
            ],
            [
              101.7098106,
              3.1476197
            ],
            [
              101.7099526,
              3.1475291
            ]
          ]
        ]
      },
      "id": "way/1546169353"
    },
    {
      "type": "Feature",
      "properties": {
        "@id": "way/1546169354",
        "addr:housenumber": "4",
        "addr:street": "Jalan Beremi",
        "building": "yes"
      },
      "geometry": {
        "type": "Polygon",
        "coordinates": [
          [
            [
              101.7099203,
              3.1474785
            ],
            [
              101.7097782,
              3.147569
            ],
            [
              101.7097336,
              3.1475011
            ],
            [
              101.7098969,
              3.1474473
            ],
            [
              101.7099203,
              3.1474785
            ]
          ]
        ]
      },
      "id": "way/1546169354"
    },
    {
      "type": "Feature",
      "properties": {
        "@id": "way/1546223677",
        "building": "yes",
        "building:levels": "26",
        "height": "85",
        "layer": "1",
        "name": "1"
      },
      "geometry": {
        "type": "Polygon",
        "coordinates": [
          [
            [
              101.707771,
              3.1486585
            ],
            [
              101.7077399,
              3.1486033
            ],
            [
              101.7077194,
              3.1486131
            ],
            [
              101.7076924,
              3.1485774
            ],
            [
              101.7076764,
              3.1485832
            ],
            [
              101.7076219,
              3.1485398
            ],
            [
              101.7075821,
              3.1484527
            ],
            [
              101.70802,
              3.1482219
            ],
            [
              101.7081546,
              3.1484984
            ],
            [
              101.707771,
              3.1486585
            ]
          ]
        ]
      },
      "id": "way/1546223677"
    }
  ]
}